item,Description,Width,cost,chop,group,
36722,35x21x30 Chagall Blue,21,$24.31,$39.35,Wood,
36723,35x21x30 Chagall Tan,21,$24.31,$39.35,Wood,
36724,35x21x30 Chagall Light Grey,21,$24.31,$39.35,Wood,
36726,35x21x30 Chagall Red,21,$24.31,$39.35,Wood,
36727,35x21x30 Chagall Green,21,$24.31,$39.35,Wood,
36728,35x21x30 Chagall Blue Grey,21,$24.31,$39.35,Wood,
36729,35x21x30 Chagall White,21,$24.31,$39.35,Wood,
44271,20x65x12 442-71 Ivory,65,$5.64,,Wood,
44272,20x65x12  442-72 Luta Moulding,65,$5.40,,Wood,
67003,32x50x12 670-03 Gold Antique Imprezzio,50,$26.06,$42.17,Wood,
80914,38x19x28 Microtech Veneer Nordic Oak,19,$14.64,$24.38,Wood,
80915,38x19x28 Microtech Veneer Light Grey,19,$15.06,$24.38,Wood,
80916,38x19x28 Microtech Veneer Charcoal,19,$14.64,$24.38,Wood,
80917,38x19x28 Microtech Veneer Light Walnut,19,$15.06,$24.38,Wood,
80918,38x19x28 Microtech Veneer Mocha,19,$15.06,$24.38,Wood,
80919,21x31x16 Microtech Veneer Nordic Oak,31,$15.80,$26.32,Wood,
80920,21x31x16 Microtech Veneer Light Grey,31,$16.25,$26.32,Wood,
80921,21x31x16 Microtech Veneer Charcoal,31,$16.25,$26.32,Wood,
80922,21x31x16 Microtech Veneer Light Walnut,31,$16.25,$26.32,Wood,
80923,21x31x16 Microtech Veneer Mocha,31,$16.25,$26.32,Wood,
80924,38x28x28 Microtech Veneer Nordic Oak,28,$17.64,$29.37,Wood,
80925,38x28x28 Microtech Veneer Light Grey,28,$18.14,$29.37,Wood,
80926,38x28x28 Microtech Veneer Charcoal,28,$18.14,$29.37,Wood,
80927,38x28x28 Microtech Veneer Light Walnut,28,$18.14,$29.37,Wood,
80928,38x28x28 Microtech Veneer Mocha,28,$18.14,$29.37,Wood,
165001,31x16x27 1650-01 Black Open Grain,16,$6.77,$10.95,Wood,
200285,17x17x11 Matt Black Tribeca,17,$9.70,$16.49,Wood,
212285,22x22x16 Matt Black Tribeca,22,$9.70,$16.49,Wood,
230285,18x22x12 Matt Black Tribeca,18,$11.17,$18.98,Wood,
230286,18x22x12 Matt White Tribeca,18,$11.17,$18.98,Wood,
350285,22x37x16 Matt Black Tribeca,22,$15.19,$25.81,Wood,
350286,22x37x16 Matt White Tribeca,22,$15.19,$25.82,Wood,
370285,21x40x15 Matt Black Tribeca,21,$16.66,$28.31,Wood,
390285,23x41x17 Matt Black Tribeca,23,$17.93,$30.48,Wood,
390286,23x41x17 Matt White Tribeca,23,$17.93,$30.48,Wood,
542285,29x52x13 Matt Black Tribeca,29,$22.59,$38.40,Wood,
552285,29x63x14 Matt Black Tribeca,29,$26.86,$45.66,Wood,
555722,15x15x10 Chagall Blue,15,$10.99,$17.78,Wood,
555723,15x15x10 Chagall Tan,15,$10.99,$17.78,Wood,
555724,15x15x10 Chagall Light Grey,15,$10.99,$17.78,Wood,
555726,15x15x10 Chagall Red,15,$10.99,$17.78,Wood,
555727,15x15x10 Chagall Green,15,$10.99,$17.78,Wood,
555728,15x15x10 Chagall Blue Grey,15,$10.99,$17.78,Wood,
555729,15x15x10 Chagall White,15,$10.99,$17.78,Wood,
600648,30x40x17 6006-48 Matrix Black Gloss,40,$42.19,$75.10,Wood,
600649,30x40x17 6006-49 Matrix White Gloss,40,$46.40,$75.10,Wood,
956205,25x35x14 956-205 Silver,35,$5.00,$9.00,Wood,
2021202,20x25x10 2021-202 Silver Verde Fresco,25,$24.03,$40.26,Wood,
2021205,20x25x10 2021-205 Silver Fresco,25,$24.03,$40.26,Wood,
3089086,H41xW89xR20 Wash White Valencia,89,$78.25,$133.00,Wood,
3089602,H41xW89xR20 Champagne Valencia,89,$78.25,$133.00,Wood,
3089650,H41xW89xR20 Silver Valencia,89,$78.25,$133.00,Wood,
3089702,H41xW89xR20 Antique Gold Valencia,89,$78.25,$133.00,Wood,
5474605,H31xW43xR7 Silver Alhambra,43,$29.45,$50.07,Wood,
5474607,H31xW43xR7 Champagne Alhambra,43,$29.45,$50.07,Wood,
5474705,H31xW43xR7 Gold Alhambra,43,$29.45,$50.07,Wood,
5474874,H31xW43xR7 Black Alhambra,43,$29.45,$50.07,Wood,
5474884,H31xW43xR7 Ivory Alhambra,43,$29.45,$50.07,Wood,
5478605,H56xW85xR16 Silver Alhambra,86,$73.75,$125.36,Wood,
5478607,H56xW85xR16 Champagne Alhambra,86,$73.75,$125.36,Wood,
5478705,H56xW85xR16 Gold Alhambra,86,$73.75,$125.36,Wood,
5478874,H56xW85xR16 Black Alhambra,86,$73.75,$125.36,Wood,
5478884,H56xW85xR16 Ivory Alhambra,86,$73.75,$125.36,Wood,
5899380,H43xW99xR20 Marbella Ivory,99,$72.22,$122.76,Wood,
5899570,H43xW99xR20 Marbella Black,99,$72.22,$122.76,Wood,
5899602,H43xW99xR20 Marbella Champagne,99,$72.22,$122.76,Wood,
5899650,H43xW99xR20 Marbella Silver,99,$72.22,$122.76,Wood,
5899702,H43xW99xR20 Marbella Gold,99,$72.22,$122.76,Wood,
10623501,15x23x10 106-23-501 Black,23,$6.44,$10.01,Wood,
11830301,20x30x15 118-30-301 Black Open Grain,30,$11.41,$18.46,Wood,
11840301,20x40x15 118-40-301 Black Open Grain,40,$12.97,$21.73,Wood,
65040003,650-40-003 White Moulding,23,$5.40,$9.92,Wood,
90108370,21x102x15 Daintree Bunya Veneer,100,$4.00,$22.52,Wood,
90108403,21x102x15 Daintree Blond Veneer,100,$4.00,$22.52,Wood,
90108453,21x102x15 Daintree Graphite Veneer,100,$4.32,$22.52,Wood,
217170471,17x17x12 Black Andover,17,$9.37,$15.92,Wood,
217170476,17x17x12 Aged Bronze Andover,17,$9.37,$15.92,Wood,
217170653,17x17x12 Silver Andover,17,$9.37,$15.92,Wood,
217170673,17x17x12 Champagne Andover,17,$9.37,$15.92,Wood,
217170753,17x17x12 Gold Andover,17,$9.37,$15.92,Wood,
217170759,17x17x12 Aged Gold Andover,17,$9.37,$15.92,Wood,
217170773,17x17x12 Bronze Andover,17,$9.37,$15.92,Wood,
232170471,22x23x18 Black Andover,22,$11.54,$19.61,Wood,
232170476,22x23x18 Aged Bronze Andover,22,$11.54,$19.61,Wood,
232170653,22x23x18 Silver Andover,22,$11.54,$19.61,Wood,
232170673,22x23x18 Champagne Andover,22,$11.54,$19.61,Wood,
232170753,22x23x18 Gold Andover,22,$11.54,$19.61,Wood,
232170759,22x23x18 Aged Gold Andover,22,$11.54,$19.61,Wood,
232170773,22x23x18 Bronze Andover,22,$11.54,$19.61,Wood,
233170471,30x30x24 Black Andover,30,$17.12,$29.11,Wood,
233170476,30x30x24 Aged Bronze Andover,30,$17.12,$29.11,Wood,
233170653,30x30x24 Silver Andover,30,$17.12,$29.11,Wood,
233170673,30x30x24 Champagne Andover,30,$17.12,$29.11,Wood,
233170753,30x30x24 Gold Andover,30,$17.12,$29.11,Wood,
233170759,30x30x24 Aged Gold Andover,30,$17.12,$29.11,Wood,
233170773,30x30x24 Bronze Andover,30,$17.12,$29.11,Wood,
1064CEM,30x15x10 Urban Cement,15,$4.14,$19.81,Wood,
1064CON,30x15x10 Urban Concrete,15,$4.47,$19.81,Wood,
1066CEM,38x20x33 Urban Cement,20,$5.30,$24.89,Wood,
1067CEM,48x25x41 Urban Cement,25,$7.21,$33.96,Wood,
1067CON,48x25x41 Urban Concrete,25,$7.79,$33.96,Wood,
1068CEM,55x45 Urban Cement Float,45,$10.32,$48.38,Wood,
1068CON,55x45 Urban Concrete Float,45,$11.85,$48.38,Wood,
1076CHAR,31x25x11 1076 Charcoal,25,$14.73,$23.84,Wood,
1076WH,31x25x11 1076 White,25,$14.73,$23.84,Wood,
1082QDQ,20x20x14 1082 QDQ Oak Stockholm,20,$12.82,$21.35,Wood,
1082QPV,20x20x14 1082 QPV Beech Stockholm,20,$13.19,$21.35,Wood,
1084BLM,19x15x15 1084 Black Matt,15,$9.45,$15.75,Wood,
1084DW,19x15x15 1084 Dark Walnut,15,$10.27,$16.63,Wood,
1084G,19x15x15 1084 Gold Foil,15,$10.27,$16.63,Wood,
1084S,19x15x15 1084 Silver Foil,15,$10.27,$16.63,Wood,
1084WH,19x15x15 1084 Matt White,15,$9.99,$16.63,Wood,
11019DLAG,38x20x33 110-19-DLAG Silver,20,$13.56,$22.71,Wood,
1109BLM,27x20x11 1109 Black Matt,20,$13.65,$22.71,Wood,
1109SWH,27x20x11 1109 Solid White,20,$13.65,$22.71,Wood,
1121CHB,32x37x16 Wedgewood Antique Champagne,37,$16.72,$27.08,Wood,
1121G,32x37x16 Wedgewood Antique Gold,37,$16.72,$27.08,Wood,
1121SB,32x37x16 Wedgewood Silver/Black,37,$16.72,$27.08,Wood,
1121WS,32x37x16 Wedgewood White/Silver,37,$16.72,$27.08,Wood,
117G,26x31x9 117 Gold Leaf,31,$17.65,$28.58,Wood,
117S,26x31x9 117 Silver Leaf,31,$17.65,$28.58,Wood,
11830DLAG,20x30x15 118-30-DLAG Silver,30,$12.20,$19.75,Wood,
11840DLAG,20x40x15 118-40-DLAG Silver,40,$14.73,$23.84,Wood,
1192MBK,40x20x34 1192 MBK Matt Black MicroGesso,20,$11.21,$25.81,Wood,
1192MWH,40x20x34 1192 MWH Matt White MicroGesso,20,$11.21,$25.81,Wood,
1192QDQ,40x20x34 1192 QDQ Oak Stockholm,20,$17.82,$29.67,Wood,
1192QPV,40x20x34 1192 QPV Beech Stockholm,20,$18.33,$29.67,Wood,
1192W,40x20x34 1192 W White,20,$16.53,$26.77,Wood,
120BLK,16x15x8 120 Black/Gold Edge,15,$10.27,$16.63,Wood,
120BS,16x15x8 120 Black/Silver Edge,15,$10.27,$16.63,Wood,
1260WAL,25x30x16 Pezzato Walnut,30,$6.18,$29.65,Wood,
1261CHES,30x40x22 Pezzato Chestnut,40,$8.18,$39.44,Wood,
1261CO,30x40x22 Pezzato Chestnut/Oak,40,$8.82,$39.44,Wood,
1261OAK,30x40x22 Pezzato Oak,40,$9.34,$39.44,Wood,
1261OM,30x40x22 Pezzato Oak/Maple,40,$8.18,$39.44,Wood,
1261WAL,30x40x22 Pezzato Walnut,40,$8.18,$39.44,Wood,
1261WC,30x40x22 Pezzato Walnut/Chestnut,40,$8.18,$39.44,Wood,
126MTG,18x20x11 126 Mahogany/Gold Edge,20,$12.66,$20.49,Wood,
126YTG,18x20x11 126 Teak/Gold Edge,20,$12.66,$20.49,Wood,
127G,22x52x6 127 Gold Leaf,52,$19.98,$32.34,Wood,
127S,22x52x6 127 Silver Leaf,52,$19.98,$32.34,Wood,
128G,32x72x12 128 Gold Leaf,72,$30.15,$48.81,Wood,
1291QDQ,48x14x43 1291 QDQ Oak Stockholm,14,$19.96,$32.31,Wood,
1291QPV,48x14x43 1291 QPV Beech Stockholm,14,$19.29,$32.31,Wood,
1314BLM,20x40x15 Boden Black Matt,40,$12.33,$19.94,Wood,
1314BW,20x40x15 Boden Blackwood,40,$12.33,$19.94,Wood,
1314CN,20x40x15 Boden Cinnamon,40,$12.33,$19.94,Wood,
1314HN,20x40x15 Boden Hazelnut,40,$12.33,$19.94,Wood,
1314PECAN,20x40x15 Boden Pecan,40,$12.33,$19.94,Wood,
1314WH,20x40x15 Boden Matt White,40,$12.33,$19.94,Wood,
1316BLM,45x25x19 Boden Black Matt,25,$16.76,$27.13,Wood,
1316BW,45x25x19 Boden Blackwood,25,$16.76,$27.13,Wood,
1316CN,45x25x19 Boden Cinnamon,25,$16.76,$27.13,Wood,
1316HN,45x25x19 Boden Hazelnut,25,$16.76,$27.13,Wood,
1316PECAN,45x25x19 Boden Pecan,25,$16.76,$27.13,Wood,
1316WH,45x25x19 Boden Matt White,25,$16.76,$27.13,Wood,
1318BLM,60x25x15 Boden Black Matt,25,$20.11,$32.55,Wood,
1318BW,60x25x15 Boden Blackwood,25,$20.11,$32.55,Wood,
1318CN,60x25x15 Boden Cinnamon,25,$20.11,$32.55,Wood,
1318HN,60x25x15 Boden Hazelnut,25,$20.11,$32.55,Wood,
1318PECAN,60x25x15 Boden Pecan,25,$20.11,$32.55,Wood,
1318WH,60x25x15 Boden Matt White,25,$20.11,$32.55,Wood,
1333BG,24x30x12  Skyline Black / Gold edge,30,$15.33,$25.66,Wood,
1333BS,24x30x12  Skyline Black / silver edge,30,$15.33,$25.66,Wood,
1333WG,24x30x12  Skyline White / Gold edge,30,$15.33,$25.66,Wood,
1333WS,24x30x12  Skyline White / silver edge,30,$15.33,$25.66,Wood,
1333WZ,24x30x12  Skyline White / Copper edge,30,$4.48,$21.15,Wood,
1334WG,34x45x15  Skyline White / Gold edge,0,$6.75,$34.58,Wood,
1334WZ,34x45x15  Skyline White / Copper edge,45,$6.86,$34.58,Wood,
133WH,33x40x26 133 Matt White,40,$18.06,$29.24,Wood,
1523BLK,20x65x10 Black,65,$21.54,$34.85,Wood,
1523MAH,20x65x10 Mahogany,65,$21.54,$34.85,Wood,
1523MC,20x65x10 Mocha,65,$21.54,$34.85,Wood,
1523WN,20x65x10 Walnut,65,$21.54,$34.85,Wood,
1523WW,20x65x10 White Wash,65,$21.54,$34.85,Wood,
1889BKF,16x20x9 1889 BKF Black Bardon,20,$12.90,$20.88,Wood,
1889MAF,16x20x9 1889 MAF Walnut Bardon,20,$12.90,$20.88,Wood,
1901BEECH,20x20x14 Natural Beech,20,$9.67,$16.11,Wood,
1901BLK,20x20x14 Black Ash,20,$11.25,$18.74,Wood,
1901GRY,20x20x14 Grey Ash,20,$11.57,$18.74,Wood,
1901NAT,20x20x14 Natural White Ash,20,$10.06,$16.76,Wood,
1901TP,20x20x14 Taupe Ash,20,$11.57,$18.74,Wood,
1901WN,20x20x14 Walnut Ash,20,$11.25,$18.74,Wood,
1901WW,20x20x14 White Wash Ash,20,$11.57,$18.74,Wood,
1902BEECH,30x15x23 Natural Beech,30,$9.86,$15.96,Wood,
1902BLK,15x30x23 Black Ash,15,$11.76,$19.57,Wood,
1902GRY,15x30x23 Grey Ash,15,$12.09,$19.57,Wood,
1902NAT,15x30x23 Natural White Ash,15,$10.56,$17.59,Wood,
1902TP,15x30x23 Taupe Ash,15,$12.09,$19.57,Wood,
1902WN,15x30x23 Walnut Ash,15,$12.09,$19.57,Wood,
1902WW,15x30x23 White Wash Ash,15,$12.09,$19.57,Wood,
1903BLK,20x30x14 Black Ash,30,$13.92,$23.18,Wood,
1903GRY,20x30x14 Grey Ash,30,$14.32,$23.18,Wood,
1903NAT,20x30x14 Natural White Ash,30,$12.74,$21.21,Wood,
1903TP,20x30x14 Taupe Ash,30,$14.32,$23.18,Wood,
1903WN,20x30x14 Walnut Ash,30,$14.32,$23.18,Wood,
1903WW,20x30x14 White Wash Ash,30,$14.32,$23.18,Wood,
1904BLK,20x38x15 Black Ash,20,$17.67,$28.62,Wood,
1904GRY,20x38x15 Grey Ash,20,$17.67,$28.62,Wood,
1904NAT,20x38x15 Natural White Ash,20,$16.45,$26.64,Wood,
1904TP,20x38x15 Taupe Ash,20,$17.67,$28.62,Wood,
1904WN,20x38x15 Walnut Ash,20,$17.67,$28.62,Wood,
1904WW,20x38x15 White Wash Ash,20,$17.67,$28.62,Wood,
1905NAT,40x22x17 Natural White Ash,40,$17.97,$29.09,Wood,
1906NAT,45x30x38 Natural White Ash,30,$22.38,$36.23,Wood,
1907BLK,55x35 Black Ash Float,35,$21.95,$36.56,Wood,
1907GRY,55x35 Grey Ash Float,35,$22.58,$36.56,Wood,
1907NAT,55x35 Natural White Ash Float,35,$21.95,$36.56,Wood,
1907TP,55x35 Taupe Ash Float,35,$22.58,$36.56,Wood,
1907WN,55x35 Walnut Ash Float,35,$21.95,$36.56,Wood,
1907WW,55x35 White Wash Ash Float,35,$21.95,$36.56,Wood,
1908BEECH,55x35 Natural Beech Float,35,$24.39,$39.49,Wood,
1908CEDAR,55x35 Natural Cedar Float,35,$23.57,$39.49,Wood,
1909ASH,40x20x30 Natural White Ash,40,$19.90,$32.21,Wood,
1909BEECH,40x20x30 Natural Beech,40,$19.90,$32.21,Wood,
1910ASH,30x35x23 Natural White Ash,30,$20.42,$33.06,Wood,
1910BEECH,30x35x23 Natural Beech,30,$20.42,$33.06,Wood,
1911ASH,20x20x15 Natural White Ash,20,$9.95,$16.11,Wood,
1911BEECH,20x20x15 Natural Beech,20,$9.95,$16.11,Wood,
1914ASH,40x20x34 Natural White Ash,40,$19.90,$32.21,Wood,
1914BEECH,40x20x34 Natural Beech,40,$19.90,$32.21,Wood,
200BLK,15x15x9 200 Gloss Black,15,$10.27,$16.63,Wood,
200BLM,15x15x9 200 Black Matt,15,$10.27,$16.63,Wood,
2020BLM,20x20x15 2020 Black Matt,20,$7.06,$11.76,Wood,
2020BS,20x20x15 2020 Brushed Silver Foil,20,$7.57,$12.25,Wood,
2020CD,20x20x15 2020 Dark Chocolate Stain,20,$9.40,$13.39,Wood,
2020CL,20x20x15 2020 Clear Lacquer,20,$9.40,$13.39,Wood,
2020GL,20x20x15 2020 Gold Foil,20,$7.57,$12.25,Wood,
2020GRG,20x20x15 2020 Grey Stain,20,$9.40,$13.39,Wood,
2020MAH,20x20x15 2020 Mahogany Stain,20,$9.40,$13.39,Wood,
2020MC,20x20x15 2020 Moccha Foil,20,$7.57,$12.25,Wood,
2020MF,20x20x15 2020 Mahogany Foil,20,$7.57,$12.25,Wood,
2020SYN,20x20x15 2020 Silver Foil,20,$7.57,$12.25,Wood,
2020TK,20x20x15 2020 Teak Stain,20,$9.40,$13.39,Wood,
2020WH,20x20x15 2020 White Matt,20,$7.06,$11.76,Wood,
2020WN,20x20x15 2020 Walnut Stain,20,$8.67,$13.39,Wood,
2030BG,20x31x15 2030 Brushed Gold Foil,30,$9.59,$15.52,Wood,
2030BLM,20x30x15 2030 Black Matt,30,$9.32,$15.52,Wood,
2030BS,20x31x15 2030 Brushed Silver Foil,30,$9.59,$15.52,Wood,
2030CD,20x30x15 2030 Dark Chocolate Stain,30,$11.96,$16.78,Wood,
2030CL,20x30x15 2030 Clear Lacquer,30,$10.86,$16.78,Wood,
2030GL,20x30x15 2030 Gold Foil,30,$9.59,$15.52,Wood,
2030MAH,20x30x15 2030 Mahogany Stain,30,$10.86,$16.78,Wood,
2030MC,20x31x15 2030 Moccha Foil,30,$9.59,$15.52,Wood,
2030MF,20x31x15 2030 Mahogany Foil,30,$9.59,$15.52,Wood,
2030SYN,20x30x15 2030 Silver Foil,30,$9.59,$15.52,Wood,
2030TK,20x30x15 2030 Teak Stain,30,$11.96,$16.78,Wood,
2030WH,20x30x15 2030 White Matt,30,$9.32,$15.52,Wood,
2030WN,20x30x15 2030 Walnut Stain,30,$11.96,$16.78,Wood,
2040BG,20x40x15 2040 Brushed Gold Foil,40,$12.51,$20.26,Wood,
2040BLM,20x40x15 2040 Black Matt,40,$12.15,$20.24,Wood,
2040BS,20x40x15 2040 Brushed Silver Foil,40,$12.51,$20.26,Wood,
2040CD,20x40x15 2040 Dark Chocolate Stain,40,$15.00,$21.03,Wood,
2040GL,20x40x15 2040 Gold Foil,40,$12.51,$20.26,Wood,
2040MAH,20x40x15 2040 Mahogany Stain,40,$13.62,$21.03,Wood,
2040MC,20x40x15 2040 Moccha Foil,40,$12.51,$20.26,Wood,
2040SYN,20x40x15 2040 Silver Foil,40,$12.51,$20.26,Wood,
2040TK,20x40x15 2040 Teak Stain,40,$13.62,$21.03,Wood,
2040WH,20x40x15 2040 White Matt,40,$12.15,$20.24,Wood,
2040WN,20x40x15 2040 Walnut Stain,40,$13.62,$21.03,Wood,
2040WWF,20x40x15 2040 Limed White Foil,40,$4.88,$17.71,Wood,
207BLM,30x20x24 207 Black Matt,20,$12.99,$21.03,Wood,
207CL,30x20x24 207 Natural Foil,20,$14.04,$22.71,Wood,
207DW,30x20x24 207 Dark Walnut,20,$14.04,$22.71,Wood,
207WH,30x20x24 207 White Matt,20,$12.99,$21.03,Wood,
2152CHB,21x52x13 Champagne Silver,52,$20.89,$33.81,Wood,
2173BL,55x27x42 Tower Matt Black,27,$27.39,$45.59,Wood,
2173WH,55x27x42 Tower Matt White,25,$27.39,$45.59,Wood,
2221AWT,22x23x13 2221 Dark Walnut,23,$13.20,$21.37,Wood,
2221BLM,20x23x13 2221 Black Matt,23,$13.20,$21.37,Wood,
2221GS,22x23x13 2221 Gold Scratch,23,$13.20,$21.37,Wood,
2221SS,22x23x13 2221 Scratch Silver,23,$13.20,$21.37,Wood,
2221WH,22x23x13 2221 White Matt,23,$13.20,$21.37,Wood,
2233MG,20x29x8 2233 Motled Gold Foil,29,$14.56,$23.57,Wood,
2233MS,20x29x8 2233 Motled Silver Foil,29,$14.56,$23.57,Wood,
226BS,16x26x10 226 Black/Silver Edge,26,$13.61,$22.03,Wood,
22BLK,31x16x7 22 Black Rebate Extender,16,$9.68,$15.67,Wood,
22WH,31x16x7 22 White Rebate Extender,16,$9.68,$15.67,Wood,
2396BJG,45x30x36 2396BJG Black/Gold Midnight,30,$23.97,$38.80,Wood,
2396BJS,45x30x36 2396BJS Black/Silver Midnight,30,$23.97,$38.80,Wood,
2417BLK,20x20x10 Hudson Black/Gold Edge,20,$11.33,$18.36,Wood,
2431BLK,20x16x8 2431 Black,16,$10.89,$17.63,Wood,
2517BLK,22x44x9 Hudson Black/Gold Edge,44,$17.28,$27.96,Wood,
2596BJG,20x21x13 2596 BJG Black/Gold Midnight,20,$12.16,$19.68,Wood,
2596BJS,20x21x13 2596BJS Black/Silver Midnight,20,$12.16,$19.68,Wood,
2596JGS,20x21x13 2596JGS Gold/Silver Midnight,20,$12.16,$19.68,Wood,
2617BLK,63x28x50 Hudson Black/Gold Edge,28,$26.25,$42.47,Wood,
2717BLK,32x76x16 Hudson Black/Gold Edge,76,$31.64,$51.22,Wood,
2817BLK,53x48 Hudson Black/Gold Top Float,48,$26.41,$42.75,Wood,
2824BLK,18x38x11 Matilda Black wash,38,$12.33,$19.94,Wood,
2824BR,18x38x11 Matilda Brown wash,38,$12.33,$19.94,Wood,
2824GY,18x38x11 Matilda Grey wash,38,$12.33,$19.94,Wood,
2824WH,18x38x11 Matilda White wash,38,$12.33,$19.94,Wood,
2834BLK,35x33x27 Matilda Black wash,33,$16.93,$27.41,Wood,
2834BR,35x33x27 Matilda Brown wash,33,$16.93,$27.41,Wood,
2834GY,35x33x27 Matilda Grey wash,33,$16.93,$27.41,Wood,
2834WH,35x33x27 Matilda White wash,33,$16.93,$27.41,Wood,
2844BLK,24x60x14 Matilda Black wash,60,$20.74,$33.57,Wood,
2844BR,24x60x14 Matilda Brown wash,60,$20.74,$33.57,Wood,
2844GY,24x60x14 Matilda Grey wash,60,$20.74,$33.57,Wood,
2844WH,24x60x14 Matilda White wash,60,$20.74,$33.57,Wood,
293BLK,18x19x12 293 Black Gold Lip,20,$12.25,$19.83,Wood,
293MTG,18x19x12 293 MTG Mahogany Gold Lip,20,$12.25,$19.83,Wood,
293SFB,18x19x12 293 Lt Walnut Gold Lip,20,$12.25,$19.83,Wood,
293WNQ,18x19x12 293 Walnut Gold Lip,20,$12.25,$19.83,Wood,
293YT,18x19x12 293 LT Walnut Gold Lip,20,$12.25,$19.83,Wood,
295BLACK,17x18x9 295 B Black,20,$10.79,$17.46,Wood,
2967BLK,30x18x25 Oslo Black Matte Top,18,$16.79,$27.17,Wood,
2967GLD,30x18x25 Oslo Gold Foil,18,$16.79,$27.17,Wood,
2967RAW,30x18x25 Oslo Raw Finish,18,$15.56,$25.20,Wood,
2967SIL,30x18x25 Oslo Silver Foil,18,$16.79,$27.17,Wood,
2967WH,30x18x25 Oslo Solid White Top,18,$16.79,$27.17,Wood,
2977BLK,45x20x40 Oslo Black Matte Top,20,$18.77,$30.38,Wood,
2977GLD,45x20x40 Oslo Gold Foil,20,$18.77,$30.38,Wood,
2977RAW,45x20x40 Oslo Raw Finish,20,$17.55,$28.40,Wood,
2977SIL,45x20x40 Oslo Silver Foil,20,$18.77,$30.38,Wood,
2977WH,45x20x40 Oslo Solid White Top,20,$18.77,$30.38,Wood,
2987BLK,45x35 Oslo Black Matte Top Float Frame,35,$20.44,$33.10,Wood,
2987GLD,45x35 Oslo Gold Float Frame,35,$20.44,$33.10,Wood,
2987MW,45x35 Oslo Matte White Float Frame,35,$19.75,$33.10,Wood,
2987RAW,45x35 Oslo Raw Float Frame,35,$19.88,$33.10,Wood,
2987SIL,45x33 Oslo Silver Float Frame,33,$20.44,$33.10,Wood,
2987WH,45x33 Oslo Solid White Top Float Frame,33,$20.44,$33.10,Wood,
2988ASH,45x35 Natural White Ash Float,35,$20.44,$33.10,Wood,
2988CEDAR,45x35 Natural Cedar Float,35,$19.75,$33.10,Wood,
300BGE,16x33x9 300 Black Gold Edge,33,$17.39,$28.15,Wood,
300BLM,16x33x9 300 Black Matt,33,$17.39,$28.15,Wood,
300BMGM,16x33x9 300 Black Matt/Matt Gold Edge,33,$17.39,$28.15,Wood,
3020BLM,30x20x24 3020 Black Matt,20,$12.11,$20.15,Wood,
3020CD,30x20x24 3020 Dark Chocolate Stain,20,$12.25,$19.83,Wood,
3020CL,30x20x24 3020 Clear Timber Lacquer,20,$12.25,$19.83,Wood,
3020CLF,30x20x24 3020 Clear Ramin Foil,20,$4.56,$17.10,Wood,
3020MF,30x20x24 3020 Mahogany Foil,20,$11.87,$19.21,Wood,
3020TK,30x20x24 3020 Teak Timber Stain,20,$12.25,$19.83,Wood,
3020WH,30x20x24 3020 White Matt,20,$12.11,$20.15,Wood,
3020WN,30x20x24 3020 Walnut Timber Stain,20,$12.25,$19.83,Wood,
3020WWF,30x20x24 3020 Limed White Foil,20,$11.47,$19.21,Wood,
3030BLM,30x30x25 3030 Black Matt,30,$16.53,$26.77,Wood,
3030CLF,30x30x25 3030 Clear Ramin Foil,30,$2.16,$20.95,Wood,
3030MF,30x30x25 3030 Mahogany Foil,30,$3.94,$20.95,Wood,
3030WH,30x30x25 3030 White Matt,30,$16.53,$26.77,Wood,
3038MBK,Uni Float Blk for 30mm & 38mm Stretcher Bar,44,$20.89,$34.60,Wood,
3038MWH,Uni Float WH for 30mm & 38mm Stretcher Bar,44,$20.89,$34.60,Wood,
3072BLP,22x30x17 3072 BLP Black Gloss Lacquer,30,$18.00,$30.16,Wood,
3082QDQ,20x30x12 3082 QDQ Oak Stockholm,30,$16.40,$27.30,Wood,
3082QPV,20x30x12 3082 QPV Beech Stockholm,30,$16.87,$27.30,Wood,
3082W,20x30x12 3082 W White,30,$18.23,$29.50,Wood,
3096BJG,22x33x12 3096 BJG Black/Gold Midnight,30,$14.98,$24.25,Wood,
30BAR,30x30 Stretcher Bar,30,$9.87,$16.43,Wood,
3149EFB,30x42x13 3149 EFB Black Hawthorn,42,$21.56,$34.90,Wood,
3149EMS,30x42x13 3149 EMS Silver Hawthorn,42,$21.56,$34.90,Wood,
3149GFV,30x42x13 3149 GFV Gold Hawthorn,42,$21.56,$34.90,Wood,
3194BLM,22x38x10 3194 Black Matt,38,$16.66,$26.96,Wood,
3194WH,22x38x10 3194 White Matt,38,$16.66,$26.96,Wood,
3201BS,36x38x27 3201 Black Silver Anfield,38,$26.19,$42.39,Wood,
3201GBA,36x38x27 3201 Dark Walnut Anfield,38,$26.19,$42.39,Wood,
3201GBM,36x38x27 3201 Black Mat Anfield,38,$26.19,$42.39,Wood,
3201MAHS,36x38x27 3201 Mahogany Silver Anfield,38,$25.30,$42.39,Wood,
3201PZD,36x38x27 3201 PZD Pewter Anfield,40,$26.19,$42.39,Wood,
3201SYD,36x38x27 3201 SYD Silver Anfield,38,$26.19,$42.39,Wood,
321210,H35xW24xR25 Arezzo Silver (321210),24,$35.43,$60.23,Wood,
321211,H35xW24xR25 Arezzo Gold (321211),24,$35.43,$60.23,Wood,
321212,H35xW24xR25 Arezzo Ebony (321212),24,$35.43,$60.23,Wood,
322210,H25xW24xR15 Arezzo Silver (322210),24,$27.88,$47.38,Wood,
322211,H25xW24xR15 Arezzo Gold (322211),24,$27.88,$47.38,Wood,
322212,H25xW24xR15 Arezzo Ebony (322212),24,$27.88,$47.38,Wood,
329210,H20xW10xR10 Arezzo Silver (329210),10,$22.40,$38.08,Wood,
329211,H20xW10xR10 Arezzo Gold (329211),10,$22.40,$38.08,Wood,
329212,H20xW10xR10 Arezzo Ebony (329212),10,$22.40,$38.08,Wood,
3296GBLK,21x38x13 3296 Gold/Black,38,$16.66,$26.96,Wood,
3296SBLK,21x38x13 3296 Silver/Black,38,$16.66,$26.96,Wood,
3329CL,14x14x10 Masquerade Clear Lacquer,14,$9.66,$16.16,Wood,
33BLK,43x18x5 33 Black Rebate Extender Medium,18,$10.40,$16.82,Wood,
33WH,43x18x5 33 White Rebate Extender Medium,18,$10.40,$16.82,Wood,
3543CL,14x23x10 Masquerade Clear Lacquer,23,$12.01,$20.11,Wood,
3543YELL,14x23x10 Masquerade Yellow Stain,23,$12.01,$20.11,Wood,
3580BRZ,18x30x10 Ballarat 3580 Bronze,30,$10.36,$16.78,Wood,
3660BLK,32x60x10 3660 Black,60,$24.78,$41.51,Wood,
3675BLK,24x44x11 Newcastle Black Stain,44,$17.44,$28.24,Wood,
3717GLBK,32x19x19 Copenhagen Gold w Black Line,19,$12.33,$19.94,Wood,
3717GLWH,32x19x19 Copenhagen Gold w White Line,19,$12.33,$19.94,Wood,
3717SLGY,32x19x19 Copenhagen Silver w Grey Line,19,$5.13,$17.74,Wood,
3717SLWH,32x19x19 Copenhagen Silver w White Line,19,$12.33,$19.94,Wood,
373IB,21x35x14 Imperial Black,35,$13.41,$21.72,Wood,
373IG,21x35x14 Imperial Gold,35,$13.41,$21.72,Wood,
373IS,21x35x14 Imperial Silver,35,$13.41,$21.72,Wood,
373IW,21x35x14 Imperial White,35,$13.41,$21.72,Wood,
3782BW,20x17x10 3782 Black/Grey Wash,17,$10.15,$16.44,Wood,
3817SLGR,48x19x35 Copenhagen Silver w Graphite L,19,$5.11,$22.71,Wood,
3817SLGY,48x19x35 Copenhagen Silver w Grey Line,19,$5.11,$22.71,Wood,
3817SLWH,48x19x35 Copenhagen Silver w White Line,19,$5.11,$22.71,Wood,
3822BLK,26x23x14 3822 Black Ornate,23,$18.13,$29.35,Wood,
3822LG,26x23x14 3822 Light Gold Ornate,23,$18.13,$29.35,Wood,
3822S,26x23x14 3822 Silver Ornate,23,$18.13,$29.35,Wood,
3822WH,26x23x14 3822 White Ornate,23,$18.13,$29.35,Wood,
38BAR,38x30 Stretcher Bar,30,$10.70,$17.81,Wood,
4017GLBK,51x40 Copenhagen Gold w Black Line Float,38,$24.37,$39.44,Wood,
4017GLWH,51x40 Copenhagen Gold w White Line Float,38,$24.37,$39.44,Wood,
4017SLBK,51x40 Copenhagen Silver w Black Line Float,38,$24.37,$39.44,Wood,
4017SLWH,51x40 Copenhagen Silver w White Line Float,38,$24.37,$39.44,Wood,
4062BL,35x40x25 Tower Matt Black,40,$20.27,$33.74,Wood,
4062BLP,35x40x25 Tower Black Gloss Lacquer,40,$24.80,$40.15,Wood,
4062SYN,35x40x25 Tower Silver,40,$20.14,$33.74,Wood,
4062WH,35x40x25 Tower Matt White,40,$20.27,$33.74,Wood,
4062WHP,35x40x25 Tower White Gloss Lacquer,40,$24.80,$40.15,Wood,
4105BLM,15x20x12 4105 Black Matt,20,$9.81,$16.44,Wood,
4105WH,15x20x12 4105 Matt White,20,$10.42,$17.46,Wood,
4114DESERT,20x42x12 4114 Desert Driftwood,42,$17.85,$28.90,Wood,
4114SLATE,20x42x12 4114 Slate Driftwood,42,$17.85,$28.90,Wood,
4114STONE,20x42x12 4114 Stone Driftwood,42,$17.85,$28.90,Wood,
4114TUSK,20x42x12 4114 Tusk Driftwood,42,$17.85,$28.90,Wood,
4119TUSK,20x64x8 4119 Tusk Driftwood,64,$23.91,$38.70,Wood,
4120BLK,25x20x10 Adelaide Black,25,$11.21,$18.14,Wood,
4120GBR,25x20x10  Adelaide Gold / brown,25,$11.21,$18.14,Wood,
4121GBR,54x56x13  Adelaide Gold / Brown,56,$28.38,$45.93,Wood,
4172BLM,22x20x18 4172 Black Matt,20,$11.63,$18.81,Wood,
4219BLM,22x33x18 4219 Black Matt,33,$13.83,$22.37,Wood,
4219WH,22x33x18 4219 Matt White,33,$14.56,$23.57,Wood,
4228BLM,40x22x34 4228 Black Matt,22,$17.29,$27.98,Wood,
426MTG,20x40x9 426 Mahogany/Gold Edge,49,$20.61,$33.36,Wood,
426YTG,20x40x9 426 Teak/Gold Edge,49,$20.61,$33.36,Wood,
4288BL,21x40x10 4288 BL Matt Black Ashford,40,$17.16,$27.77,Wood,
4288JG,21x40x10 4288 JG Gold Ashford,40,$18.75,$30.33,Wood,
431210,H27 x W82 x R17 Padua Silver (431210),82,$60.72,$103.20,Wood,
431211,H27 x W82 x R17 Padua Gold (431211),82,$60.72,$103.20,Wood,
431BLK,27x53x10 431 Burnt Black,53,$20.99,$33.98,Wood,
432210,H23 x W53 x R16 Padua Silver (432210),53,$41.53,$70.59,Wood,
432211,H23 x W53 x R16 Padua Gold (432211),53,$41.53,$70.59,Wood,
432BLK,42x81x10 432 Burnt Black,81,$33.30,$53.89,Wood,
4392AS,53x40 4392 Canvas Float All Silver,45,$29.14,$47.17,Wood,
4392AWT,53x40 4392 Canvas Float Dark Walnut,45,$29.14,$47.17,Wood,
4392BLK,53x40 4392 Canvas Float Black Edge,45,$28.33,$47.17,Wood,
4392G,53x40 4392 Canvas Float Gold Edge,45,$29.14,$47.17,Wood,
4392QDQ,53x40 4392 Stockholm Float Oak Veneer,45,$37.41,$62.28,Wood,
4392QPV,53x40 4392 Stockholm Float Beech Veneer,45,$38.47,$62.28,Wood,
4392S,53x40 4392 Canvas Float Silver Edge,45,$29.14,$47.17,Wood,
4392WH,53x40 4392 Canvas Float White,45,$28.33,$47.17,Wood,
4411BLK,38x20x17 Perimeter Black/Silver,20,$17.15,$27.36,Wood,
4411GLD,38x20x17 Perimeter Gold/Silver,20,$17.15,$27.36,Wood,
4411SIL,38x20x17 Perimeter Silver/Silver,20,$17.15,$27.36,Wood,
4411WHT,38x20x17 Perimeter White/Silver,20,$17.15,$27.36,Wood,
4412BLK,30x30x16 Perimeter Black/Silver,30,$15.00,$24.27,Wood,
4412GLD,30x30x16 Perimeter Gold/Silver,30,$15.00,$24.27,Wood,
4412SIL,30x30x16 Perimeter Silver/Silver,30,$15.00,$24.27,Wood,
4412WHT,30x30x16 Perimeter White/Silver,30,$15.00,$24.27,Wood,
4413BLK,38x53x17 Perimeter Black/Silver,53,$24.60,$39.83,Wood,
4413GLD,38x53x17 Perimeter Gold/Silver,53,$24.60,$39.83,Wood,
4413SIL,38x53x17 Perimeter Silver/Silver,53,$24.60,$39.83,Wood,
44L-WH,44L Float White,45,$5.45,$28.90,Wood,
4518BLK,20x20x10 Madrid Black,21,$9.72,$15.75,Wood,
4518CRM,20x20x10 Madrid Cream,21,$9.72,$15.75,Wood,
4518GLD,20x20x10 Madrid Dark Gold,21,$9.72,$15.75,Wood,
4518PEW,20x20x10 Madrid Pewter,21,$9.72,$15.75,Wood,
4518SIL,20x20x10 Madrid Light Silver,21,$9.72,$15.75,Wood,
4530BLM,45x30x35 Black Matt,30,$21.49,$35.77,Wood,
4530BZ,45x30x35 Bronze foil,30,$24.11,$39.02,Wood,
4530CHB,45x30x35 Champagne Silver,30,$24.11,$39.02,Wood,
4530GL,45x30x35 Gold Foil,30,$24.11,$39.02,Wood,
4530QDQ,45x30x35mm QDQ Oak Stockholm,30,$22.12,$36.82,Wood,
4530WH,45x30x35mm White Matt,30,$21.49,$35.77,Wood,
4624QDQ,22x42x17 4624 QDQ Oak Stockholm,40,$19.41,$32.31,Wood,
5088BLM,48x34x13 5088 Black Matt,44,$25.85,$41.85,Wood,
5088SWH,48x34x13 5088 Solid White,44,$25.85,$41.85,Wood,
5194BLM,60x35x50 5194 Black Matt,35,$34.86,$56.43,Wood,
5296GBLK,30x58x15 5296 Gold/Black,58,$26.19,$42.39,Wood,
5296SBLK,30x58x15 5296 Silver/Black,58,$26.19,$42.39,Wood,
5516GY,35x72x14 5516 Grey Scratch Shoreline,72,$6.48,$43.61,Wood,
5516IV,35x72x14 5516 Ivory Scratch Shoreline,72,$6.48,$43.61,Wood,
5533CHB,20x35x11 Amalfi Champagne Gold Leaf,35,$21.79,$35.26,Wood,
5533SBK,20x35x11 Amalfi Silver/Black Leaf,35,$21.79,$35.26,Wood,
5533SBZ,20x35x11 Amalfi Silver/ Bronze Leaf,35,$21.79,$35.26,Wood,
55WALNUT,22x24x10 55 Walnut,15,$9.66,$16.16,Wood,
56BLK,17x14x9 56 Black Gloss Gold Edge,14,$10.36,$16.78,Wood,
56BLM,16x14x9 56 Black Matt Gold Edge,14,$10.36,$16.78,Wood,
580BLM,15x26x10 580 Black Matt,26,$12.90,$20.88,Wood,
600BLM,21x50x10 600 Black Matt,50,$23.97,$38.80,Wood,
6096BJS,29x66x13 -6096BJS Black/Silver Midnight,65,$28.46,$46.08,Wood,
6110BLK,20x20x15 6110 Black Open Grain,20,$9.72,$16.16,Wood,
6110MC,20x20x15 6110 Open Grain Moccha,20,$9.99,$16.16,Wood,
6110TK,20x20x15 6110 Open Grain Teak,20,$10.00,$16.18,Wood,
6110WH,20x20x15 6110 White Open Grain,20,$9.72,$16.16,Wood,
6111BLK,37x20x30 6111 Black Open Grain,20,$13.36,$22.22,Wood,
6111DESERT,37x20x30 Driftwood 6111 Desert OpenGrain,20,$13.74,$22.22,Wood,
6111LWH,37x20x30 6111 Open Grain Limed White,20,$13.74,$22.22,Wood,
6111MBR,37x20x30 6111 Open Grain Mid Brown,20,$13.74,$22.22,Wood,
6111MC,37x20x30 6111 Open Grain Moccha,20,$13.74,$22.22,Wood,
6111SLATE,37x20x30 Driftwood 6111 Slate Open Grain,20,$13.74,$22.22,Wood,
6111STONE,37x20x30 Driftwood 6111 Stone Open Grain,20,$13.74,$22.22,Wood,
6111TK,37x20x30 6111 Open Grain Teak,20,$13.74,$22.22,Wood,
6111TUSK,37x20x30 Driftwood 6111 Tusk Open Grain,20,$13.74,$22.22,Wood,
6111WH,37x20x30 6111 White Open Grain,20,$13.36,$22.22,Wood,
6111WN,37x20x30 6111 Open Grain Walnut,20,$13.74,$22.22,Wood,
6112BLK,45x30x35 6112 Black Open Grain,30,$18.54,$30.86,Wood,
6112CLR,45x30x35 6112 Clear Open Grain,30,$19.07,$30.86,Wood,
6112DESERT,45x30x35 Driftwood 6112 Desert OpenGrain,30,$19.07,$30.86,Wood,
6112LWH,45x30x35 6112 Open Grain Limed White,30,$19.07,$30.86,Wood,
6112MBR,45x30x35 6112 Open Grain Mid Brown,30,$19.07,$30.86,Wood,
6112MC,45x30x35 6112 Open Grain Moccha,30,$19.07,$30.86,Wood,
6112MUD,45x30x35 6112 Mud Brown Open Grain,30,$19.07,$30.86,Wood,
6112SLATE,45x30x35 Driftwood 6112 Slate Open Grain,30,$19.07,$30.86,Wood,
6112STONE,45x30x35 Driftwood 6112 Stone Open Grain,30,$19.07,$30.86,Wood,
6112TUSK,45x30x35 Driftwood 6112 Tusk Open Grain,30,$19.07,$30.86,Wood,
6112WH,45x30x35 6112 White Open Grain,30,$18.54,$30.86,Wood,
6112WN,45x30x35 6112 Walnut Open Grain,30,$19.07,$30.86,Wood,
6114BLK,30x40x23 6114 Black Open Grain,40,$18.68,$30.22,Wood,
6114LWH,30x40x23 6114 Open Grain Limed White,40,$18.68,$30.22,Wood,
6114MC,30x40x23 6114 Open Grain Moccha,40,$18.68,$30.22,Wood,
6114WH,30x40x23 6114 White Open Grain,40,$18.68,$30.22,Wood,
6115BLK,15x15x10 6115 Black Open Grain,15,$7.27,$11.76,Wood,
6115MC,15x15x10 6115 Moccha Open Grain,15,$7.27,$11.76,Wood,
6115WH,15x15x10 6115 White Open Grain,15,$7.27,$11.76,Wood,
6220BLM,19x25x7 6220 Black Slip,25,$9.19,$14.88,Wood,
6220CRM,19x25x7 6220 Cream Slip,25,$9.19,$14.88,Wood,
6220WH,19x25x7 6220 White Slip,25,$9.19,$14.88,Wood,
6249EFB,30x64x13 6249 EFB Black Hawthorn,64,$30.57,$49.49,Wood,
6249EMS,30x64x13 6249 EMS Silver Hawthorn,64,$30.57,$49.49,Wood,
6249GFV,30x64x13 6249 GFV Gold Hawthorn,64,$30.57,$49.49,Wood,
636686,H20xW63xR15 Elba Gold (636686),63,$48.13,$81.81,Wood,
636687,H20xW63xR15 Elba Silver (636687),63,$48.13,$81.81,Wood,
637686,H20xW34xR15 Elba Gold (637686),34,$37.47,$63.68,Wood,
637687,H20xW34xR15 Elba Silver (637687),34,$37.47,$63.68,Wood,
638686,H15xW20xR10 Elba Gold (638686),20,$26.75,$45.46,Wood,
638687,H15xW20xR10 Elba Silver (638687),20,$26.75,$45.46,Wood,
643IB,34x63x22 Imperial Black,63,$27.20,$44.01,Wood,
643IG,34x63x22 Imperial Gold,63,$27.20,$44.01,Wood,
643IS,34x63x22 Imperial Silver,63,$27.20,$44.01,Wood,
66192,H14xW13xR9 Sorrento Gold (66192),13,$14.61,$24.84,Wood,
66193,H14xW13xR9 Sorrento Silver (66193),13,$14.61,$24.84,Wood,
6700BLM,20x40x15 6700 Black Matt,40,$16.71,$27.98,Wood,
6700JS,20x40x15 6700 Silver,40,$18.52,$31.01,Wood,
6700WH,20x40x15 6700 White Matt,40,$18.52,$31.01,Wood,
6720BG,20x35x10 6720 Black/Gold Edge,35,$11.20,$18.12,Wood,
6720BS,20x35x10 6720 Black/Silver Edge,35,$11.20,$18.12,Wood,
6720MG,20x35x10 6720 Mahogany/Gold Edge,35,$11.20,$18.12,Wood,
6720TG,20x35x10 6720 Teak/Gold Edge,35,$11.20,$18.12,Wood,
6730BG,22x50x8 6730 Black/Gold Edge,50,$16.76,$27.13,Wood,
6730MG,22x50x8 6730 Mahogany/Gold Edge,50,$16.76,$27.13,Wood,
6730TG,22x50x8 6730 Teak/Gold Edge,50,$16.76,$27.13,Wood,
6742BKG,22x70x10 6742 Black Gold Edge,70,$20.58,$33.30,Wood,
6800BLM,20x62x13 6800 Black Matt,62,$24.08,$38.97,Wood,
6800WH,20x62x13 6800 White Matt,62,$24.08,$38.97,Wood,
6950BLK,25x54x10 6950 Ornate Black,53,$22.72,$36.78,Wood,
6950G,25x54x10 6950 Ornate Gold,53,$22.72,$36.78,Wood,
6950PW,25x54x10 6950 Ornate Pewter,53,$22.72,$36.78,Wood,
7081QHH,22x72x15 7081 QHH Sedona Veneer,73,$5.40,$32.49,Wood,
7081QHS,22x72x15 7081 QHS Sauterne Veneer,73,$5.40,$32.49,Wood,
7500BLK,16x17x10 Black Majorca,17,$9.48,$15.35,Wood,
7500CHB,16x17x10 Champagne Majorca,17,$9.48,$15.35,Wood,
7500G,16x17x10 Gold Majorca,17,$9.48,$15.35,Wood,
7500S,16x17x10 Silver Majorca,17,$9.48,$15.35,Wood,
7500WH,16x17x10 White Silver Majorca,17,$9.48,$15.35,Wood,
7501BLK,22x42x9 Black Majorca,42,$17.57,$28.43,Wood,
7501CHB,22x42x9 Champagne Gold Majorca,42,$17.08,$28.43,Wood,
7501G,22x42x9 Gold Majorca,42,$17.08,$28.43,Wood,
7501S,22x42x9 Silver Majorca,42,$17.08,$28.43,Wood,
7501WH,22x42x9 White Silver Majorca,42,$17.08,$28.43,Wood,
7502BLK,31x70x10 Black Majorca,70,$31.48,$50.95,Wood,
7502CHB,31x70x10 Champagne Majorca,70,$31.48,$50.95,Wood,
7502G,31x70x10 Gold Majorca,70,$31.48,$50.95,Wood,
7502S,31x70x10 Silver Majorca,70,$31.48,$50.95,Wood,
7502WH,31x70x10 White Majorca,70,$31.48,$50.95,Wood,
7503BLK,38x111x10 Black Majorca,111,$51.06,$82.64,Wood,
7503CHB,38x111x10 Champagne Majorca,111,$51.06,$82.64,Wood,
7503G,38x111x10 Gold Majorca,111,$51.06,$82.64,Wood,
7503S,38x111x10 Silver Majorca,111,$51.06,$82.64,Wood,
7503WH,38x111x10 White Majorca,111,$51.06,$82.64,Wood,
7674BLK,39x78x11 7674 Black Ornate,78,$33.49,$54.21,Wood,
7674CHB,39x78x11 7674 Champagne Ornate,78,$33.49,$54.21,Wood,
7674G,39x78x11 7674 Gold Ornate,78,$33.49,$54.21,Wood,
7674S,39x78x11 7674 Silver Ornate,78,$33.49,$54.21,Wood,
7674WH,39x78x11 7674 White Ornate,78,$33.49,$54.21,Wood,
7901BLK,22x22x13 Alpine Black,22,$12.56,$20.92,Wood,
7901CHB,22x22x13 Alpine Champagne,22,$12.56,$20.92,Wood,
7901G,22x22x13 Alpine Gold,22,$12.56,$20.92,Wood,
7901S,22x22x13 Alpine Silver,22,$12.56,$20.92,Wood,
7901WH,22x22x13 Alpine White,22,$12.56,$20.92,Wood,
7902BLK,27x43x15 Alpine Black,43,$18.38,$29.75,Wood,
7902CHB,27x43x15 Alpine Champagne,43,$18.38,$29.75,Wood,
7902G,27x43x15 Alpine Gold,43,$18.38,$29.75,Wood,
7902S,27x43x15 Alpine Silver,43,$18.38,$29.75,Wood,
7902WH,27x43x15 Alpine White,43,$18.38,$29.75,Wood,
7903BLK,30x70x12 Alpine Black,70,$30.80,$49.86,Wood,
7903CHB,30x70x12 Alpine Champagne,70,$30.80,$49.86,Wood,
7903G,30x70x12 Alpine Gold,70,$30.80,$49.86,Wood,
7903S,30x70x12 Alpine Silver,70,$30.80,$49.86,Wood,
7903WH,30x70x12 Alpine White,70,$30.80,$49.86,Wood,
8007EFB,36x88x16 8007 EFB Black Hawthorn,85,$44.40,$74.38,Wood,
8007EMS,36x88x16 8007 EMS Silver Hawthorn,85,$44.40,$74.38,Wood,
8102SYN,23x90x15 8102 SYN Silver,90,$6.48,$11.89,Wood,
82538,H33xW82xR25 Black & Gold Palermo (82538),82,$76.01,$129.20,Wood,
82539,H33xW82xR25 Ivory & Gold Palermo (82539),82,$76.01,$129.20,Wood,
82542,H33xW82xR25 Gold Palermo (82542),82,$76.01,$129.20,Wood,
82543,H33xW82xR25 Silver Palermo (82543),82,$76.01,$129.20,Wood,
82548,H33xW82xR25 Black & Silver Palermo (82548),82,$76.01,$129.20,Wood,
82638,H21xW49xR15 Black & Gold Palermo (82638),49,$47.62,$80.95,Wood,
82639,H21xW49xR15 Ivory & Gold Palermo (82639),49,$47.62,$80.95,Wood,
82642,H21xW49xR15 Gold Palermo (82642),49,$47.62,$80.95,Wood,
82643,H21xW49xR15 Silver Palermo (82643),49,$47.62,$80.95,Wood,
82648,H21xW49xR15 Black & Silver Palermo (82648),49,$47.62,$80.95,Wood,
8420BLK,20x44x12 8420 Black/Silver Edge,40,$13.32,$21.56,Wood,
8537G,18x85x11 Mosaico Gold,85,$6.34,$30.56,Wood,
8537SS,18x85x11 Mosaico Shiny Silver,85,$8.12,$30.56,Wood,
9165BLK,29x59x12 Viera Black,59,$23.97,$38.80,Wood,
9165CHB,29x59x12 Viera Champagne,59,$23.97,$38.80,Wood,
9165G,29x59x12 Viera Gold,59,$23.97,$38.80,Wood,
9165S,29x59x12 Viera Silver,59,$23.97,$38.80,Wood,
9165WH,29x59x12 Viera White,59,$23.97,$38.80,Wood,
9167BLK,24x42x12 Viera Black,42,$18.39,$29.78,Wood,
9167CHB,24x42x12 Viera Champagne,42,$18.39,$29.78,Wood,
9167G,24x42x12 Viera Gold,42,$18.39,$29.78,Wood,
9167S,24x42x12 Viera Silver,42,$18.39,$29.78,Wood,
9167WH,24x42x12 Viera White,42,$18.39,$29.78,Wood,
951BLK,50x32x40 951 Black/Gold Edge,32,$31.92,$51.67,Wood,
951MAH,50x32x40 951 Mahogany/Gold Edge,32,$31.92,$51.67,Wood,
DBAR,38x30 Double Face Stretcher Bar,30,$11.47,$18.57,Wood,
H249MIT,20x35x11 H249MIT Mahogany,35,$20.85,$33.74,Wood,
H249YT,20x35x11 H249YT Walnut,35,$20.14,$33.74,Wood,
H501B,18x28x8 H501B Matt Black/Gold,28,$19.16,$31.01,Wood,
H501MT,18x28x8 H 501 MT Mahogany,30,$19.17,$31.01,Wood,
H501YT,18x28x8 H 501 YT Walnut,30,$19.17,$31.01,Wood,
IMP30BAR,30x30 Imported Stretcher Bar,30,$7.74,$12.87,Wood,
IMP38BAR,38x30 Imported Stretcher Bar,30,$9.29,$15.45,Wood,
IMPLBAR,68x19 Imported Large Stretcher Bar (3),19,$11.24,$18.71,Wood,
IMPSBAR,18x42 Imported Stretcher Bar,42,$7.11,$11.83,Wood,
IMPUNIBAR,38x30 Imported Universal Stretcher Bar,38,$9.29,$15.45,Wood,
IMPXLBAR,65x28 Extra Large Imported Stretcher Bar,68,$14.32,$23.85,Wood,
LBAR,68x19 Large Stretcher Bar,19,$11.77,$19.59,Wood,
N10014,64x10x43 Nielsen #100 German Silver,10,$57.20,$78.39,Wood,
N10021,64x10x43 Nielsen #100 Matt Black,10,$57.20,$78.39,Wood,
N10023,64x10x43 Nielsen #100 Antique Gold,10,$5.40,$67.08,Wood,
N11151,Nielsen #11 Florentine Gold,40,$3.00,,Wood,
N11702,33x11x21 Nielsen #117 Frosted Silver,11,$20.09,$32.51,Wood,
N11710,33x11x21 Nielsen #117 Graphite,11,$20.38,$32.51,Wood,
N11719,33x11x21 Nielsen #117 Frosted Walnut,11,$32.51,$32.51,Wood,
N11721,33x11x21 Nielsen #117 Matte Black,11,$20.09,$32.51,Wood,
N117227,33x11x21 Nielsen #117 Tornado Red,11,$20.09,$32.51,Wood,
N117230,33x11x21 Nielsen #117 Reflex Silver,11,$20.09,$32.51,Wood,
N117232,33x11x21 Nielsen #117 Galactic Blue,11,$20.09,$32.51,Wood,
N117235,33x11x21 Nielsen #117 Tangerine Twist,11,$20.09,$32.51,Wood,
N124G02,32x8x19 Nielsen #124 Antique Silver Leaf,8,$5.40,$16.77,Wood,
N124G04,32x8x19 Nielsen #124 Antique Black,8,$5.40,$16.77,Wood,
N24421,35x13x16 Nielsen #24 Brush Black,13,$23.04,$36.75,Wood,
N24469,35x13x16 Nielsen #24 Brush Stainless Steel,13,$22.71,$36.75,Wood,
N24471,35x13x16 Nielsen #24 Brush Slate,13,$22.71,$36.75,Wood,
N24473,35x13x16 Nielsen #24 Brush Champagne,13,$5.40,$31.46,Wood,
N24474,35x13x16 Nielsen #24 Br.Satin Caramel,13,$16.56,$29.13,Wood,
N24476,35x13x16 Nielsen #24 Brush Sapphire,13,$17.88,$31.46,Wood,
N24477,35x13x16 Nielsen #24 Brush Forest Green,13,$4.32,$31.46,Wood,
N5714,44x22x19 Nielsen #57 German Silver,22,$7.37,$47.10,Wood,
N5723,44x22x19 Nielsen #57 Antique Gold,22,$5.40,$47.10,Wood,
N7502,25x25x15 Nielsen #75 02 Frosted Silver,25,$22.13,$38.93,Wood,
N7503,25x25x15 Nielsen #75 03 Shiny Gold,25,$4.78,$38.93,Wood,
N7513,25x25x15 Nielsen #75 13 Contrast Grey,25,$4.97,$38.93,Wood,
N7520,25x25x15 Nielsen #75 20 Shiny Black,25,$5.40,$34.66,Wood,
N7521,25x25x15 Nielsen #75 21 Frosted Black,25,$18.24,$32.10,Wood,
N97150,18x23x13 Nielsen #97 Florentine Silver,23,$25.02,$40.49,Wood,
N97151,18x23x13 Nielsen #97 Florentine Gold,23,$25.02,$40.49,Wood,
N97154,18x23x13 Nielsen #97 Florentine Grey,23,$25.02,$40.49,Wood,
N97156,18x23x13 Nielsen #97 Florentine Black,23,$25.02,$40.49,Wood,
OEM101,20x7x10 Nielsen #1 01 Anodised Silver,7,$12.51,$20.26,Wood,
OEM102,20x7x10 Nielsen #1 02 Frosted Silver,7,$12.51,$20.26,Wood,
OEM103,20x7x10 Nielsen #1 03 Anodised Gold,7,$12.51,$20.26,Wood,
OEM113,20x7x10 Nielsen #1 13 Contrast Grey,7,$17.52,$20.26,Wood,
OEM114,20x7x10 Nielsen #1 14 German Silver,7,$17.52,$20.26,Wood,
OEM120,20x7x10 Nielsen #1 20 Anodic Black,7,$12.51,$20.26,Wood,
OEM121,20x7x10 Nielsen #1 21 Matte Black,7,$12.51,$20.26,Wood,
OEM1501,25x9x15 Nielsen #15 01 Anodised Silver,9,$13.74,$22.22,Wood,
OEM1502,25x9x15 Nielsen #15 02 Frosted Silver,9,$13.74,$22.22,Wood,
OEM1503,25x9x15 Nielsen #15 03 Anodised Gold,9,$13.74,$22.22,Wood,
OEM1513,25x9x15 Nielsen #15 13 Contrast Grey,9,$21.90,$22.22,Wood,
OEM1514,25x9x15 Nielsen #15 14 German Silver,9,$21.90,$22.22,Wood,
OEM1520,25x9x15 Nielsen #15 20 Anodic Black,9,$13.74,$22.22,Wood,
OEM1521,25x9x15 Nielsen #15 21 Matte Black,9,$13.74,$22.22,Wood,
P549CFLW,P 549 CFLW Walnut Moulding,40,$2.16,,Wood,
P88820002,P 888-20-002 White Moulding,40,$2.16,,Wood,
PP351,PP 35-1 Slip,35,$14.73,$23.84,Wood,
PS70204,30x40x25 Pewter Synthetic (57m),40,$1.08,,Wood,
PS70205,30x40x25 Moccha Synthetic (57m),40,$1.08,,Wood,
PS70304,22x55x16 Pewter Synthetic,55,$1.62,,Wood,
SBAR,18x42 2in Stretcher Bar,42,$9.36,$15.58,Wood,
SSBAR,30x12 1in Small Stretcher Bar,12,$6.90,$11.49,Wood,
UNIBAR,38x30 Universal Stretcher Bar,30,$12.41,$20.66,Wood,
X100750,12mm Sofia Range Bronze Fillet,40,$13.09,$21.18,Fillet,
X100751,12mm Sofia Range Gold Fillet,40,$13.09,$21.18,Fillet,
X103235,10mm Academie Gold Fillet,13,$7.88,$12.75,Fillet,
X103237,10mm Academie Silver Fillet,13,$7.88,$12.75,Fillet,
X119631,55x25x50 Confetti Matt White,25,$19.98,$32.34,Wood,
X120660,10mm Mantilla Gold Fillet,12,$10.59,$17.14,Fillet,
X120662,10mm Mantilla Silver Fillet,13,$10.59,$17.14,Fillet,
X141240,20x16x14 Red Komodo,16,$11.10,$17.97,Wood,
X141250,20x16x14 Black Komodo,16,$11.10,$17.97,Wood,
X141270,20x16x14 Green Komodo,16,$11.10,$17.97,Wood,
X145790,37x20x27 Gramercy Blksil Lns,20,$16.90,$28.30,Wood,
X150790,18x15x13 Gramercy II Blk Sil Pinstripe,15,$12.16,$19.68,Wood,
X155790,20x20x18 Gramercy II Blk Sil Pinstripe,20,$12.99,$21.03,Wood,
X157593,8mm Marais II French Ebony Fillet,13,$10.57,$17.12,Fillet,
X184712,20x13x16 Allegra Antique Gold,15,$14.82,$23.99,Wood,
X184714,20x13x16 Allegra Antique Silver,15,$14.82,$23.99,Wood,
X193931,11mm Providence Range Black Fillet,15,$11.82,$19.13,Fillet,
X193933,11mm Providence Range Gold Fillet,11,$11.82,$19.13,Fillet,
X203239,25x18x15 Academie Mahogy/Blk,20,$11.10,$17.97,Wood,
X204,20x20x13 Ipsilon Silver On Black,20,$11.20,$18.12,Wood,
X212403,15x19x10 Brushed Black Whitman,20,$13.89,$22.50,Wood,
X212405,15x19x10 Tortoise Whitman,20,$13.89,$22.50,Wood,
X213403,18x20x10 Warm Silver Whitman,20,$16.86,$27.28,Wood,
X224963,20x20x13 Petite Gold Embd Cert Wood,20,$16.04,$25.98,Wood,
X224965,20x20x13 Petite Black Embd Cert Wood,20,$16.04,$25.98,Wood,
X224967,20x20x13 Petite Aged Sil Embd Cert Wood,20,$16.04,$25.98,Wood,
X225BL,27x16x22 Matt Black REFLECTIONS,16,$8.88,$16.07,Wood,
X2310,18x13x9 Queen Vic Mahogany,15,$12.36,$20.00,Wood,
X235252,22x20x14 Ferrosa Pewter,20,$16.86,$27.28,Wood,
X239,20x20x13 Ipsilon Gold On Red,20,$11.20,$18.12,Wood,
X241240,32x20x18 Red Komodo,21,$13.22,$21.41,Wood,
X241250,32x20x18 Black Komodo,21,$13.22,$21.41,Wood,
X245150,40x20x32 Gold Black Spencer,20,$18.06,$29.24,Wood,
X245151,40x20x32 Light Silver Brown Spencer,20,$18.06,$29.24,Wood,
X247190,24x30x10 Domus Gold,30,$19.98,$32.34,Wood,
X247192,24x30x10 Domus Champagne,30,$19.98,$32.34,Wood,
X247194,24x30x10 Domus Silver,30,$19.98,$32.34,Wood,
X247196,24x30x10 Domus Dark Silver,30,$19.98,$32.34,Wood,
X261240,48x27x35 Red Komodo,27,$19.26,$31.18,Wood,
X261250,48x27x35 Black Komodo,27,$19.26,$31.18,Wood,
X264970,19x20x15 Petite III Brushed Nickel,20,$13.88,$22.48,Wood,
X264971,19x20x15 Petite III Brushed Brass,20,$13.88,$22.48,Wood,
X264973,19x20x15 Petite III Brushed Steel,20,$13.88,$22.48,Wood,
X265974,22x22x14 Petite III Gold,22,$14.50,$23.46,Wood,
X265975,22x22x14 Petite III Silver,22,$14.50,$23.46,Wood,
X265976,22x22x14 Petite III Pewter,22,$14.50,$23.46,Wood,
X276712,20x18x12 Allegra Antique Gold,18,$15.86,$25.66,Wood,
X276714,20x18x12 Allegra Antique Silver,18,$15.86,$25.66,Wood,
X284712,35x19x25 Allegra Antique Gold,19,$19.67,$31.85,Wood,
X288615,17x20x12 Anvil Bolted,20,$20.61,$33.36,Wood,
X288620,17x20x12 Anvil Rebar,20,$20.61,$33.36,Wood,
X314240,39x39x24 Red Komodo,39,$23.91,$38.70,Wood,
X314250,39x39x24 Black Komodo,39,$23.91,$38.70,Wood,
X317100,30x28x25 Silver Spoleto,28,$19.98,$32.34,Wood,
X317110,30x28x25 Pewter Spoleto,28,$19.98,$32.34,Wood,
X317130,30x28x25 Bronze Spoleto,28,$19.98,$32.34,Wood,
X319712,50x25x38 Allegra Antique Gold,25,$27.44,$44.42,Wood,
X325130,40x40x34 Bronze Spoleto,40,$29.96,$48.49,Wood,
X3263,23mm Silver Black Bole,23,$77.19,$129.33,Wood,
X327100,24x30x20 Silver Spoleto,30,$19.47,$31.53,Wood,
X327110,24x30x20 Pewter Spoleto,30,$19.47,$31.53,Wood,
X327130,24x30x20 Bronze Spoleto,30,$19.47,$31.53,Wood,
X334915,18x25x13 Petite Gry With Sil Lip Cert Wo,25,$14.62,$23.67,Wood,
X334916,18x25x13 Petite Blk With Pwt Lip Cert Wo,25,$14.62,$23.67,Wood,
X334917,18x25x13 Petite Blk With Gld Lip Cert Wo,25,$14.62,$23.67,Wood,
X337591,33x25x15 Marais Gold Lace,25,$19.98,$32.34,Wood,
X337592,33x25x15 Marais Silver Lace,25,$19.98,$32.34,Wood,
X337593,33x25x15 Marais II French Ebony Lace,25,$19.98,$32.34,Wood,
X345790,23x37x15 Gramercy Blk Sil Lns,37,$18.23,$29.50,Wood,
X351800,20x38x17 Belmont Veneer Light Olive,38,$41.56,$67.27,Wood,
X351801,20x38x17 Belmont Veneer Medium Olive,38,$41.56,$67.27,Wood,
X351802,20x38x17 Belmont Veneer Dark Olive,38,$41.56,$67.27,Wood,
X357591,23x40x10 Marais Gold,40,$23.91,$38.70,Wood,
X357592,23x40x10 Marais Silver,40,$23.91,$38.70,Wood,
X357593,23x40x10 Marais II French Ebony,40,$23.91,$38.70,Wood,
X367196,35x49x16 Domus Dark Silver,49,$29.77,$48.17,Wood,
X385252,25x30x12 Ferrosa Pewter,30,$22.10,$35.77,Wood,
X385403,30x58x41 Brushed Black Whitman,30,$38.51,$62.34,Wood,
X385405,30x58x41 Tortoise Whitman,30,$38.51,$62.34,Wood,
X389403,30x16x11 Brushed Black Whitman,16,$16.68,$27.00,Wood,
X389405,30x16x11 Tortoise Whitman,30,$16.68,$27.00,Wood,
X393930,25x40x13 Ivory Providence,40,$25.24,$40.85,Wood,
X393931,25x40x13 Black Providence,40,$25.24,$40.85,Wood,
X393932,25x40x13 Silver Providence,40,$25.24,$40.85,Wood,
X393933,25x40x13 Gold Providence,40,$25.24,$40.85,Wood,
X399403,25x38x11 Brushed Black Whitman,40,$28.06,$45.40,Wood,
X399405,25x38x11 Tortoise Whitman,40,$28.06,$45.40,Wood,
X406361,28x30x15 Antica Chestnut,30,$37.17,$60.16,Wood,
X406362,20x30x15 Antica Charcoal,30,$37.17,$60.16,Wood,
X407,20x20x13 Ipsilon Rustic Gold,20,$11.20,$18.12,Wood,
X420661,25x45x15 Mantilla Black Lace,45,$31.48,$50.95,Wood,
X420662,25x45x15 Mantilla Silver Lace,45,$31.48,$50.95,Wood,
X462620,35x40x25 Anvil II Aged steel,20,$39.46,$63.88,Wood,
X468120,35x40x15 Dresden Black Umber,40,$27.54,$44.59,Wood,
X477593,28x38x12 Marais II French Ebony,38,$27.54,$44.59,Wood,
X480455,30x40x12 Lille Gold,40,$27.86,$45.08,Wood,
X480460,30x40x12 Lille Bronze,40,$27.86,$45.08,Wood,
X480465,30x40x12 Lille Silver,40,$27.86,$45.08,Wood,
X480470,30x40x12 Lille Pewter,40,$27.86,$45.08,Wood,
X488150,32x32x22 Gold Black Spencer,32,$20.09,$32.51,Wood,
X488151,32x32x22 Light Silver Brown Spencer,32,$20.09,$32.51,Wood,
X488152,32x32x22 Dark Silver Black Spencer,32,$20.09,$32.51,Wood,
X538120,55x78x20 Dresden Black Umber,78,$58.01,$93.90,Wood,
X539505,35x55x15 Isabella Black Scp,55,$36.00,$58.29,Wood,
X540505,75x75x25 Isabella Black Scp,75,$83.52,$135.20,Wood,
X551800,25x65x17 Belmont Veneer Light Olive,65,$71.61,$115.91,Wood,
X551801,25x65x17 Belmont Veneer Medium Olive,65,$71.61,$115.91,Wood,
X551802,25x65x17 Belmont Veneer Dark Olive,65,$71.61,$115.91,Wood,
X564100,26x28x18 Havana Toffee,28,$16.93,$27.41,Wood,
X564200,26x28x18 Havana Cocoa,28,$16.93,$27.41,Wood,
X565403,60x20x16 Brushed Black Whitman,60,$28.76,$46.55,Wood,
X565405,60x20x16 Tortoise Whitman,60,$28.76,$46.55,Wood,
X567100,38x32x25 Havana Toffee,32,$26.13,$42.30,Wood,
X567200,38x32x25 Havana Cocoa,32,$26.13,$42.30,Wood,
X576100,24x43x15 Havana Toffee,43,$28.34,$45.87,Wood,
X576200,24x43x15 Havana Cocoa,43,$28.34,$45.87,Wood,
X593931,40x70x18 Black Providence,70,$42.19,$68.27,Wood,
X593932,40x70x18 Silver Providence,70,$42.19,$68.27,Wood,
X593933,40x70x18 Gold Providence,70,$42.19,$68.27,Wood,
X600G,33x51x11 Gold MARQUIS,51,$28.64,$51.83,Wood,
X616361,30x55x15 Antica Chestnut,55,$54.85,$88.78,Wood,
X616362,30x55x15 Antica Charcoal,55,$54.85,$88.78,Wood,
X620100,31x73x17 Havana Toffee,73,$43.64,$70.64,Wood,
X620200,31x73x17 Havana Cocoa,73,$43.64,$70.64,Wood,
X638120,36x62x15 Dresden Black Umber,40,$41.86,$67.76,Wood,
X657591,45x65x15 Marais Gold Poker Emb,65,$45.35,$73.42,Wood,
X657592,45x65x15 Marais Silver Poker Emb,65,$45.35,$73.42,Wood,
X657593,45x65x15 Marais II French Ebony Pkr Emb,65,$45.35,$73.42,Wood,
X667593,42x70x20 Marais II French Ebony,70,$42.26,$68.42,Wood,
X69824714,33x25x25 Tribeca High Rbte/Blk Curve,25,$18.57,$13.02,Wood,
X727593,42x85x15 Marais II French Ebony,85,$65.19,$105.51,Wood,
X728430,22x57x38 Grey Bergere,22,$30.23,$48.92,Wood,
X728431,22x57x38 Ivory Bergere,22,$30.23,$48.92,Wood,
X738430,36x19x10 Grey Bergere,36,$22.52,$36.46,Wood,
X738431,36x19x10 Ivory Bergere,36,$22.52,$36.46,Wood,
X748430,55x44x16 Grey Bergere,55,$45.80,$74.14,Wood,
X748431,55x44x16 Ivory Bergere,55,$45.80,$74.14,Wood,
X751800,45x100x32 Belmont Veneer Light Olive,100,$144.26,$233.52,Wood,
X751801,45x100x32 Belmont Veneer Medium Olive,100,$144.26,$233.52,Wood,
X751802,45x100x32 Belmont Veneer Dark Olive,100,$144.26,$233.52,Wood,
X793931,65x110x30 Black Providence,110,$83.12,$134.56,Wood,
X793932,65x110x30 Silver Providence,110,$83.12,$134.56,Wood,
X793933,65x110x30 Gold Providence,110,$83.12,$134.56,Wood,
X799183,45x80x14 Ambrosia Ornate Gold,80,$72.33,$100.99,Wood,
X799184,45x80x14 Ambrosia Ornate Silver,80,$72.33,$100.99,Wood,
X839505,35x80x15 Isabella Black Panl,80,$49.63,$80.35,Wood,
X842420,52x32x38 Angus Bomber Jacket,56,$41.67,$67.44,Wood,
X842421,52x32x38 Angus Dutch Black,56,$41.67,$67.44,Wood,
X852420,30x47x14 Angus Bomber Jacket,47,$39.37,$63.73,Wood,
X852421,30x47x14 Angus Dutch Black,47,$39.37,$63.73,Wood,
X862420,30x68x19 Angus Bomber Jacket,47,$47.74,$77.28,Wood,
X8770IV,40x60x16 Ivory Sml Pushkin,60,$10.94,$66.24,Wood,
X9082BLK,32x25x19 x9082 Black Bamboo,35,$17.85,$28.90,Wood,
X9082BR,32x25x19 x9082 Brown Bamboo,35,$17.85,$28.90,Wood,
X9082G,32x25x19 x9082 Gold Bamboo,35,$17.85,$28.90,Wood,
X9082S,32x25x19 x9082 Silver Bamboo,35,$17.85,$28.90,Wood,
X9082WH,32x25x19 X9082 White Bamboo,25,$17.85,$28.90,Wood,
X93335,40x23x27 Aged Antique Black Arqadia,23,$17.07,$28.60,Wood,
XC20B,20x20x14 Contract Mat Blk Painted,20,$8.41,$14.00,Wood,
XC20BG,20x20x14 Contract Brushed Gld Fld,20,$9.99,$16.16,Wood,
XC20BS,20x20x14 Contract Brushed Sil Fld,20,$9.99,$16.16,Wood,
XC20SS,20x20x14 Contract Stirling Silver,20,$9.99,$16.16,Wood,
XC20W,20x20x14 Contract White Painted,20,$8.41,$14.00,Wood,
XC30B,20x30x14 Contract Mat Blk Painted,30,$9.82,$16.35,Wood,
XC30BS,20x30x14 Contract Brushed Sil Fld,30,$11.82,$19.13,Wood,
XC30SS,20x30x14 Contract Stirling Silver,30,$11.82,$19.13,Wood,
XC30W,20x30x14 Contract White Painted,30,$9.82,$16.35,Wood,
XC37B,37x20x31 Contract Mat Blk Painted,20,$12.62,$21.00,Wood,
XC37BS,37x20x31 Contract Brushed Sil Fld,20,$14.73,$23.84,Wood,
XC37DS,37x20x31 Contract Dark Silver Foil,20,$14.73,$23.84,Wood,
XC37W,37x20x31 Contract White Painted,20,$12.62,$21.00,Wood,
XC42B,20x42x14 Contract Mat Blk Painted,42,$13.66,$22.73,Wood,
XC42DS,20x42x14 Contract Dark Silver Foil,42,$15.54,$25.14,Wood,
XC42SS,20x42x14 Contract Stirling Silver,42,$15.54,$25.14,Wood,
XC42W,20x42x14 Contract White Painted,42,$13.66,$22.73,Wood,
XC65B,20x65x14 Contract Mat Blk Painted,65,$19.98,$32.34,Wood,
XC65BS,20x65x14 Contract Brushed Sil Fld,65,$21.24,$35.58,Wood,
XC65MC,20x65x14 Contract Moccha,65,$23.21,$35.58,Wood,
XC65SS,20x65x14 Contract Stirling Silver,65,$20.47,$34.30,Wood,
XC65W,20x65x14 Contract White Painted,65,$19.98,$32.34,Wood,
XE9003,45x45x23 Deep Rebate White,45,$28.33,$51.27,Wood,
XH100,19x18x10 Age Gold Rib Hcky Stk,18,$11.41,$18.46,Wood,
XH101,19x18x10 Age Silver Rib Hcky Stk,18,$11.41,$18.46,Wood,
XH1042CHAR,18x30x12 Tamworth Charcoal Stain,30,$12.51,$20.26,Wood,
XH1042GY,18x30x12 Tamworth Grey Stain,30,$12.51,$20.26,Wood,
XH1042TK,18x30x12 Tamworth Teak Stain,30,$12.51,$20.26,Wood,
XH1042WH,18x30x12 Tamworth White Distressed,30,$12.51,$20.26,Wood,
XH1042WN,18x30x12 Tamworth Walnut Stain,30,$12.51,$20.26,Wood,
XH1043CHAR,18x60x12 Tamworth Charcoal Stain,60,$17.57,$28.43,Wood,
XH1043GY,18x60x12 Tamworth Grey Stain,60,$17.57,$28.43,Wood,
XH1043TK,18x60x12 Tamworth Teak Stain,60,$17.57,$28.43,Wood,
XH1043WH,18x60x12 Tamworth White Distressed,60,$17.57,$28.43,Wood,
XH1043WN,18x60x12 Tamworth Walnut Stain,60,$17.57,$28.43,Wood,
XH17222,30x70x13mm Ivory Rib Disher,70,$9.23,$16.25,Wood,
XH2145G,17x30x10 Gold Leaf Melrose,30,$14.82,$23.99,Wood,
XH2145S,17x30x10 Silver Leaf Melrose,30,$14.82,$23.99,Wood,
XH2147G,27x60x11 Gold Leaf Melrose,60,$25.24,$40.85,Wood,
XH2147S,27x60x11 Silver Leaf Melrose,60,$25.24,$40.85,Wood,
XH2175G,19x26x8 Abruzzo Gold Leaf,26,$11.71,$18.96,Wood,
XH2175S,19x26x8 Abruzzo Silver Leaf,26,$11.71,$18.96,Wood,
XH2177G,33x61x11 Abruzzo Gold Leaf,61,$22.71,$36.75,Wood,
XH2295G,21x17x11 Shantung Gold Leaf,17,$12.51,$20.26,Wood,
XH2295GBK,21x17x11 Shantung Gold/Black Leaf,17,$12.51,$20.26,Wood,
XH2295S,21x17x11 Shantung Silver Leaf,17,$12.51,$20.26,Wood,
XH2295SBK,21x17x11 Shantung Silver/ Black Leaf,17,$12.51,$20.26,Wood,
XH2295SOR,21x17x11 Shantung Silver/ Orange Leaf,17,$12.51,$20.26,Wood,
XH4094G,52x45x40 Gold Leaf Float,45,$35.70,$57.80,Wood,
XH4094S,52x45x40 Silver Leaf Float,45,$35.70,$57.80,Wood,
XH4310BLK,32x21x27 Dune Black Stain,21,$14.73,$23.84,Wood,
XH4310BR,32x21x27 Dune Brown Stain,21,$14.73,$23.84,Wood,
XH4310CHAR,32x21x27 Dune Charcoal Stain,21,$14.73,$23.84,Wood,
XH4310MC,32x21x27 Dune Moccha Stain,21,$14.73,$23.84,Wood,
XH4310SAND,32x21x27 Dune Sand Stain,21,$14.73,$23.84,Wood,
XH4310WH,32x21x27 Dune White Stain,21,$14.73,$23.84,Wood,
XH4311BLK,25x45x12 Dune Black Stain,45,$17.44,$28.24,Wood,
XH4311BR,25x45x12 Dune Brown Stain,45,$17.44,$28.24,Wood,
XH4311CHAR,25x45x12 Dune Charcoal Stain,45,$17.44,$28.24,Wood,
XH4311MC,25x45x12 Dune Moccha Stain,45,$17.44,$28.24,Wood,
XH4311SAND,25x45x12 Dune Sand Stain,45,$17.44,$28.24,Wood,
XH4311WH,25x45x12 Dune White Stain,45,$17.44,$28.24,Wood,
XH4312BLK,33x68x17 Dune Black Stain,68,$24.92,$40.34,Wood,
XH4312CHAR,33x68x17 Dune Charcoal Stain,68,$24.92,$40.34,Wood,
XH4312WH,33x68x17 Dune White Stain,68,$24.92,$40.34,Wood,
XH4313BLK,50x19x40 Dune Float Black Stain,20,$27.64,$44.74,Wood,
XH4313BR,50x19x40 Dune Float Brown Stain,20,$27.64,$44.74,Wood,
XH4313CHAR,50x19x40 Dune Float Charcoal Stain,20,$27.64,$44.74,Wood,
XH4313MC,50x19x40 Dune Float Moccha Stain,20,$27.64,$44.74,Wood,
XH4313SAND,50x19x40 Dune Float Sand Stain,20,$27.64,$44.74,Wood,
XH4313WH,50x19x40 Dune Float White Stain,20,$27.64,$44.74,Wood,
XH79378,40x55x15 Gold Ribbed Cup,55,$24.92,$40.34,Wood,
XH79621,50x75x12 Distress Wht Shabbie,75,$35.70,$57.80,Wood,
XH79623L,30x46x15 Distress White Shabbie,46,$17.67,$28.60,Wood,
XH79623S,20x25x8 Distress Wht Shabbie,25,$9.89,$16.01,Wood,
XH9305BLK,22x46x10 Leonessa Black Ornate,46,$18.68,$30.22,Wood,
XH9305G,22x46x10 Leonessa Gold Ornate,46,$18.68,$30.22,Wood,
XH9305SIL,22x46x10 Leonessa Silver Ornate,46,$18.68,$30.22,Wood,
XH9305WH,22x46x10 Leonessa White Ornate,46,$18.68,$30.22,Wood,
XH9307BG,34x69x13 Leonessa Black Gloss,69,$40.15,$64.99,Wood,
XH9307CHAR,34x69x13 Leonessa Charcoal Ornate,69,$40.15,$64.99,Wood,
XH9307GL,34x69x13 Leonessa Gold Leaf,69,$40.15,$64.99,Wood,
XH9307SL,34x69x13 Leonessa Silver Leaf,69,$40.15,$64.99,Wood,
XH9307WG,34x69x13 Leonessa White Gloss,69,$40.15,$64.99,Wood,
XHQ1060,30x46x15 Antique Charcoal,46,$16.67,$26.98,Wood,
XHQ2272,20x35x10 Walnut Gold Lip,35,$11.41,$18.46,Wood,
XHQ3674,20x40x15 Country Cottage White,40,$12.01,$19.43,Wood,
XHQ3674B,40x20x30 Country Cottage White,20,$12.01,$19.43,Wood,
XHQ3675,15x25x10 Country Cottage White,25,$8.88,$14.37,Wood,
XHQ3677,38x30x12 Country Cottage White,30,$16.04,$25.98,Wood,
XHQ3773,25x50x10 Country Cottage White,50,$15.73,$25.46,Wood,
XHQ4063BG,20x35x10 Black/ Gold Liner,35,$11.41,$18.46,Liner,
XHQ4063BS,20x35x10 Black/ Silver Liner,35,$11.41,$18.46,Liner,
XHQ4063MG,20x35x10 Moccha/Gold Liner,35,$11.41,$18.46,Liner,
XHQ4063MS,20x35x10 Moccha/Silver Liner,35,$11.41,$18.46,Liner,
XHQ4063WG,20x35x10 Walnut/Gold Liner,35,$11.41,$18.46,Liner,
XHQ9011,15x25x10 Flt Scratch Slvr Foil,25,$9.56,$16.01,Wood,
XHQ992450,22x80x10 Country Cottage White,80,$22.50,$36.41,Wood,
XI2030W,20x30 White Matte moulding,30,$7.12,,Wood,
XI3020W,30x20 White Matte moulding,20,$7.12,,Wood,
XI4020W,40x20 Matte White moulding,40,$8.03,,Wood,`
XL657,15x15x10 Tribeca Poster Black,15,$9.87,$16.78,Wood,
XL658,15x12x8 Tribeca Flat Black,12,$9.78,$16.63,Wood,
XLBAR,65x28 Extra Large Stretcher Bar,68,$16.87,$28.08,Wood,
XP4011BLK,52x40 Vermont Black Float w/ Silver Top,55,$28.10,$45.48,Wood,
XP4011BR,52x40 Vermont Brown Float w/ Silver Top,55,$28.10,$45.48,Wood,
XP4011SAND,52x40 Vermont Sand Float w/ Silver Top,55,$28.10,$45.48,Wood,
XP4011WH,52x40 Vermont White Float w/ Silver Top,55,$28.10,$45.48,Wood,
XU151IS,13mm Imperial Bead Silver Fillet,13,$15.07,$24.40,Fillet,
XV3900BLK,50x30 3900 Step Float Black Hampshire,30,$22.71,$36.75,Wood,
XV3900MC,50x30 3900 Step Float Moccha Hampshire,30,$22.71,$36.75,Wood,
XV3900WH,50x30 3900 Step Float White Hampshire,30,$22.71,$36.75,Wood,
XVN21,19x21x15 Wlnt Burl Kensington 229602,21,$22.94,$37.12,Wood,