ITEM,description,WIDTH,UPC,cost,chop,join,group
100750,SOFIA BRONZE FILLET,0.25,720472154925,6.11,10.26,11.26,Fillet
100751,SOFIA GOLD FILLET,0.25,720472154871,6.11,10.26,11.26,Fillet
100752,SOFIA/OLMSTED IRON FILLET,0.25,720472154826,6.11,10.26,11.26,Fillet
103180,HUDSON GOLD FILLET/BEAD,0.5625,,3.94,6.62,7.62,Fillet
103190,HUDSON SILVER FILLET/BEAD,0.5625,,3.94,6.62,7.62,Fillet
103235,ACADEMIE GOLD FILLET,0.3125,720472139243,6.77,11.36,12.36,Fillet
103237,ACADEMIE SILVER FILLET,0.3125,720472139250,6.27,10.53,11.53,Fillet
106180,HUDSON GOLD FILLET/SMOOTH,0.5,,3.95,6.64,7.64,Fillet
106190,HUDSON SILVER FILLET/SMOOTH,0.5,,3.95,6.64,7.64,Fillet
108185,"L7 GOLD FILLET 1/8""",0.125,,9.42,15.82,16.82,Fillet
114153,"SPENCER II SILVER FILLET 5/16""",0.3125,,1.86,3.12,4.12,Fillet
114154,"SPENCER II GOLD FILLET 5/16""",0.3125,,1.86,3.12,4.12,Fillet
119286,WHITE FILLET,0.3125,720472142687,3.73,6.27,7.27,Fillet
120660,MANTILLA GOLD FILLET,0.25,720472150422,7.84,13.18,14.18,Fillet
120662,MANTILLA SILVER FILLET,0.25,720472150446,7.84,13.18,14.18,Fillet
131014,DISC-CHATEAU FILLET,0.375,720472135283,11.94,20.06,21.06,Fillet
132902,"FOUNDRY IRON FILLET 5/8""",0.625,,7.95,13.36,14.36,Fillet
138120,DRESDEN SILVER FILLET,0.25,720472163385,6.85,11.51,12.51,Fillet
150CG,WOOD FILLET,0.25,720472100144,5.02,8.43,9.43,Fillet
150CS,VIENNA II FILLET,0.1875,720472114165,4.42,7.43,8.43,Fillet
150G,WOOD FILLET,0.25,720472100151,4.41,7.41,8.41,Fillet
150S,WOOD FILLET,0.25,720472100168,4.41,7.41,8.41,Fillet
154BL,DISC-FILLETS,0.1875,720472100182,5.97,10.04,11.04,Fillet
166900,LISBON AGED HONEY FILLET,0.3125,720472158251,10.59,17.8,18.8,Fillet
197440,"BAUHAUS II WHITE FILLET 1/4""",0.25,,5.38,9.04,10.04,Fillet
197450,"BAUHAUS II BLACK FILLET 1/4""",0.25,,5.25,8.82,9.82,Fillet
102CG,MARQUIS,0.5,720472100021,7.08,11.9,12.9,Wood
10-507M,GARRETT HAND RUB GRY MAPLE CAP,0.625,720472191241,14.51,24.37,25.37,Wood
105CB,VIENNA,0.5,720472100052,6.63,11.14,12.14,Wood
11-036M,GARRETT WHTWASH MAPLE STEM,0.625,720472191180,18.46,31.01,32.01,Wood
11-100M,"GARRETT NAT MAPLE CAP 5/8""",0.625,720472191197,18.05,30.32,31.32,Wood
11-507M,"SO-GARRETT GRY MAPLE 5/8""",0.625,,13.02,20.83,21.83,Wood
119206,"SHOJI DARK WALNUT 1"" TALL CAP",1,,5.13,8.61,9.61,Wood
119208,"SHOJI EBONIZED WAL 1"" TALL CAP",1,,5.13,8.61,9.61,Wood
119630,"CONFETTI BLACK 1""",1,720472149891,7.04,11.82,12.82,Wood
119631,"CONFETTI WHITE 1""",1,720472149907,7.04,11.82,12.82,Wood
123960,FLAX OYSTER LINEN LINER,0.75,720472159845,3.83,6.43,7.43,Liner
123962,FLAX SAND LINEN LINER,0.75,720472159852,3.83,6.43,7.43,Liner
123964,FLAX PEBBLE LINEN LINER,0.75,720472159869,3.83,6.43,7.43,Liner
123966,FLAX BLACK LINEN LINER,0.75,720472159876,3.83,6.43,7.43,Liner
140632,"CONFETTI YELLOW 7/8""",0.875,720472150019,4.92,8.26,9.26,Wood
140634,"CONFETTI ORANGE 7/8""",0.875,720472150033,4.92,8.26,9.26,Wood
140635,"CONFETTI RED 7/8""",0.875,720472150040,4.92,8.26,9.26,Wood
140636,"CONFETTI LT BLUE 7/8""",0.875,720472150057,4.92,8.26,9.26,Wood
140638,"CONFETTI MAROON 7/8""",0.875,720472150071,4.92,8.26,9.26,Wood
140639,"CONFETTI PURPLE 7/8""",0.875,720472150088,4.92,8.26,9.26,Wood
140640,"CONFETTI ROYAL BLUE 7/8""",0.875,720472150095,4.92,8.26,9.26,Wood
140641,"CONFETTI NAVY BLUE 7/8""",0.875,720472150101,4.92,8.26,9.26,Wood
140642,"CONFETTI II BABY GREEN 7/8""",0.875,720472160148,4.92,8.26,9.26,Wood
140643,"CONFETTI II BABY BLUE 7/8""",0.875,720472160155,4.92,8.26,9.26,Wood
140644,"CONFETTI II BABY YELLOW 7/8""",0.875,720472160162,4.92,8.26,9.26,Wood
140645,"CONFETTI II BABY PINK 7/8""",0.875,720472160179,4.92,8.26,9.26,Wood
140646,"CONFETTI II CINTRON GRN 7/8""",0.875,720472160186,4.92,8.26,9.26,Wood
140647,"CONFETTI II TWEEN PINK 7/8""",0.875,720472160193,4.92,8.26,9.26,Wood
140648,"CONFETTI II TEAL 7/8""",0.875,720472160209,4.92,8.26,9.26,Wood
140649,"CONFETTI II RED ORANGE 7/8""",0.875,720472160216,4.92,8.26,9.26,Wood
140650,"CONFETTI II SHAMROCK 7/8""",0.875,720472160223,4.92,8.26,9.26,Wood
140651,"CONFETTI II METALLIC GOLD 7/8""",0.875,720472160230,4.92,8.26,9.26,Wood
140652,"CONFETTI II BLACK 7/8""",0.875,720472160247,4.92,8.26,9.26,Wood
140653,"CONFETTI II WHITE 7/8""",0.875,720472160254,4.92,8.26,9.26,Wood
144508,LANCASTER II LT GRY CAP,0.8125,,6.22,10.44,11.44,Wood
144510,LANCASTER II CHAR CAP,0.8125,,6.22,10.44,11.44,Wood
145790,GRAMERCY BLACK WIDE CAP,0.8125,720472153287,5.78,9.7,10.7,Wood
145791,GRAMERCY BRUSH SIL WIDE CAP,0.8125,720472153294,5.12,8.59,9.59,Wood
145BL,WILLIAMSBURG COLLECTION,0.5,720472100137,5.24,8.8,9.8,Wood
146790,GRAMERCY BLACK TALL CAP,0.625,720472153300,6.57,11.04,12.04,Wood
147791,GRAMERCY BRUSH SIL SMALL CAP,0.5625,720472153331,4.86,8.17,9.17,Wood
184508,LANCASTER II LTGRY REVBEV CAP,1.125,,9.82,16.51,17.51,Wood
192706,"OLSEN MAPLE SM CUBE 3/4""",0.75,,4.97,8.36,9.36,Wood
192708,"OLSEN OAK SM CUBE 3/4""",0.75,,4.97,8.36,9.36,Wood
195203,"MADISON NATURAL CAP 1""",1.125,720472197649,8.33,13.99,14.99,Wood
195204,"MADISON BLACK CAP 1""",1.125,720472197656,8.32,13.98,14.98,Wood
195205,"MADISON GREY CAP 1""",1.125,720472197663,8.32,13.98,14.98,Wood
196870,"COLOSSEUM II SOFT PEWTER 3/4""",0.75,,6.94,11.67,12.67,Wood
196871,"COLOSSEUM II TARN SILVER 3/4""",0.75,,6.94,11.67,12.67,Wood
196872,"COLOSSEUM II MOON GOLD 3/4""",0.75,,6.94,11.67,12.67,Wood
196874,"COLOSSEUM II TITANIUM 3/4""",0.75,,6.94,11.67,12.67,Wood
196876,"COLOSSEUM II STEEL BLUE 3/4""",0.75,,6.94,11.67,12.67,Wood
196877,"COLOSSEUM SLOPE BLK OXIDE 3/4""",0.75,720472197212,6.94,11.67,12.67,Wood
197508,LANCASTER II LT GRY REVBEV CAP,0.8125,,7.84,13.18,14.18,Wood
198500,"FINN CAP BLACK 9/16""",0.5625,720472193474,7.7,12.94,13.94,Wood
198510,"FINN CAP NATURAL 9/16""",0.5625,720472193481,7.7,12.94,13.94,Wood
198520,"FINN CAP EXPRESSO 9/16""",0.5625,198520,7.7,12.94,13.94,Wood
200285,TRIBECA BLK FLAT W/GROOVES,0.6875,720472139694,4.77,8.02,9.02,Wood
200350,"BRIMFIELD BLK SLP W/DNTL 7/8""",0.875,,7.8,13.1,14.1,Wood
200360,"BRIMFIELD WHT SLP W/DNTL 7/8""",0.875,,7.8,13.1,14.1,Wood
200750,SOFIA BRONZE SLOPE W/DENTIL,0.875,720472154888,8.83,14.84,15.84,Wood
200751,SOFIA GOLD SLOPE W/DENTIL,0.875,720472154833,8.83,14.84,15.84,Wood
200752,SOFIA IRON SLOPE W/DENTIL,0.875,720472154789,8.53,14.32,15.32,Wood
201317,"DRAYTON BLK & GLD SM CAP 3/4""",0.75,,4.55,7.29,8.29,Wood
202110,"STITCH LT TANGERINE 3/4""",0.75,720472173469,6.68,11.21,12.21,Wood
202113,"STITCH LT CITRON GREEN 3/4""",0.75,720472173476,6.47,10.87,11.87,Wood
202118,"STITCH DK ROYAL BLUE 3/4""",0.75,720472173513,6.52,10.96,11.96,Wood
202123,"STITCH BLACK 3/4""",0.75,720472173537,6.47,10.87,11.87,Wood
203235,ACADEMIE GOLD,0.75,720472139267,5.98,10.05,11.05,Wood
203237,ACADEMIE SILVER,0.75,720472139274,5.98,10.05,11.05,Wood
203239,ACADEMIE BLACK W/GOLD,0.75,720472139281,6.27,10.53,11.53,Wood
204706,"OLSEN MAPLE CAP 3/4""",0.75,,6.44,10.82,11.82,Wood
204708,"OLSEN OAK CAP 3/4""",0.75,,6.44,10.82,11.82,Wood
206180,HUDSON GOLD SCOOP,0.875,,5.3,8.9,9.9,Wood
206190,HUDSON SILVER SCOOP,0.875,,5.3,8.9,9.9,Wood
206200,HUDSON II IVORY SCP W/BEAD 7/8,0.875,,4.99,8.39,9.39,Wood
206220,HUDSON II BLGLD SCP W/BEAD 7/8,0.875,,5.61,9.43,10.43,Wood
206CG,MARQUIS,0.75,720472100274,8.58,14.42,15.42,Wood
206S,MARQUIS,0.75,720472100281,8.58,14.42,15.42,Wood
207234,"MODERNE GOLD CAP 3/4""",0.75,,4.16,6.66,7.66,Wood
207236,"MODERNE SILVER CAP 3/4""",0.75,,4.16,6.66,7.66,Wood
207650,"TATE BLACK SHORT CAP 3/4""",0.75,,4.2,7.06,8.06,Wood
207660,"TATE SILVER SHORT CAP 3/4""",0.75,,4.2,7.06,8.06,Wood
207670,"TATE GOLD SHORT CAP 3/4""",0.75,,4.2,7.06,8.06,Wood
208710,"ALDEN EBON WALNUT CURVE 3/4""",0.75,,12.22,18.67,19.67,Wood
208712,"ALDEN DK WALNUT CURVE 3/4""",0.75,,12.22,18.67,19.67,Wood
208CG,MARQUIS,0.75,720472100298,7.96,13.38,14.38,Wood
208CS,MARQUIS,0.75,720472100304,7.96,13.38,14.38,Wood
209706,"OLSEN MAPLE CUBE 1 3/16""",1.1875,,9.06,15.23,16.23,Wood
209708,"OLSEN OAK CUBE 1 3/16""",1.1875,,9.06,15.23,16.23,Wood
210124,"RAVELLO CROSSGRAIN MP CAP 3/4""",0.75,,5.03,8.06,9.06,Wood
210125,"RAVELLO ELM BURL CAP 3/4""",0.75,,5.03,8.06,9.06,Wood
210126,"RAVELLO DANIELA WAL CAP 3/4""",0.75,,5.03,8.06,9.06,Wood
210127,"RAVELLO POPLAR BURL CAP 3/4""",0.75,,5.03,8.06,9.06,Wood
210128,"RAVELLO BIRDSEYE MP CAP 3/4""",0.75,,5.03,8.06,9.06,Wood
210247,"RENZO BLONDE BURL CAP 3/4""",0.75,,6.86,11.53,12.53,Wood
210285,TRIBECA BLACK SQUARE CAP,0.6875,720472139700,5.31,8.93,9.93,Wood
210286,WHITE SQUARE CAP,0.6875,720472142625,5.82,9.78,10.78,Wood
210440,"BAUHAUS II WHITE 3/4""",0.75,,10.11,16.98,17.98,Wood
210440,"BAUHAUS II WHITE 3/4""",0.75,,10.11,16.98,17.98,Wood
210450,"BAUHAUS II BLACK 3/4""",0.75,,9.52,15.98,16.98,Wood
210450,"BAUHAUS II BLACK 3/4""",0.75,,9.52,15.98,16.98,Wood
210G,MARQUIS,0.875,720472100311,7.71,12.96,13.96,Wood
211317,"DRAYTON BLK & GLD LG CAP 3/4""",0.8125,,5.07,8.12,9.12,Wood
212285,TRIBECA BLACK SML SLANTED,0.8125,720472139717,4.61,7.74,8.74,Wood
212403,"WHITMAN BRUSHED BLACK 3/4""",0.75,,7.21,12.11,13.11,Wood
212405,"WHITMAN ANTQ TORTOISE 3/4""",0.75,,7.21,12.11,13.11,Wood
213403,"WHITMAN SILVER 3/4""",0.75,,7.84,13.18,14.18,Wood
214234,"MODERNE GOLD TALL CAP 3/4""",0.75,,5.77,9.23,10.23,Wood
214236,"MODERNE SILVER TALL CAP 3/4""",0.75,,5.77,9.23,10.23,Wood
214650,"TATE BLACK MED CAP 11/16""",0.6875,,5.92,9.94,10.94,Wood
214660,"TATE SILVER MED CAP 11/16""",0.6875,,5.92,9.94,10.94,Wood
214670,"TATE GOLD MED CAP 11/16""",0.6875,,5.9,9.9,10.9,Wood
215680,"ARTIFACT ANT GREY BB 5/8""",0.625,,13.79,21.06,22.06,Wood
216180,HUDSON GOLD WHISTLER,0.8125,,4.59,7.71,8.71,Wood
216190,HUDSON SILVER WHISTLER,0.8125,,4.59,7.71,8.71,Wood
217680,"ARTIFACT ANT GREY GK 7/8""",0.875,,14.37,21.95,22.95,Wood
217682,"ARTIFACT ANT BLACK GK 7/8""",0.875,,14.37,21.95,22.95,Wood
220940,GALLERY ONE BLACK CAP,0.6875,720472159722,5.34,8.97,9.97,Wood
220941,GALLERY ONE WHITE CAP,0.6875,720472159739,5.34,8.97,9.97,Wood
221276,"MILO MAPLE SMALL CAP 5/8""",0.625,,5.36,9,10,Wood
221277,"MILO WALNUT SMALL CAP 5/8""",0.625,,5.36,9,10,Wood
221278,"MILO CERUSED OAK SM CAP 5/8""",0.625,,5.12,8.59,9.59,Wood
221516,ANSLEY II CHERRY,0.625,,5.04,8.46,9.46,Wood
221517,ANSLEY II COFFEE,0.625,,5.04,8.46,9.46,Wood
221518,ANSLEY II GREY,0.625,,5.04,8.46,9.46,Wood
221519,ANSLEY II MOHAGANY,0.625,,5.04,8.46,9.46,Wood
221520,ANSLEY II NATURAL,0.625,,4.62,7.76,8.76,Wood
221521,ANSLEY II WALNUT,0.625,,5.04,8.46,9.46,Wood
221526,ANSLEY II BLACK,0.625,,4.62,7.76,8.76,Wood
222940,GALLERY ONE TALL BLACK CAP,0.75,720472159746,5.67,9.51,10.51,Wood
222941,GALLERY ONE TALL WHITE CAP,0.75,720472159753,5.67,9.51,10.51,Wood
223146,"KYOTO BLACK 3/4""",0.75,,9.19,14.02,15.02,Wood
223147,"KYOTO NATURAL 3/4""",0.75,,9.19,14.02,15.02,Wood
223148,"KYOTO GREY 3/4""",0.75,,9.19,14.02,15.02,Wood
224963,"PETITE GOLD 3/4""",0.75,720472160490,8.84,14.86,15.86,Wood
224965,"PETITE BLACK 3/4""",0.75,720472160506,6.68,10.36,11.36,Wood
224967,"PETITE SILVER 3/4""",0.75,720472160513,7.73,12.99,13.99,Wood
225482,"JASPER BLACK CAP 5/8""",0.625,,4.08,6.86,7.86,Wood
225484,"JASPER WHITE CAP 5/8""",0.625,,4.1,6.89,7.89,Wood
226180,HUDSON GOLD SCOOP,0.8125,,4.68,7.85,8.85,Wood
226190,HUDSON SILVER SCOOP,0.8125,,4.9,8.22,9.22,Wood
226210,HUDSON II BLACK SCOOP 13/16,0.8125,,4.79,8.04,9.04,Wood
227276,"MILO MAPLE MEDIUM CAP 3/4""",0.75,,6.37,10.7,11.7,Wood
227277,"MILO WALNUT MEDIUM CAP 3/4""",0.75,,6.37,10.7,11.7,Wood
227278,"MILO CERUSED OAK MD CAP 3/4""",0.75,,5.98,10.05,11.05,Wood
227516,ANSLEY CHERRY SMALL CAP,0.75,720472144346,5.01,8.41,9.41,Wood
227517,ANSLEY COFFEE SMALL CAP,0.75,720472144353,5.01,8.41,9.41,Wood
227519,ANSLEY MAHOGANY SMALL CAP,0.75,720472144377,5.01,8.41,9.41,Wood
227526,"ANSLEY BLACK 3/4""",0.75,,4.69,7.88,8.88,Wood
229602,KENSINGTON WALNUT BURL,0.8125,720472126380,11.95,20.07,21.07,Wood
230130,"PETITE II SILVER 3/4""",0.75,720472172400,7.04,11.26,12.26,Wood
230132,"PETITE II BLACK 3/4""",0.75,720472172424,6.7,11.26,12.26,Wood
230285,TRIBECA BLACK 358 PROFILE,0.8125,720472139731,4.72,7.93,8.93,Wood
230286,WHITE SM. TRAD W/BEAD,0.8125,720472142632,5.82,9.78,10.78,Wood
231482,"JASPER BLACK 1"" SHADOWBOX",1,,10.41,17.48,18.48,Wood
231484,"JASPER WHITE 1"" SHADOWBOX",1,,10.51,17.65,18.65,Wood
232403,"WHITMAN SILVER 3/4""",0.75,,9.42,15.82,16.82,Wood
233680,"ARTIFACT ANT GREY CD 7/8""",0.875,,14.37,21.95,22.95,Wood
234927,"PETITE GOLD 13/16""",0.8125,720472160575,7.89,13.25,14.25,Wood
234929,"PETITE BLACK 13/16""",0.8125,720472160599,7.93,13.32,14.32,Wood
235556,FERROSA 2 BRONZE,0.8125,720472146562,8.91,14.97,15.97,Wood
236350,"BROOKLYN BLACK 13/16""",0.8125,720472163163,3.42,5.74,6.74,Wood
236351,"BROOKLYN WHITE W/GRVS 13/16""",0.8125,720472197564,4.87,7.35,8.35,Wood
237904,"METALIA BLACK 3/4""",0.75,,5.41,8.26,9.26,Wood
237905,"METALIA SILVER 3/4""",0.75,,5.41,8.26,9.26,Wood
237906,"METALIA GOLD 3/4""",0.75,,5.41,8.26,9.26,Wood
237907,"METALIA CHAMPAGNE 3/4""",0.75,,5.41,8.26,9.26,Wood
237908,"METALIA BRASS 3/4""",0.75,,5.41,8.26,9.26,Wood
237909,"METALIA II GUNMETAL 3/4""",0.75,,5.45,8.71,9.71,Wood
238120,"DRESDEN BLACK UMBER 15/16""",0.9375,720472163408,12.42,20.86,21.86,Wood
239680,"ARTIFACT ANT GREY CR 7/8""",0.875,,14.53,22.2,23.2,Wood
240452,"MUSEO GOLD 1 1/16""",1.0625,,4.82,7.71,8.71,Wood
240453,"MUSEO SILVER 1 1/16""",1.0625,,4.82,7.71,8.71,Wood
240454,"MUSEO BLACK 1 1/16""",1.0625,,4.51,7.21,8.21,Wood
241240,"KOMODO RED SM CAP 3/4""",0.75,,6.42,10.79,11.79,Wood
241250,"KOMODO BLACK SM CAP 3/4""",0.75,,6.42,10.79,11.79,Wood
242250,"ANDOVER PETITE BLACK 5/8""",0.625,,5.71,9.59,10.59,Wood
242260,"ANDOVER PETITE WHITE 5/8""",0.625,,5.71,9.59,10.59,Wood
242270,"ANDOVER PETITE SILVER 5/8""",0.625,,5.71,9.59,10.59,Wood
242290,"ANDOVER PETITE SUEDE 5/8""",0.625,,5.71,9.59,10.59,Wood
243500,"ALTO BLK CAP 13/16""",0.8125,,5.8,9.74,10.74,Wood
243510,"ALTO WHT CAP 13/16""",0.8125,,5.8,9.74,10.74,Wood
244500,"ALTO BLK 13/16""",0.875,,4.9,8.22,9.22,Wood
244510,"ALTO WHT 13/16""",0.875,,4.9,8.22,9.22,Wood
245150,"SPENCER GLD SHORT CAP 3/4""",0.75,,6.15,10.33,11.33,Wood
245151,"SPENCER SIL/BRN SHORT CAP 3/4""",0.75,,6.15,10.33,11.33,Wood
245152,"SPENCER SIL/BLK SHORT CAP 3/4""",0.75,,6.15,10.33,11.33,Wood
245153,"SPENCER II SILVER CAP 3/4""",0.75,,5.07,8.52,9.52,Wood
245154,"SPENCER II GOLD CAP 3/4""",0.75,,5.07,8.52,9.52,Wood
246350,"BROOKLYN BLACK 7/8""",0.875,720472163170,3.42,5.74,6.74,Wood
247192,"DOMUS CHAMPAGNE 1 1/8""",1.0625,,10.24,17.21,18.21,Wood
247194,"DOMUS SILVER 1 1/8""",1.0625,,10.24,17.21,18.21,Wood
248150,"SPENCER GOLD TALL CAP 3/4""",0.75,,6.6,11.09,12.09,Wood
248151,"SPENCER SIL/BRN TALL CAP 3/4""",0.75,,6.6,11.09,12.09,Wood
248153,"SPENCER II SLVR TALL CAP 3/4""",0.75,,6.72,11.29,12.29,Wood
248154,"SPENCER II GOLD TALL CAP 3/4""",0.75,,6.72,11.29,12.29,Wood
249500,"FINN DEEP 3/4"" LIP CAP BLK",0.75,720472193511,9.45,15.88,16.88,Wood
249510,"FINN DEEP 3/4"" LIP CAP NAT",0.75,720472193528,9.45,15.88,16.88,Wood
249520,"FINN DEEP 3/4"" LIP CAP ESPRESO",0.75,720472193535,9.45,15.88,16.88,Wood
250200,"AURA SMALL BEVEL NIMBUS 1""",1,,9.75,16.37,17.37,Wood
252234,"MODERNE GOLD ROUND 13/16""",0.8125,,5.47,8.75,9.75,Wood
252236,"MODERNE SILVER ROUND 13/16""",0.8125,,5.47,8.75,9.75,Wood
253206,"SHOJI DARK WALNUT 3/4"" SM CAP",0.75,,3.3,5.54,6.54,Wood
253208,"SHOJI EBONIZED WAL 3/4"" SM CAP",0.75,,3.3,5.54,6.54,Wood
254904,"METALIA BLACK 3/4"" TALL",0.75,,8.75,13.35,14.35,Wood
254905,"METALIA SILVER 3/4"" TALL",0.75,,8.75,13.35,14.35,Wood
254906,"METALIA GOLD 3/4"" TALL",0.75,,8.75,13.35,14.35,Wood
254907,"METALIA CHAMPAGNE 3/4"" TALL",0.75,,8.75,13.35,14.35,Wood
254908,"METALIA BRASS 3/4"" TALL",0.75,,8.75,13.35,14.35,Wood
254909,"METALIA II GUNMETAL 3/4"" TALL",0.75,,8.8,14.07,15.07,Wood
255482,"JASPER BLACK 1"" SHADOWBOX XL",1,,12.08,18.53,19.53,Wood
255484,"JASPER WHITE 1"" SHADOWBOX XL",1,,12.49,19.06,20.06,Wood
256350,"BROOKLYN BLACK 13/16""",0.8125,720472163187,5.75,9.66,10.66,Wood
258602,CARNIVALE FLAT PINACOLDA 1 1/4,1.25,720472197397,6.77,11.36,12.36,Wood
258603,"CARNIVALE FLAT GLDN SUN 1 1/4""",1.25,720472197403,6.77,11.36,12.36,Wood
258604,CARNIVALE FLAT HIBSCSPNK 1 1/4,1.25,720472197410,6.77,11.36,12.36,Wood
258605,"CARNIVALE FLAT CHILIRED 1 1/4""",1.25,720472197427,6.77,11.36,12.36,Wood
258608,CARNIVALE FLAT RNFAL BLU 1 1/4,1.25,720472197441,6.77,11.36,12.36,Wood
258609,"CARNIVALE FLAT SEA BLU 1 1/4""",1.25,720472197458,6.77,11.36,12.36,Wood
258610,CARNIVALE FLAT COFFEE BN 1 1/4,1.25,720472197465,6.77,11.36,12.36,Wood
259405,"LARS 1 9/16"" PANEL ANTQ SILVER",1.5625,,8.55,12.27,13.27,Wood
259406,"LARS 1 9/16"" PANEL ANTQ GOLD",1.5625,,8.82,12.69,13.69,Wood
261240,"KOMODO RED TALL CAP 1""",1.0625,,7.51,12.62,13.62,Wood
26206,"1""X2 1/4"" LARGE STRETCHER BAR",2.25,,3.76,6.62,7.62,Wood
262407,"LARS 1 3/4"" RIPPLE BLACK",1.75,,11.02,15.86,16.86,Wood
264970,PETITES III 3/4 CUBE BRUSH NIC,0.75,,5.85,8.2,9.2,Wood
264971,PETITES III 3/4 CUBE BRUSH BRA,0.75,,5.85,8.2,9.2,Wood
264972,PETITES III 3/4 CUBE BRUSH BRO,0.75,,5.85,8.2,9.2,Wood
264973,PETITES III 3/4 CUBE BRUSH STE,0.75,,5.85,8.2,9.2,Wood
265974,PETITES III 7/8 PANEL GOLD,0.875,,6.03,8.44,9.44,Wood
265975,PETITES III 7/8 PANEL SILVER,0.875,,6.03,8.44,9.44,Wood
265976,PETITES III 7/8 PANEL PEWTER,0.875,,6.03,8.44,9.44,Wood
265977,PETITES III 7/8 PANEL BRONZE,0.875,,6.03,8.44,9.44,Wood
266900,LISBON AGED HONEY,0.8125,720472158299,13.07,21.96,22.96,Wood
266902,LISBON AGED WALNUT,0.8125,720472158312,13.07,21.96,22.96,Wood
266903,LISBON AGED BLACK,0.8125,720472158329,13.07,21.96,22.96,Wood
267975,PETITES III 13/16 BEVEL SILVER,0.8125,,6.45,8.98,9.98,Wood
267976,PETITES III 13/16 BEVEL PEWTER,0.8125,,6.45,8.98,9.98,Wood
267977,PETITES III 13/16 BEVEL BRONZE,0.8125,,6.45,8.98,9.98,Wood
269240,LANCASTER COVERED BRIDGE GREY,0.8125,720472173308,9.74,16.36,17.36,Wood
269250,LANCASTER SPLIT RAIL TAN,0.8125,720472173315,9.74,16.36,17.36,Wood
269260,LANCASTER AMISH BLACK,0.8125,720472173322,9.74,16.36,17.36,Wood
270706,"OLSEN MAPLE FLAT 1 1/2""",1.5,,6.86,11.53,12.53,Wood
270708,"OLSEN OAK FLAT 1 1/2""",1.5,,6.86,11.53,12.53,Wood
271153,"SPENCER II SLVR SLOPE 3/4""",0.75,,6.72,11.29,12.29,Wood
271154,"SPENCER II GOLD SLOPE 3/4""",0.75,,6.72,11.29,12.29,Wood
272110,"CUMBERLAND WHITE OAK CAP 3/4""",0.75,,10.34,17.37,18.37,Wood
272111,"CUMBERLAND GREY CAP 3/4""",0.75,,8.66,14.54,15.54,Wood
272112,"CUMBERLAND NATURAL CAP 3/4""",0.75,,9.32,15.66,16.66,Wood
272113,CUMBERLAND II WALNUT CAP,0.75,,14.3,24.02,25.02,Wood
272310,"HANS 3/4"" CAP WISHBONE",0.75,,7.19,12.09,13.09,Wood
272311,"HANS 3/4"" CAP HARE",0.75,,7.19,12.09,13.09,Wood
272312,"HANS 3/4"" CAP MUSKRAT",0.75,,7.19,12.09,13.09,Wood
272313,"HANS 3/4"" CAP PHEASANT",0.75,,7.19,12.09,13.09,Wood
272710,"ALDEN EBON WALNUT CAP 3/4""",0.75,,12.22,18.67,19.67,Wood
272712,"ALDEN DK WALNUT CAP 3/4""",0.75,,12.22,18.67,19.67,Wood
274110,"ALLOY 3/4"" CAP REV BEVL NICKEL",0.75,,7.52,12.64,13.64,Wood
274111,"ALLOY 3/4"" CAP REV BEVL GUNMTL",0.75,,7.38,12.4,13.4,Wood
274112,"ALLOY 3/4"" CAP REV BEVL SFTGLD",0.75,,7.38,12.4,13.4,Wood
274113,"ALLOY 3/4""CAP REV BEVL CHMPGNE",0.75,,7.38,12.4,13.4,Wood
275870,COLOSSEUM II SOFT PEWTER 1 1/2,1.5,,11.65,19.57,20.57,Wood
275871,COLOSSEUM II TARN SILVER 1 1/2,1.5,,11.65,19.57,20.57,Wood
275872,"COLOSSEUM II MOON GOLD 1 1/2""",1.5,,11.65,19.57,20.57,Wood
275874,"COLOSSEUM II TITANIUM 1 1/2""",1.5,,11.65,19.57,20.57,Wood
275876,"COLOSSEUM II STEEL BLUE 1 1/2""",1.5,,11.65,19.57,20.57,Wood
275877,"COLOSSEUM CAP BLK OXIDE 1 1/2""",1.5,720472197229,11.65,19.57,20.57,Wood
277605,"AXEL ANTQ CHESTNUT 3/4""",0.75,,15.81,26.55,27.55,Wood
277610,"AXEL SMOKED TIMBER 3/4""",0.75,,15.81,26.55,27.55,Wood
281320,"HARLOW TALL SLANT MIRROR 1""",1,,9.98,16.76,17.76,Wood
282212,SENELAR-NOUVEAU,1.0625,720472140041,22.62,38,39,Wood
284712,ALLEGRA - ANTIQUE GOLD,0.75,720472127271,8.75,14.69,15.69,Wood
284714,ALLEGRA - ANTIQUE SILVER,0.75,720472127288,8.75,14.69,15.69,Wood
287615,EASTLAKE (287615),0.875,720472126250,5.9,8.34,9.34,Wood
288615,"ANVIL AGED STEEL 3/4""",0.6875,,8.27,13.9,14.9,Wood
288620,"ANVIL AGED STEEL 3/4""",0.6875,,8.27,13.9,14.9,Wood
289630,"ANVIL II ENHANCR 3/4"" OILD STL",0.6875,,9.28,15.59,16.59,Wood
291615,"ANVIL AGED STEEL 3/4""",0.6875,,10.56,17.75,18.75,Wood
291BDG,WILLIAMSBURG COLLECTION,0.8125,720472100861,7.4,12.43,13.43,Wood
292630,"ANVIL II CAP 3/4"" OILED STEEL",0.6875,,12.62,21.2,22.2,Wood
294110,"ALLOY 1"" CAP REV BEVEL NICKEL",1,,9.59,16.12,17.12,Wood
294112,"ALLOY 1"" CAP REV BEVEL SOFTGLD",1,,9.59,16.12,17.12,Wood
294113,"ALLOY 1"" CAP REV BEVEL CHMPGNE",1,,9.59,16.12,17.12,Wood
294526,"ANSLEY BLACK 3/4""",0.75,,7.24,12.16,13.16,Wood
296350,"BROOKLYN BLACK 1""",1,720472163279,3.58,6.01,7.01,Wood
296351,"BROOKLYN WHITE DOME 1""",1,720472197571,4.06,6.12,7.12,Wood
297602,"CARNIVALE CAP PINACOLA 13/16""",0.8125,720472197489,5.62,9.44,10.44,Wood
297603,"CARNIVALE CAP GOLD SUN 13/16""",0.8125,720472197496,5.62,9.44,10.44,Wood
297605,"CARNIVALE CAP CHILIRED 13/16""",0.8125,720472197519,5.62,9.44,10.44,Wood
297607,"CARNIVALE CAP RAINBLUE 13/16""",0.8125,720472197533,5.62,9.44,10.44,Wood
297608,"CARNIVALE CAP SEA BLUE 13/16""",0.8125,720472197540,5.62,9.44,10.44,Wood
297609,"CARNIVALE CAP COFFEEBN 13/16""",0.8125,720472197557,5.62,9.44,10.44,Wood
298201,"SHUTTER FLOAT BLACK 1 9/16""",1.5625,,7.3,12.27,13.27,Wood
300750,SOFIA BRONZE CAP W/LEAF,0.9375,720472154895,11.39,19.13,20.13,Wood
300751,SOFIA GOLD CAP W/LEAF,0.9375,720472154840,11.35,19.07,20.07,Wood
300752,SOFIA IRON CAP W/LEAF,0.9375,720472154796,11.35,19.07,20.07,Wood
302100,"H4 SM SCOOP WINGEDWHITE 1 1/4""",1.25,,13.74,23.08,24.08,Wood
303175,CRANBROOK 2 NAT WALNUT SLANT,0.75,720472167932,12.73,21.38,22.38,Wood
303176,CRANBROOK 2 DK WALNUT SLANT,0.75,720472167925,10.66,17.9,18.9,Wood
303177,CRANBROOK 2 NAT MAPLE SLANT,0.75,720472167901,10.68,17.94,18.94,Wood
303180,CRANBROOK 2 EBONZ WAL SLANT,0.75,720472167918,10.34,17.37,18.37,Wood
303181,CRANBROOK 2 CHERRY SLANT,0.75,720472167888,10.18,17.09,18.09,Wood
303CG,MARQUIS,1,720472101035,11.76,19.75,20.75,Wood
304452,"MUSEO GOLD SCOOP 1 3/16""",1.1875,,5.87,9.4,10.4,Wood
304453,"MUSEO SILVER SCOOP 1 3/16""",1.1875,,5.87,9.4,10.4,Wood
304454,"MUSEO BLACK SCOOP 1 3/16""",1.1875,,5.5,8.8,9.8,Wood
305621,"MAISON ASH 1 1/8""",1.125,720472197137,8.79,14.76,15.76,Wood
306180,HUDSON GOLD WHISTLER,1.5,,6.84,11.5,12.5,Wood
307680,"ARTIFACT ANT GREY GC 1 1/8""",1.125,,13.3,20.32,21.32,Wood
307682,"ARTIFACT ANT BLK GC 1 1/8""",1.125,,13.3,20.32,21.32,Wood
309100,"EIFFEL SWAN SILVER 1 9/16""",1.5625,720472193351,10.76,18.07,19.07,Wood
309110,"EIFFEL SWAN PEWTER 1 9/16""",1.5625,720472193368,10.76,18.07,19.07,Wood
309120,"EIFFEL SWAN GOLD 1 9/16""",1.5625,720472193375,10.76,18.07,19.07,Wood
309130,"EIFFEL SWAN BRONZE 1 9/16""",1.5625,720472193382,10.76,18.07,19.07,Wood
312680,"ARTIFACT ANT GREY DB 1 1/4""",1.25,,15.94,24.34,25.34,Wood
312682,"ARTIFACT ANT BLK DB 1 1/4""",1.25,,15.94,24.34,25.34,Wood
313183,"CRANBROOK WHITE WASH MAPLE 1""",1,720472197601,7,10.99,11.99,Wood
313674,CRANBROOK EBONIZED WAL CUBE,1,720472150606,7.24,12.16,13.16,Wood
313675,CRANBROOK EBONIZED NAT CUBE,1,,6.85,11.51,12.51,Wood
313676,CRANBROOK DK WAL CUBE,1,720472150620,7.24,12.16,13.16,Wood
313677,CRANBROOK NAT MAPLE CUBE,1,720472150637,9.13,15.34,16.34,Wood
313710,"ALDEN EBON WALNUT CURVE 1 1/8""",1.125,,24.4,37.26,38.26,Wood
313712,"ALDEN DK WALNUT CURVE 1 1/8""",1.125,,24.4,37.26,38.26,Wood
314240,"KOMODO RED CUBE 1 1/2""",1.5,,8.05,13.52,14.52,Wood
314250,"KOMODO BLACK CUBE 1 1/2""",1.5,,8.05,13.52,14.52,Wood
315173,"OLMSTED SILVER 15/16""",0.9375,,11.42,19.18,20.18,Wood
316180,HUDSON GOLD SCOOP,1.625,,7.03,11.81,12.81,Wood
316190,HUDSON SILVER SCOOP,1.625,,7.03,11.81,12.81,Wood
316200,HUDSON II IVORY SCOOP 1 5/8,1.625,,6.39,10.74,11.74,Wood
316210,HUDSON II BLACK SCOOP 1 5/8,1.625,,6.39,10.74,11.74,Wood
316220,HUDSON II BLKGLD SCOOP 1 5/8,1.625,,6.39,10.74,11.74,Wood
316516,ANSLEY CHERRY ROOFTOP,1,720472144469,5.36,9,10,Wood
316519,ANSLEY MAHOGANY ROOFTOP,1,720472144490,5.36,9,10,Wood
316526,"ANSLEY BLACK 1""",1,,5.37,9.02,10.02,Wood
317100,"SPOLETO SMALL CUBE SIL 1 1/8""",1.125,,9.77,16.41,17.41,Wood
317110,"SPOLETO SMALL CUBE PWT 1 1/8""",1.125,,9.77,16.41,17.41,Wood
317130,"SPOLETO SMALL CUBE BRZ 1 1/8""",1.125,,9.77,16.41,17.41,Wood
317602,KENSINGTON WALNUT BURL,1.1875,720472126403,12.95,21.76,22.76,Wood
318317,"DRAYTON BLK & GLD CURVE 1 1/4""",1.1875,,5.42,8.67,9.67,Wood
319712,ALLEGRA - ANTIQUE GOLD,1,720472127318,11.4,19.14,20.14,Wood
320940,GALLERY ONE BLACK SCOOP,1.5,720472159760,6.78,11.38,12.38,Wood
320941,GALLERY ONE WHITE SCOOP,1.5,720472159777,6.78,11.38,12.38,Wood
321720,VERMONT BRICK RED,1,720472154246,5.95,10,11,Wood
321721,VERMONT DENIM,1,720472154253,5.95,10,11,Wood
321723,VERMONT THUNDER GRAY,1,720472154277,5.95,10,11,Wood
321725,VERMONT SADDLE BROWN,1,720472154291,6.34,10.65,11.65,Wood
322206,"SHOJI DARK WALNUT 2"" FLOAT",2,,9.2,15.45,16.45,Wood
322208,"SHOJI EBONIZED WALNUT 2"" FLOAT",2,,9.2,15.45,16.45,Wood
322440,"BAUHAUS II WHITE FLOAT 2""",1.875,,14.66,22.27,23.27,Wood
322440,"BAUHAUS II WHITE FLOAT 2""",1.875,,14.66,22.27,23.27,Wood
322450,"BAUHAUS II BLACK FLOAT 2""",1.875,,13.88,21.23,22.23,Wood
322450,"BAUHAUS II BLACK FLOAT 2""",1.875,,13.88,21.23,22.23,Wood
323960,FLAX OYSTER LINEN LINER,1.0625,720472159883,4.9,8.22,9.22,Liner
323962,FLAX SAND LINEN LINER,1.0625,720472159890,4.9,8.22,9.22,Liner
324940,GALLERY ONE BLACK FLOAT,2,720472159807,7.1,11.92,12.92,Wood
324941,GALLERY ONE WHITE FLOAT,2,720472159814,7.1,11.92,12.92,Wood
325100,"SPOLETO LARGE CUBE SIL 1 9/16""",1.5625,,12.83,21.55,22.55,Wood
325110,"SPOLETO LARGE CUBE PWT 1 9/16""",1.5625,,12.83,21.55,22.55,Wood
325130,"SPOLETO LARGE CUBE BRZ 1 9/16""",1.5625,,12.83,21.55,22.55,Wood
325904,"METALIA II BLACK LG CU 1 9/16""",1.5625,,10.26,16.41,17.41,Wood
325905,"METALIA II SILVR LG CU 1 9/16""",1.5625,,10.26,16.41,17.41,Wood
325906,"METALIA II GOLD LG CU 1 9/16""",1.5625,,10.26,16.41,17.41,Wood
325907,"METALIA II CHAMP LG CU 1 9/16""",1.5625,,10.26,16.41,17.41,Wood
325908,"METALIA II BRASS LG CU 1 9/16""",1.5625,,10.26,16.41,17.41,Wood
325909,"METALIA II GUNMT LG CU 1 9/16""",1.5625,,10.26,16.41,17.41,Wood
326180,HUDSON GOLD SCOOP,1.75,,7.95,13.36,14.36,Wood
326190,HUDSON SILVER SCOOP,1.75,,7.95,13.36,14.36,Wood
326200,HUDSON II IVORY SCOOP 1 3/4,1.75,,8.1,13.6,14.6,Wood
326210,HUDSON II BLACK SCOOP 1 3/4,1.75,,8.1,13.6,14.6,Wood
326220,HUDSON II BLKGLD SCOOP 1 3/4,1.75,,7.52,12.64,13.64,Wood
327100,"SPOLETO SCOOP SILVER 1 3/16""",1.1875,,8.36,14.05,15.05,Wood
327110,"SPOLETO SCOOP PEWTER 1 3/16""",1.1875,,8.36,14.05,15.05,Wood
332900,"FOUNDRY BRASS 1 1/8""",1.125,,9.69,16.29,17.29,Wood
332902,"FOUNDRY IRON 1 1/8""",1.125,,9.69,16.29,17.29,Wood
332904,"METALIA BLACK 1 1/8""",1.125,,9.12,13.93,14.93,Wood
332905,"METALIA SILVER 1 1/8""",1.125,,9.12,13.93,14.93,Wood
332906,"METALIA GOLD 1 1/8""",1.125,,9.12,13.93,14.93,Wood
332907,"METALIA CHAMPAGNE 1 1/8""",1.125,,9.12,13.93,14.93,Wood
332908,"METALIA BRASS 1 1/8""",1.125,,9.12,13.93,14.93,Wood
332909,"METALIA II GUNMETAL 1 1/8""",1.125,,9.19,14.7,15.7,Wood
334082,SOHO-MATTE BLACK,0.875,720472134842,7.11,11.94,12.94,Wood
334084,SOHO-MATTE BLACK SILVER FOIL,0.875,720472134859,7.49,12.59,13.59,Wood
334086,SOHO-MATTE BLACK GOLD FOIL,0.875,720472134866,7.49,12.59,13.59,Wood
334134,"PETITE II PEWTER 15/16""",0.9375,720472172448,8.05,13.52,14.52,Wood
334916,"PETITE BLK/SIL 15/16""",0.9375,720472160612,7.69,12.92,13.92,Wood
334917,"PETITE BLK/GLD 15/16""",0.9375,720472160629,7.69,12.92,13.92,Wood
335554,FERROSA 2 IRON,1.125,720472146623,13.16,22.1,23.1,Wood
335556,FERROSA 2 BRONZE,1.125,720472146630,13.16,22.1,23.1,Wood
336180,HUDSON GOLD FLAT,1.4375,,4.94,8.3,9.3,Wood
336190,HUDSON SILVER FLAT,1.4375,,4.94,8.3,9.3,Wood
336200,HUDSON II IVORY FLAT 1 1/2,1.5,,4.81,8.07,9.07,Wood
336210,HUDSON II BLACK FLAT 1 1/2,1.5,,4.81,8.07,9.07,Wood
336220,HUDSON II BLKGLD FLAT 1 1/2,1.5,,4.81,8.07,9.07,Wood
337591,MARAIS GOLD,1,720472146746,9.08,15.25,16.25,Wood
337592,MARAIS SILVER,1,720472146753,9.08,15.25,16.25,Wood
337593,"MARAIS II 1"" SCOOP",1,720472156653,9.35,15.71,16.71,Wood
338120,"DRESDEN BLACK UMBER 1 3/8""",1.375,720472163415,11.06,18.57,19.57,Wood
340CB,VIENNA,1.125,720472101233,8.05,13.52,14.52,Wood
341482,"JASPER BLACK CAP 1 1/2""",1.5,,7.93,13.32,14.32,Wood
341484,"JASPER WHITE CAP 1 1/2""",1.5,,8.27,13.9,14.9,Wood
343804,GALLERY ONE BLACK FLOAT,1.75,720472159784,6.83,11.48,12.48,Wood
343805,GALLERY ONE WHITE FLOAT,1.75,720472159791,6.83,11.48,12.48,Wood
344790,GRAMERCY BLACK FLOAT,1.75,720472153348,10.58,17.78,18.78,Wood
344791,GRAMERCY BRUSH SILVER FLOAT,1.75,720472153355,8.7,14.62,15.62,Wood
345082,SOHO-MATTE BLACK,1,720472134873,12.75,21.42,22.42,Wood
345086,SOHO-MATTE BLACK GOLD FOIL,1,720472134897,12.36,20.77,21.77,Wood
345790,GRAMERCY BLACK FLAT,1.5,720472153362,5.57,9.36,10.36,Wood
345791,GRAMERCY BRUSH SILVER FLAT,1.5,720472153379,5.87,9.87,10.87,Wood
346640,SEDONA IVORY,1.375,720472126922,8.26,13.88,14.88,Wood
346641,SEDONA GREY,1.375,720472126939,8.9,14.95,15.95,Wood
346642,SEDONA RED/BRN,1.375,720472126946,8.57,14.4,15.4,Wood
346790,GRAMERCY BLACK CUBE,1.625,720472153386,7.65,12.84,13.84,Wood
346791,GRAMERCY BRUSH SILVER CUBE,1.625,720472153393,8.6,14.45,15.45,Wood
347630,"CONFETTI BLACK 1 3/4""",1.75,720472150545,7.17,12.05,13.05,Wood
347635,"CONFETTI RED 1 3/4""",1.75,720472149945,8.05,13.52,14.52,Wood
347640,"CONFETTI ROYAL BLUE 1 3/4""",1.75,720472149990,8.48,14.25,15.25,Wood
350285,TRIBECA BLACK 398 PROFILE,1.4375,720472139755,6.23,10.46,11.46,Wood
350286,WHITE REVERSE,1.4375,720472142656,7.51,12.62,13.62,Wood
350790,LUCERNE ONYX,1.25,720472154505,14.19,23.84,24.84,Wood
350791,LUCERNE SAGE,1.25,720472154512,14.19,23.84,24.84,Wood
350793,LUCERNE TOPAZ,1.25,720472154536,14.19,23.84,24.84,Wood
351800,BELMONT LT OLIVE CAP,1.5,720472154642,17.97,30.2,31.2,Wood
351801,BELMONT MED OLIVE CAP,1.5,720472154659,17.97,30.2,31.2,Wood
351802,BELMONT DK OLIVE CAP,1.5,720472154666,17.97,30.2,31.2,Wood
354301,"BRITTANY CHARCOAL BLACK 1 1/2""",1.5,,13.01,21.86,22.86,Wood
354302,"BRITTANY SHELL WHITE 1 1/2""",1.5,,13.01,21.86,22.86,Wood
354304,"BRITTANY SAGE GREEN 1 1/2""",1.5,,13.17,22.12,23.12,Wood
354706,"OLSEN MAPLE FLOAT 2""",2,,18.92,31.78,32.78,Wood
354708,"OLSEN OAK FLOAT 2""",2,,18.92,31.78,32.78,Wood
355904,"METALIA BLACK 2"" FLOAT",2,,16.13,24.63,25.63,Wood
355905,"METALIA SILVER 2"" FLOAT",2,,16.13,24.63,25.63,Wood
355906,"METALIA GOLD 2"" FLOAT",2,,16.13,24.63,25.63,Wood
355907,"METALIA CHAMPAGNE 2"" FLOAT",2,,16.13,24.63,25.63,Wood
355908,"METALIA BRASS 2"" FLOAT",2,,16.13,24.63,25.63,Wood
355909,"METALIA II GUNMETAL 2"" FLOAT",2,,16.23,25.97,26.97,Wood
356350,"BROOKLYN BLACK 1 3/8""",1.375,720472163194,4.4,7.39,8.39,Wood
356351,"BROOKLYN WHITE FLAT 1 3/8""",1.375,720472197588,4.36,6.64,7.64,Wood
357591,MARAIS GOLD SCOOP,1.625,720472146760,11.24,18.89,19.89,Wood
357592,MARAIS SILVER SCOOP,1.625,720472146777,11.24,18.89,19.89,Wood
357593,"MARAIS II 1 5/8"" SCOOP",1.625,720472156660,11.21,18.83,19.83,Wood
358184,"L7 WHITE SILVER 5/8""",0.6875,,19.55,32.84,33.84,Wood
358185,"L7 GOLD 5/8""",0.6875,,18.38,30.88,31.88,Wood
359240,LANCASTER COVERED BRIDGE GREY,1.25,720472173339,8.44,14.18,15.18,Wood
359260,LANCASTER AMISH BLACK,1.25,720472173353,8.44,14.18,15.18,Wood
363101,"CABANA RIVIERA RED 7/8""",0.8125,,6.28,10.55,11.55,Wood
363102,"CABANA SAILOR WHITE 7/8""",0.8125,,6.28,10.55,11.55,Wood
363103,"CABANA SEAL BLACK 7/8""",0.8125,,6.28,10.55,11.55,Wood
363104,"CABANA BEACH PEBBLE 7/8""",0.8125,,6.28,10.55,11.55,Wood
363105,"CABANA PROVENCE BLUE 7/8""",0.8125,,6.28,10.55,11.55,Wood
363115,"CABANA GROTTO GREEN 7/8""",0.8125,,6.28,10.55,11.55,Wood
363116,"CABANA AMALFI GREEN 7/8""",0.8125,,6.28,10.55,11.55,Wood
363119,"CABANA NAUTICAL NAVY 7/8""",0.8125,,6.28,10.55,11.55,Wood
363124,"CABANA CABANA BLUE 7/8""",0.8125,,6.28,10.55,11.55,Wood
363125,"CABANA AUBERGINE 7/8""",0.8125,,6.28,10.55,11.55,Wood
363176,CRANBROOK II DK WAL SLOPED CAP,0.8125,720472167994,12.25,20.59,21.59,Wood
363177,CRANBROOK II NATMPL SLOPED CAP,0.8125,720472167970,14.91,25.04,26.04,Wood
363180,CRANBROOK II EBNZ WAL SLPE CAP,0.8125,720472167987,12.44,20.91,21.91,Wood
363183,DISC-CRANBROOK II WHTMPL SLOP,0.8125,720472167963,12.6,22.18,23.18,Wood
364206,"SHOJI DARK WAL 1 1/8"" LG CUBE",1.125,,4.1,6.89,7.89,Wood
364208,"SHOJI EBOND WAL 1 1/8"" LG CUBE",1.125,,4.1,6.89,7.89,Wood
364706,"OLSEN MAPLE TALL CAP 1""",1,,7.26,12.2,13.2,Wood
364708,"OLSEN OAK TALL CAP 1""",1,,7.26,12.2,13.2,Wood
367192,"DOMUS CHAMPAGNE 1 13/16""",1.75,,15.29,25.68,26.68,Wood
367194,"DOMUS SILVER 1 13/16""",1.75,,15.29,25.68,26.68,Wood
368450,DISC-SIMPATICO DK SIL BAR PAN,1.375,,7.29,12.83,13.83,Wood
370285,TRIBECA BLK LGE FLAT W/GROVS,1.5625,720472139779,6.25,10.5,11.5,Wood
371560,INTERMEZZO MOHAGANY COVE W/BLK,1,,12.85,21.59,22.59,Wood
371570,INTERMEZZO SABLE COVE W/BLK,1,,12.85,21.59,22.59,Wood
372124,"RAVELLO CROSSGRN MP FLT 1 1/4""",1.25,,5.85,9.36,10.36,Wood
372125,"RAVELLO ELM BURL FLAT 1 1/4""",1.25,,5.85,9.36,10.36,Wood
372126,"RAVELLO DANIELA WAL FLT 1 1/4""",1.25,,5.85,9.36,10.36,Wood
372127,"RAVELLO POPLAR BURL FLT 1 1/4""",1.25,,5.85,9.36,10.36,Wood
372128,"RAVELLO BIRDSEYE MP FLT 1 1/4""",1.25,,5.85,9.36,10.36,Wood
372206,"SHOJI DARK WALNUT 1 3/16"" CUBE",1.1875,,3.36,5.64,6.64,Wood
372208,SHOJI EBONIZED WAL 1 3/16 CUBE,1.1875,,3.36,5.64,6.64,Wood
372247,"RENZO BLONDE BURL FLAT 1 1/4""",1.1875,,10.71,18,19,Wood
372285,TRIBECA BLACK SMALL CUBE,1.1875,720472139748,6.29,10.57,11.57,Wood
372286,WHITE SMALL CUBE,1.1875,720472142649,7.51,12.62,13.62,Wood
372440,BAUHAUS II WHITE SM FLAT 1 1/4,1.1875,,5.21,8.76,9.76,Wood
372450,BAUHAUS II BLACK SM FLAT 1 1/4,1.1875,,4.93,8.27,9.27,Wood
374234,"MODERNE GOLD SLANT 1 1/4""",1.1875,,6.68,10.69,11.69,Wood
374236,"MODERNE SILVER SLANT 1 1/4""",1.1875,,6.68,10.69,11.69,Wood
374650,"TATE BLACK BEVELED CUBE 1 1/4""",1.25,,6.8,11.42,12.42,Wood
374660,"TATE SILV BEVELED CUBE 1 1/4""",1.25,,6.8,11.42,12.42,Wood
374670,"TATE GOLD BEVELED CUBE 1 1/4""",1.25,,6.79,11.4,12.4,Wood
376900,LISBON AGED HONEY,1.75,720472158336,21.54,36.18,37.18,Wood
376903,LISBON AGED BLACK,1.75,720472158367,21.54,36.18,37.18,Wood
37-781P,"GARRETT FOG GREY BEVEL 5/8""",0.625,720472187725,6.88,11.55,12.55,Wood
37-786P,GARRETT BEACH BLONDE BEVEL,0.625,720472184533,6.88,11.55,12.55,Wood
37-793P,"GARRETT TAHOE BLUE BEVEL 5/8""",0.625,720472184564,6.88,11.55,12.55,Wood
37-795P,"GARRETT BLK WATER BEVEL 5/8""",0.625,720472184588,6.88,11.55,12.55,Wood
379240,LANCASTER COVERED BRIDGE GREY,1.75,720472173360,9.49,15.95,16.95,Wood
379250,LANCASTER SPLIT RAIL TAN,1.75,720472173377,9.49,15.95,16.95,Wood
379260,LANCASTER AMISH BLACK,1.75,720472173384,9.49,15.95,16.95,Wood
381310,"HOMESTEAD BLACK 1 1/4""",1.25,,6.35,10.67,11.67,Wood
382285,TRIBECA BLACK LGE CUBE,1.625,720472139762,6.94,11.67,12.67,Wood
382286,"TRIBECA WHITE LG CUBE 1 5/8""",1.625,720472197595,8,12.13,13.13,Wood
382310,"HOMESTEAD BLACK 1 1/2""",1.5,,7.13,11.97,12.97,Wood
382440,BAUHAUS II WHITE LG FLAT 1 5/8,1.625,,8.89,14.62,15.62,Wood
382450,BAUHAUS II BLACK LG FLAT 1 5/8,1.625,,8.34,13.9,14.9,Wood
384605,"AXEL ANTQ CHESTNUT 1 1/2""",1.5,,19.43,32.63,33.63,Wood
384610,"AXEL SMOKED TIMBER 1 1/2""",1.5,,19.43,32.63,33.63,Wood
385403,"WHITMAN BRUSHED BLACK 1 3/16""",1.1875,,13.07,21.96,22.96,Wood
385405,"WHITMAN ANTQ TORTOISE 1 3/16""",1.1875,,13.07,21.96,22.96,Wood
385556,DISC-FERROSA 2 BRONZE,1.1875,720472146579,11.57,19.45,20.45,Wood
386350,"BROOKLYN BLACK 1 1/2""",1.5,720472163217,5.9,9.9,10.9,Wood
388630,"DEVON BLACK 1 9/16""",1.5625,,15.09,25.36,26.36,Wood
388640,"DEVON DK WALNUT 1 9/16""",1.5625,,15.09,25.36,26.36,Wood
388650,"DEVON GRAY 1 9/16""",1.5625,,15.09,25.36,26.36,Wood
389403,"WHITMAN BRUSHED BLACK 1 3/16""",1.1875,,7.96,13.38,14.38,Wood
389405,"WHITMAN ANTQ TORTOISE 1 3/16""",1.1875,,7.96,13.38,14.38,Wood
390285,TRIBECA BLACK 468 PROFILE,1.5625,720472139786,6.07,10.21,11.21,Wood
390286,WHITE TRAD W/BEAD,1.5625,720472142663,7.6,12.77,13.77,Wood
391320,"HARLOW FLAT MIRROR 1 9/16""",1.5625,,10.7,17.98,18.98,Wood
392320,"HARLOW SCOOP MIRROR 1 9/16""",1.5625,,12.68,21.3,22.3,Wood
395252,FERROSA PEWTER,1.4375,720472138949,13.61,22.86,23.86,Wood
395254,FERROSA IRON,1.4375,720472138956,13.61,22.86,23.86,Wood
395556,FERROSA 2 BRONZE,1.4375,720472146586,13.84,23.25,24.25,Wood
396350,"BROOKLYN BLACK 2""",2,720472163224,6.53,10.97,11.97,Wood
399403,"WHITMAN BRUSHED BLACK 1 1/2""",1.5,,9.17,15.41,16.41,Wood
399405,"WHITMAN ANTQ TORTOISE 1 1/2""",1.5,,9.17,15.41,16.41,Wood
400350,"BRIMFIELD BLK SCALLOP 1 5/8""",1.625,,11.48,19.29,20.29,Wood
400360,"BRIMFIELD WHT SCALLOP 1 5/8""",1.625,,11.48,19.29,20.29,Wood
400750,SOFIA BRONZE SCALLOP,1.625,720472154901,12.51,21.01,22.01,Wood
400751,SOFIA GOLD SCALLOP,1.625,720472154857,12.51,21.01,22.01,Wood
400752,SOFIA IRON SCALLOP,1.625,720472154802,12.51,21.01,22.01,Wood
400CB,VIENNA,1.5625,720472101820,9.55,16.04,17.04,Wood
401240,"KOMODO RED FLOAT 2 11/16""",2.6875,,16.31,27.41,28.41,Wood
403235,ACADEMIE GOLD,1.1875,720472139298,8.09,13.59,14.59,Wood
403237,ACADEMIE SILVER,1.1875,720472139304,9.11,15.3,16.3,Wood
403239,ACADEMIE BLACK W/GOLD,1.1875,720472139311,9.11,15.3,16.3,Wood
405482,"JASPER BLACK FLAT 2""",2,,5.16,8.66,9.66,Wood
405484,"JASPER WHITE FLAT 2""",2,,5.21,8.76,9.76,Wood
406350,"BROOKLYN BLACK 2""",2,720472163231,6.86,11.53,12.53,Wood
406361,ANTICA-WALNUT,1.125,720472141215,13.44,22.59,23.59,Wood
406362,ANTICA-BLACK,1.125,720472141222,13.44,22.59,23.59,Wood
406CG,MARQUIS,1.125,720472101875,11.63,19.53,20.53,Wood
406CS,MARQUIS,1.125,720472101882,11.63,19.53,20.53,Wood
408602,KENSINGTON WALNUT BURL,1.25,720472126441,19.7,33.1,34.1,Wood
411431,ZEN LT BRONZE SMALL FLAT,1.375,720472143707,12.5,20.99,21.99,Wood
411433,ZEN DK SILVER SMALL FLAT,1.375,720472143721,12.5,20.99,21.99,Wood
411434,ZEN BLACK SMALL FLAT,1.375,720472143738,12.5,20.99,21.99,Wood
413674,CRANBROOK EBONIZED WAL FLAT,1.625,720472150644,9.96,16.73,17.73,Wood
413675,CRANBROOK EBONIZED NAT FLAT,1.625,,10,16.8,17.8,Wood
413676,CRANBROOK DK WAL FLAT,1.625,720472150668,10.18,17.09,18.09,Wood
413677,CRANBROOK NAT MAPLE FLAT,1.625,720472150675,12.11,20.35,21.35,Wood
414410,"DILLON WALNUT BEAM 1 1/2""",1.5,,16.62,27.92,28.92,Wood
414430,"DILLON WEATHERED GREY 1 1/2""",1.5,,16.62,27.92,28.92,Wood
415BL,REFLECTIONS,1.25,720472119467,6.82,11.46,12.46,Wood
416276,"MILO MAPLE TALL CAP 3/4""",0.75,,7.95,13.36,14.36,Wood
416277,"MILO WALNUT TALL CAP 3/4""",0.75,,7.95,13.36,14.36,Wood
416278,"MILO CERUSED OAK TALL CAP 3/4""",0.75,,7.45,12.52,13.52,Wood
417317,"DRAYTON BLK & GLD SCOOP 1 3/4""",1.6875,,8.51,13.61,14.61,Wood
418146,"KYOTO BLACK 1 3/8""",1.375,,17.08,26.09,27.09,Wood
418147,"KYOTO NATURAL 1 3/8""",1.375,,17.08,26.09,27.09,Wood
418148,"KYOTO GREY 1 3/8""",1.375,,17.08,26.09,27.09,Wood
420660,MANTILLA GOLD,1.75,720472150460,14.15,23.76,24.76,Wood
420661,MANTILLA BLACK,1.75,720472150477,13.84,23.25,24.25,Wood
420662,MANTILLA SILVER,1.75,720472150484,14.07,23.64,24.64,Wood
423960,FLAX OYSTER LINEN LINER,1.1875,720472159920,4.68,7.85,8.85,Liner
423962,FLAX SAND LINEN LINER,1.1875,720472159937,4.68,7.85,8.85,Liner
423966,FLAX BLACK LINEN LINER,1.1875,720472159951,4.68,7.85,8.85,Liner
429292,WINDERMERE MAHOGANY VENEER,1.1875,720472139847,6.52,10.96,11.96,Wood
431431,ZEN TAUPE CAP,1.375,720472143752,18.88,31.71,32.71,Wood
431432,ZEN GOLD CAP,1.375,720472143769,18.88,31.71,32.71,Wood
431434,ZEN BLACK CAP,1.375,720472143783,18.88,31.71,32.71,Wood
432900,"FOUNDRY BRASS 1 3/4""",1.75,,11.18,18.77,19.77,Wood
432902,"FOUNDRY IRON 1 3/4""",1.75,,11.18,18.77,19.77,Wood
433082,SOHO-MATTE BLACK,1.6875,720472134903,21.43,35.99,36.99,Wood
433084,SOHO-MATTE BLACK SILVER FOIL,1.6875,720472134910,20.66,34.7,35.7,Wood
434110,"CR2 CUBE SILVER 1 1/4""",1.25,,12.05,20.23,21.23,Wood
435500,"ALTO BLK FLAT 1 5/16""",1.3125,,5.58,9.37,10.37,Wood
435510,"ALTO WHT FLAT 1 5/16""",1.3125,,5.58,9.37,10.37,Wood
436350,"BROOKLYN BLACK 1 5/8""",1.625,720472163262,5.09,8.56,9.56,Wood
437500,"ALTO BLK LG CUBE 1 3/16""",1.1875,,6.15,10.33,11.33,Wood
437510,"ALTO WHT LG CUBE 1 3/16""",1.1875,,6.15,10.33,11.33,Wood
438120,"DRESDEN BLACK UMBER 2""",2,720472163422,13.84,23.25,24.25,Wood
439082,SOHO-MATTE BLACK,2.0625,720472134934,16.72,28.09,29.09,Wood
441077,PRAGUE-SILVER REVERSE,2.0625,720472134743,21.37,35.91,36.91,Wood
442650,"TATE BLACK FLOAT 1 3/4""",1.75,,8.38,14.08,15.08,Wood
442670,"TATE GOLD FLOAT 1 3/4""",1.75,,8.38,14.08,15.08,Wood
443960,FLAX OYSTER LINEN LINER,2,720472159968,5.37,9.02,10.02,Liner
443962,FLAX SAND LINEN LINER,2,720472159975,5.37,9.02,10.02,Liner
444110,"CR2 PYRAMID SILVER 1 5/8""",1.625,,13.12,22.05,23.05,Wood
445482,"JASPER BLACK 2 1/2""",2.5,,6.91,11.6,12.6,Wood
445484,"JASPER WHITE 2 1/2""",2.5,,7.02,11.79,12.79,Wood
446317,"DRAYTON BLK & GLD PANEL 2 1/8""",2.125,,9.78,15.65,16.65,Wood
452100,"CARBON 1 1/2"" CUBE BLACK",1.5,720472193337,15.31,25.73,26.73,Wood
453250,"ANDOVER FLAT BLACK 1 1/2""",1.5,,6.5,10.92,11.92,Wood
453260,"ANDOVER FLAT WHITE 1 1/2""",1.5,,6.5,10.92,11.92,Wood
453270,"ANDOVER FLAT SILVER 1 1/2""",1.5,,6.5,10.92,11.92,Wood
454301,"BRITTANY CHAR BLACK 1 1/16""",1.0625,,14.14,23.75,24.75,Wood
458184,"L7 WHITE SILVER 3/4""",0.8125,,21.44,36.02,37.02,Wood
458185,"L7 GOLD 3/4""",0.8125,,19.95,33.53,34.53,Wood
459500,"ALTO BLK FLAT 1 15/16""",1.9375,,7.27,12.21,13.21,Wood
459510,"ALTO WHT FLAT 1 15/16""",1.9375,,7.73,12.99,13.99,Wood
460620,ANVIL II FLOATER AGED STEEL,1.875,,18.35,30.83,31.83,Wood
461912,CHATEAU - LOUIS XVI,2,720472131957,37.65,63.25,64.25,Wood
462620,"ANVIL II CUBE 9/16""AGED STEEL",1.5625,,14.05,23.6,24.6,Wood
463110,BRIGHTON RND WAL 1 1/16,1.0625,,4.36,7.32,8.32,Wood
463120,BRIGHTON RND MAH 1 1/16,1.0625,,4.36,7.32,8.32,Wood
463130,BRIGHTON RND ESP 1 1/16,1.0625,,4.36,7.32,8.32,Wood
465110,BRIGHTON SM SCOOP WAL 1 3/16,1.1875,,4.66,7.83,8.83,Wood
465120,BRIGHTON SM SCOOP MAH 1 3/16,1.1875,,4.66,7.83,8.83,Wood
465130,BRIGHTON SM SCOOP ESP 1 3/16,1.1875,,4.66,7.83,8.83,Wood
468120,"DRESDEN BLACK UMBER 1 9/16""",1.5625,720472163439,13.64,22.91,23.91,Wood
470270,ANDOVER MED DOME SILV 1 11/16,1.6875,,7.78,13.06,14.06,Wood
470280,ANDOVER MED DOME GOLD 1 11/16,1.6875,,7.78,13.06,14.06,Wood
470290,ANDOVER MED DOME SUEDE 1 11/16,1.6875,,7.78,13.06,14.06,Wood
471014,DISC-CHATEAU LOUIS XV,2,720472135320,28.65,0,0,Wood
471550,INTERMEZZO UMBER COVE W/BLK,1.5625,,15.57,26.15,27.15,Wood
471560,INTERMEZZO MOHAGANY COVE W/BLK,1.5625,,15.57,26.15,27.15,Wood
471570,INTERMEZZO SABLE COVE W/BLK,1.5625,,15.57,26.15,27.15,Wood
471912,CHATEAU - LOUIS XV,2,720472131964,45.27,76.04,77.04,Wood
472110,BRIGHTON PYR WAL 1 1/2,1.5,,4.87,8.19,9.19,Wood
472120,BRIGHTON PYR MAH 1 1/2,1.5,,4.87,8.19,9.19,Wood
472130,BRIGHTON PYR ESP 1 1/2,1.5,,4.87,8.19,9.19,Wood
473110,BRIGHTON BEADED WAL 1 9/16,1.5625,,4.6,7.73,8.73,Wood
473120,BRIGHTON BEADED MAH 1 9/16,1.5625,,4.6,7.73,8.73,Wood
473130,BRIGHTON BEADED ESP 1 9/16,1.5625,,4.6,7.73,8.73,Wood
474110,"CR2 FLAT SILVER 2""",2,,11.59,19.48,20.48,Wood
475110,BRIGHTON REV WAL 1 11/16,1.6875,,4.52,7.59,8.59,Wood
475120,BRIGHTON REV MAH 1 11/16,1.6875,,4.52,7.59,8.59,Wood
475130,BRIGHTON REV 1 11/16,1.6875,,4.52,7.59,8.59,Wood
476350,"BROOKLYN BLACK 2""",2,720472163200,5.6,9.41,10.41,Wood
477593,"MARAIS II 1 1/2"" CONT. SCOOP",1.5,720472156684,10.32,17.34,18.34,Wood
479110,BRIGHTON LIP SCOOP WAL 1 13/16,1.8125,,4.81,8.07,9.07,Wood
479120,BRIGHTON LIP SCOOP MAH 1 13/16,1.8125,,4.81,8.07,9.07,Wood
479130,BRIGHTON LIP SCOOP ESP 1 13/16,1.8125,,4.81,8.07,9.07,Wood
480455,LILLE SMALL SCOOP GOLD 1 11/16,1.625,,12.09,20.31,21.31,Wood
480460,LILLE SML SCOOP BRONZE 1 11/16,1.625,,12.09,20.31,21.31,Wood
480465,LILLE SML SCOOP SILVER 1 11/16,1.625,,12.09,20.31,21.31,Wood
480470,LILLE SML SCOOP PEWTER 1 11/16,1.625,,12.09,20.31,21.31,Wood
482310,"HOMESTEAD BLACK 1 15/16""",1.9375,,9.09,15.27,16.27,Wood
484110,"CR2 FLOATER SILVER 1 3/4""",1.75,,14.3,24.02,25.02,Wood
485110,BRIGHTON LG SCOOP WAL 2,2,,5.75,9.66,10.66,Wood
485120,BRIGHTON LG SCOOP MAH 2,2,,5.75,9.66,10.66,Wood
485130,BRIGHTON LG SCOOP ESP 2,2,,5.75,9.66,10.66,Wood
486180,HUDSON GOLD SCOOP,1.5625,,6.7,11.26,12.26,Wood
486190,HUDSON SILVER SCOOP,1.5625,,6.7,11.26,12.26,Wood
486200,HUDSON II IVORY SCOOP 1 9/16,1.5625,,6.74,11.33,12.33,Wood
486220,"HUDSON II BLKGLD SCP 1 9/16""",1.5625,,6.71,11.28,12.28,Wood
487BDG,WILLIAMSBURG COLLECTION,#VALUE!,720472102681,8.2,13.77,14.77,Wood
488150,"SPENCER GOLD CUBE 1 1/4""",1.25,,5.97,10.04,11.04,Wood
488151,"SPENCER SIL/BRN CUBE 1 1/4""",1.25,,5.97,10.04,11.04,Wood
488152,"SPENCER SIL/BLK CUBE 1 1/4""",1.25,,5.97,10.04,11.04,Wood
488153,"SPENCER II SLVR CUBE 1 1/4""",1.25,,6.67,11.2,12.2,Wood
488154,"SPENCER II GOLD CUBE 1 1/4""",1.25,,6.67,11.2,12.2,Wood
489500,"FINN FLAT BLACK 1 3/4""",1.75,720472193559,9.17,15.41,16.41,Wood
489510,"FINN FLAT NATURAL 1 3/4""",1.75,720472193566,9.17,15.41,16.41,Wood
492150,SPENCER GOLD TALL FLOAT,1.9375,,8.97,15.06,16.06,Wood
492151,SPENCER SIL/BRN TALL FLOAT,1.9375,,8.97,15.06,16.06,Wood
492152,SPENCER SIL/BLK TALL FLOAT,1.9375,,8.97,15.06,16.06,Wood
492153,"SPENCER II SLVR FLOAT 1 15/16""",1.9375,,8.6,14.45,15.45,Wood
492154,"SPENCER II GOLD FLOAT 1 15/16""",1.9375,,8.6,14.45,15.45,Wood
492G,MARQUIS,1.5,720472102742,13.9,23.36,24.36,Wood
493200,"SALON 1789 GOLD SM CAP 1 3/16""",1.1875,,5.94,9.98,10.98,Wood
493225,"SALON 1789 SIL SM CAP 1 3/16""",1.1875,,5.94,9.98,10.98,Wood
493615,EASTLAKE (493615),1.625,,10.74,18.04,19.04,Wood
494100,"SPOLETO REVERSE SILVER 2""",2,,14.62,24.56,25.56,Wood
494110,"SPOLETO REVERSE PEWTER 2""",2,,14.62,24.56,25.56,Wood
494130,"SPOLETO REVERSE BRONZE 2""",2,,14.62,24.56,25.56,Wood
496200,"SALON 1789 GLD SM EMB 1 5/16""",1.3125,,6.14,10.31,11.31,Wood
496225,"SALON 1789 SIL SM EMB 1 5/16""",1.3125,,6.14,10.31,11.31,Wood
497150,"SPENCER GOLD FLAT 1 15/16""",1.9375,,6.6,11.09,12.09,Wood
497152,"SPENCER SIL/BLK FLAT 1 15/16""",1.9375,,6.6,11.09,12.09,Wood
497153,"SPENCER II SLVR CAP 1 15/16""",1.9375,,6.3,10.57,11.57,Wood
497154,"SPENCER II GOLD 1 15/16""",1.9375,,6.3,10.57,11.57,Wood
500CG,MARQUIS,2,720472102827,15.39,25.85,26.85,Wood
500CS,MARQUIS,2,720472102834,15.39,25.85,26.85,Wood
508200,"SALON 1789 LG GLD CAP 1 3/4""",1.875,,8.42,14.13,15.13,Wood
509706,"OLSEN MAPLE FLAT 2""",1.875,,8.55,14.36,15.36,Wood
509708,"OLSEN OAK FLAT 2""",1.875,,8.55,14.36,15.36,Wood
510BL,REFLECTIONS,0.8125,720472119481,11.73,19.7,20.7,Wood
511124,"RAVELLO CROSSGRN MP FLO 2 1/4""",2.25,,10.12,16.2,17.2,Wood
511125,"RAVELLO ELM BURL FLOAT 2 1/4""",2.25,,10.12,16.2,17.2,Wood
511126,"RAVELLO DANIELA WAL FLO 2 1/4""",2.25,,10.12,16.2,17.2,Wood
511127,"RAVELLO POPLAR BURL FLO 2 1/4""",2.25,,10.12,16.2,17.2,Wood
511128,"RAVELLO BIRDSEYE MP FLO 2 1/4""",2.25,,10.12,16.2,17.2,Wood
512500,"FINN FLOAT BLACK 1 3/4""",1.75,720472193597,12.09,20.31,21.31,Wood
512510,"FINN FLOAT NATURAL 1 3/4""",1.75,720472193603,12.09,20.31,21.31,Wood
512520,"FINN FLOAT ESPRESSO 1 3/4""",1.75,720472193610,12.09,20.31,21.31,Wood
513200,"SALON 1789 SM GLD PANEL 2""",2,,7.45,12.52,13.52,Wood
513225,"SALON 1789 SM SIL PANEL 2""",2,,7.45,12.52,13.52,Wood
516250,"ANDOVER SML FLOAT BLK 1 9/16""",1.5625,,10.63,17.85,18.85,Wood
516270,"ANDOVER SML FLOAT SIL 1 9/16""",1.5625,,10.63,17.85,18.85,Wood
516280,"ANDOVER SML FLOAT GLD 1 9/16""",1.5625,,10.63,17.85,18.85,Wood
516290,"ANDOVER SML FLOAT SUD 1 9/16""",1.5625,,10.63,17.85,18.85,Wood
517250,"ANDOVER LGE FLOAT BLK 2 1/4""",2.25,,13.87,23.3,24.3,Wood
517270,"ANDOVER LGE FLOAT SIL 2 1/4""",2.25,,13.87,23.3,24.3,Wood
517280,"ANDOVER LGE FLOAT GLD 2 1/4""",2.25,,13.87,23.3,24.3,Wood
520750,SOFIA BRONZE ORNATE REV.,2.5,720472154918,16.87,28.35,29.35,Wood
520751,SOFIA GOLD ORNATE REV.,2.5,720472154864,16.87,28.35,29.35,Wood
520752,SOFIA IRON ORNATE,2.5,720472154819,16.87,28.35,29.35,Wood
521720,VERMONT BRICK RED,2.25,720472154314,11.17,18.75,19.75,Wood
521726,VERMONT OAT,2.25,720472154376,11.17,18.75,19.75,Wood
524940,GALLERY ONE BLACK FLOAT,2.75,720472159821,11.17,18.75,19.75,Wood
524941,GALLERY ONE WHITE FLOAT,2.75,720472159838,11.17,18.75,19.75,Wood
525552,FERROSA 2 PEWTER,1.5625,720472146647,14.86,26.15,27.15,Wood
525554,FERROSA 2 IRON,1.5625,720472146654,16.35,27.46,28.46,Wood
525556,FERROSA 2 BRONZE,1.5625,720472146661,16.35,27.46,28.46,Wood
530650,"TATE BLACK WIDE FLAT 2 1/4""",2.25,,6.77,11.36,12.36,Wood
530660,"TATE SILVER WIDE FLAT 2 1/4""",2.25,,6.77,11.36,12.36,Wood
530670,"TATE GOLD WIDE FLAT 2 1/4""",2.25,,6.77,11.36,12.36,Wood
531610,"AXEL SMOKED TIMBER 2 9/16""",2.5625,,24.95,41.92,42.92,Wood
533276,"MILO MAPLE FLAT 1 1/4""",1.25,,6.31,10.61,11.61,Wood
533277,"MILO WALNUT FLAT 1 1/4""",1.25,,6.31,10.61,11.61,Wood
533278,"MILO CERUSED OAK FLAT 1 1/4""",1.25,,5.93,9.96,10.96,Wood
533516,ANSLEY CHERRY FLAT,1.25,720472144520,5.87,9.87,10.87,Wood
533517,ANSLEY COFFEE FLAT,1.25,720472144537,5.87,9.87,10.87,Wood
533519,ANSLEY MAHOGANY FLAT,1.25,720472144551,5.87,9.87,10.87,Wood
533526,"ANSLEY BLACK 1 1/4""",1.25,,5.52,9.28,10.28,Wood
538120,"DRESDEN BLACK UMBER 2 15/16""",2.9375,720472163446,25.05,42.08,43.08,Wood
542285,TRIBECA BLK TRAD. W/BEAD,2,720472139793,7.32,12.29,13.29,Wood
543960,FLAX OYSTER LINEN LINER,2.5,720472160001,7.78,13.06,14.06,Liner
543964,FLAX PEBBLE LINEN LINER,2.5,720472160025,7.78,13.06,14.06,Liner
546100,"PANZANO SML FLAT PEAT 1 1/4""",1.25,,12.68,21.3,22.3,Wood
546200,PANZANO SML FLAT BEECHNT 1 1/4,1.25,,12.68,21.3,22.3,Wood
549670,"TATE GOLD SLANT 3""",3,,10.78,18.11,19.11,Wood
550285,TRIBECA BLK WIDE FLAT,2.25,720472139809,6.19,10.41,11.41,Wood
550286,WHITE WIDE FLAT,2.25,720472142670,7.39,12.42,13.42,Wood
550350,"BRIMFIELD BLK MED EMB 2 1/2""",2.5625,,12.85,21.59,22.59,Wood
550360,"BRIMFIELD WHT MED EMB 2 1/2""",2.5625,,12.85,21.59,22.59,Wood
551800,BELMONT LT OLIVE SCOOP,2.5,720472154673,27.08,45.5,46.5,Wood
551801,BELMONT MED OLIVE SCOOP,2.5,720472154680,27.08,45.5,46.5,Wood
551802,BELMONT DK OLIVE SCOOP,2.5,720472154697,27.08,45.5,46.5,Wood
552100,"PANZANO SML SCOOP PEAT 1 9/16""",1.5625,,14.83,24.91,25.91,Wood
552200,PANZANO SML SCOOP BCHNT,1.5625,,14.83,24.91,25.91,Wood
552285,TRIBECA BLK REVERSE W/RDG,2.5,720472139816,7.89,13.25,14.25,Wood
553440,"BAUHAUS II WHITE WD FLAT 2""",2,,9.46,15.9,16.9,Wood
553450,"BAUHAUS II BLACK WD FLAT 2""",2,,9.19,15.44,16.44,Wood
557591,MARAIS GOLD TRADITIONAL,2,720472146807,15.92,26.74,27.74,Wood
557592,MARAIS SILVER TRADITIONAL,2,720472146814,15.92,26.74,27.74,Wood
557593,"MARAIS II 2"" TRADITIONAL",2,720472156691,15.33,25.76,26.76,Wood
558186,"DISC-L7 BLACK SILVER 1""",1,,21.75,36.54,37.54,Wood
563705,"LINEA GRAPHITE FLAT 1 3/4""",1.75,,9.28,15.59,16.59,Wood
564100,"HAVANA FLAT TOFFEE 1 3/16""",1.125,,7.52,12.64,13.64,Wood
564200,"HAVANA FLAT COCOA 1 3/16""",1.125,,7.52,12.64,13.64,Wood
565403,"WHITMAN BRUSHED BLACK 2 3/8""",2.375,,11.46,19.26,20.26,Wood
565405,"WHITMAN ANTQ TORTOISE 2 3/8""",2.375,,11.46,19.26,20.26,Wood
567100,"HAVANA CAP TOFFEE 1 1/4""",1.25,,9.94,16.71,17.71,Wood
567200,"HAVANA CAP COCOA 1 1/4""",1.25,,9.94,16.71,17.71,Wood
569240,LANCASTER COVERED BRIDGE GREY,2.6875,720472173391,14.03,23.56,24.56,Wood
569260,LANCASTER AMISH BLACK,2.6875,720472173414,14.03,23.56,24.56,Wood
571550,INTERMEZZO UMBER SLOPE W/BLK,2.5,,21.27,35.74,36.74,Wood
571560,INTERMEZZO MOHAGANY SLOPE W/BL,2.5,,21.27,35.74,36.74,Wood
571570,INTERMEZZO SABLE SLOPE W/BLK,2.5,,21.27,35.74,36.74,Wood
572620,"ANVIL II FLAT 2 11/16""AGED STL",2.5,,18.32,30.77,31.77,Wood
573235,ACADEMIE GOLD,2.0625,720472139328,13.11,22.03,23.03,Wood
573237,ACADEMIE SILVER,2.0625,720472139335,13.11,22.03,23.03,Wood
573239,ACADEMIE BLACK W/GOLD,2.0625,720472139342,13.11,22.03,23.03,Wood
573250,"ANDOVER LG DOME BLACK 2 11/16""",2.6875,,11.58,19.46,20.46,Wood
573260,"ANDOVER LG DOME WHITE 2 11/16""",2.6875,,11.58,19.46,20.46,Wood
573270,"ANDOVER LG DOME SIL 2 11/16""",2.6875,,11.58,19.46,20.46,Wood
573280,"ANDOVER LG DOME GOLD 2 11/16""",2.6875,,11.58,19.46,20.46,Wood
573290,"ANDOVER LG DOME SUEDE 2 11/16""",2.6875,,11.58,19.46,20.46,Wood
574150,SPENCER GOLD SHORT FLOAT,2.125,,8.22,13.81,14.81,Wood
574151,SPENCER SIL/BRN SHORT FLOAT,2.125,,8.22,13.81,14.81,Wood
574152,SPENCER SIL/BLK SHORT FLOAT,2.125,,8.22,13.81,14.81,Wood
574153,"SPENCER II SLVR FLOAT 2 1/8""",2.125,,10.88,18.28,19.28,Wood
574154,"SPENCER II GOLD FLOAT 2 1/8""",2.125,,10.88,18.28,19.28,Wood
575252,FERROSA PEWTER,2.1875,720472138963,17.62,29.61,30.61,Wood
575254,FERROSA IRON,2.1875,720472138970,18.58,31.22,32.22,Wood
575556,FERROSA 2 BRONZE,2.1875,720472146593,18.03,30.29,31.29,Wood
576100,"HAVANA FLAT TOFFEE 2""",1.9375,,9.94,16.71,17.71,Wood
576200,"HAVANA FLAT COCOA 2""",1.9375,,9.94,16.71,17.71,Wood
577100,"H4 FLOAT SILVER 1 5/8""",1.625,,22.58,37.94,38.94,Wood
577200,"H4 FLOAT WAL 1 5/8""",1.625,,22.58,37.94,38.94,Wood
579100,"EIFFEL CAP SILVER 1 1/4""",1.25,720472193399,12.82,21.53,22.53,Wood
579110,"EIFFEL CAP PEWTER 1 1/4""",1.25,720472193405,12.82,21.53,22.53,Wood
579120,"EIFFEL CAP GOLD 1 1/4""",1.25,720472193412,12.82,21.53,22.53,Wood
579130,"EIFFEL CAP BRONZE 1 1/4""",1.25,720472193429,12.82,21.53,22.53,Wood
580455,LILLE MED SCOOP GOLD 2 3/8,2.3125,,15.58,26.17,27.17,Wood
580465,LILLE MED SCOOP SILVER 2 3/8,2.3125,,15.58,26.17,27.17,Wood
580470,LILLE MED SCOOP PEWTER 2 3/8,2.3125,,15.58,26.17,27.17,Wood
581100,"PANZANO MED SCOOP PEAT 2 3/16""",2.1875,,22.55,37.88,38.88,Wood
581200,PANZANO MED SCOOP BCHNT 2 3/16,2.1875,,22.55,37.88,38.88,Wood
583100,"CARBON 2 1/2"" CUBE FLAT BLACK",2.5,720472193344,17.33,29.11,30.11,Wood
585110,"CUMBERLAND WHT OAK CUBE 1 1/4""",1.25,,9.32,15.66,16.66,Wood
585111,"CUMBERLAND GREY CUBE 1 1/4""",1.25,,7.76,13.03,14.03,Wood
585112,"CUMBERLAND NATURAL CUBE 1 1/4""",1.25,,8.27,13.9,14.9,Wood
585113,CUMBERLAND II WALNUT CUBE,1.25,,12.82,21.53,22.53,Wood
585710,"ALDEN EBON WALNUT 1 1/4""",1.25,,10.51,16.03,17.03,Wood
585712,"ALDEN DK WALNUT 1 1/4""",1.25,,10.51,16.03,17.03,Wood
586452,"MUSEO GOLD SCOOP 1 15/16""",1.9375,,10.09,16.15,17.15,Wood
586453,"MUSEO SILVER SCOOP 1 15/16""",1.9375,,10.09,16.15,17.15,Wood
586454,"MUSEO BLACK SCOOP 1 15/16""",1.9375,,9.28,14.86,15.86,Wood
587807,"PERIMETER SUEDE CAP 13/16""",0.8125,,7.67,12.88,13.88,Wood
588630,"DEVON BLACK 2 5/8""",2.625,,22.07,37.08,38.08,Wood
588650,"DEVON GRAY 2 5/8""",2.625,,22.07,37.08,38.08,Wood
589110,"CUMBERLAND WHTOAK FLOAT 1 3/4""",1.75,,15.27,25.65,26.65,Wood
589111,"CUMBERLAND GREY FLOAT 1 3/4""",1.75,,12.76,21.44,22.44,Wood
589112,"CUMBERLAND NATURL FLOAT 1 3/4""",1.75,,18.7,31.42,32.42,Wood
589113,CUMBERLAND II WALNUT FLOAT,1.75,,31.15,52.33,53.33,Wood
590201,"SHUTTER FLOAT BLACK 2 3/8""",2.375,,9.66,16.22,17.22,Wood
592200,"SALZBURG CUBE SIL 1 1/4""",1.25,,11.64,19.55,20.55,Wood
593350,"BRIMFIELD BLK PANEL 2 1/4""",2.25,,9.93,16.68,17.68,Wood
593360,"BRIMFIELD WHT PANEL 2 1/4""",2.25,,9.93,16.68,17.68,Wood
595203,"MADISON NATURAL SLANT 2 3/8""",2.375,720472197670,11.15,18.74,19.74,Wood
595204,"MADISON BLACK SLANT 2 3/8""",2.375,720472197687,11.13,18.7,19.7,Wood
595205,"MADISON GREY SLANT 2 3/8""",2.375,720472197694,11.13,18.7,19.7,Wood
597110,"CUMBERLAND WHT OAK FLAT 2 1/4""",2.25,,18.96,31.86,32.86,Wood
597111,"CUMBERLAND GREY FLAT 2 1/4""",2.25,,18.73,30.12,31.12,Wood
597112,"CUMBERLAND NATURAL FLAT 2 1/4""",2.25,,10.95,18.39,19.39,Wood
597113,CUMBERLAND II WALNUT FLAT,2.25,,22.33,37.52,38.52,Wood
599405,"LARS 2 1/16"" PANEL SLVR & BLK",2.0625,,12.08,17.37,18.37,Wood
599406,"LARS 2 1/16"" PANEL GOLD & BLK",2.0625,,12.45,17.9,18.9,Wood
600541,SEVILLA ANT SILVER,3.125,720472146463,20.01,35.22,36.22,Wood
600G,MARQUIS,2,720472103305,16.83,28.28,29.28,Wood
6011,"1 1/2""X1 1/8"" STRETCHER BAR",1.125,720472151696,3.74,6.58,7.58,Wood
6012,"1/2""X1 1/2"" STRETCHER BAR",0.5,,2.4,4.22,5.22,Wood
6013,"2""X1 1/8"" STRETCHER BAR",1.125,720472151719,3.89,6.85,7.85,Wood
6014,"1 1/2""X3/4"" FLIP STRETCHER",1.5,,2.21,3.89,4.89,Wood
603602,KENSINGTON WALNUT BURL,2.1875,720472127356,26.84,45.09,46.09,Wood
603674,CRANBROOK EBONIZED WAL ANGLE,2.125,720472150682,12.14,20.4,21.4,Wood
603676,CRANBROOK DK WAL ANGLE,2.125,720472150705,12.43,20.88,21.88,Wood
609405,"LARS 3 1/4"" GRILLE ANTQ SILVER",3.25,,17.05,24.56,25.56,Wood
609406,"LARS 3 1/4"" GRILLE ANTQ GOLD",3.25,,16.75,24.12,25.12,Wood
611405,"LARS 3 9/16"" PANEL SLVR & BLK",3.5625,,19.73,28.4,29.4,Wood
611406,"LARS 3 9/16"" PANEL GLD & BLACK",3.5625,,19.73,28.4,29.4,Wood
613183,"CRANBROOK WHT WASH MAPLE 3/4""",0.75,720472197632,16.82,26.65,27.65,Wood
613674,CRANBROOK EBONIZED WAL CAP,0.75,720472150729,10.98,18.44,19.44,Wood
613675,CRANBROOK EBONIZED NAT CAP,0.75,,11.02,18.52,19.52,Wood
613676,CRANBROOK DK WAL CAP,0.75,720472150743,10.34,17.37,18.37,Wood
613677,CRANBROOK NAT MAPLE CAP,0.75,720472150750,13.09,21.99,22.99,Wood
614410,"DILLON WALNUT BEAM 2 1/16""",2.3125,,22.57,37.93,38.93,Wood
614420,"DILLON ANTIQUE TIMBER 2 1/16""",2.3125,,22.57,37.93,38.93,Wood
614430,"DILLON WEATHERED GREY 2 1/16""",2.3125,,22.57,37.93,38.93,Wood
616110,"ALLOY 1 3/4"" FLOAT NICKEL",1.75,,15.44,25.95,26.95,Wood
616111,"ALLOY 1 3/4"" FLOAT GUNMETAL",1.75,,15.44,25.95,26.95,Wood
616112,"ALLOY 1 3/4"" FLOAT SOFT GOLD",1.75,,15.44,25.95,26.95,Wood
616113,"ALLOY 1 3/4"" FLOAT CHAMPAGNE",1.75,,15.44,25.95,26.95,Wood
616361,ANTICA-WALNUT,2.125,720472141246,17.63,29.62,30.62,Wood
616362,ANTICA-BLACK,2.125,720472141253,17.63,29.62,30.62,Wood
616904,"METALIA II BLK SLIM FLO 1 3/4""",1.75,,15.09,24.14,25.14,Wood
616905,"METALIA II SIL SLIM FLO 1 3/4""",1.75,,15.09,24.14,25.14,Wood
616906,"METALIA II GLD SLIM FLO 1 3/4""",1.75,,15.09,24.14,25.14,Wood
616907,METALIA II CHMP SLIM FLO 1 3/4,1.75,,15.09,24.14,25.14,Wood
616908,METALIA II BRAS SLIM FLO 1 3/4,1.75,,15.09,24.14,25.14,Wood
616909,METALIA II GNMT SLIM FLO 1 3/4,1.75,,15.09,24.14,25.14,Wood
617482,"JASPER BLACK 3""",3,,10.18,17.09,18.09,Wood
617484,"JASPER WHITE 3""",3,,10.26,17.24,18.24,Wood
618184,"L7 WHITE SILVER FLOAT 2""",1.625,,24.78,41.63,42.63,Wood
618185,"L7 GOLD FLOAT 2""",1.625,,22.95,38.55,39.55,Wood
619452,"MUSEO GOLD SCOOP 2 1/4""",2.25,,11.46,18.33,19.33,Wood
619453,"MUSEO SILVER SCOOP 2 1/4""",2.25,,11.46,18.33,19.33,Wood
619454,"MUSEO BLACK SCOOP 2 1/4""",2.25,,10.22,16.35,17.35,Wood
620100,"HAVANA SCOOP TOFFEE 2 7/8""",2.875,,15.52,26.07,27.07,Wood
620200,"HAVANA SCOOP COCOA 2 7/8""",2.875,,15.52,26.07,27.07,Wood
621870,"COLOSSEUM II SOFT PEWTER 2""",2,,14.18,23.82,24.82,Wood
621871,"COLOSSEUM II TARN SILVER 2""",2,,14.18,23.82,24.82,Wood
621872,"COLOSSEUM II MOON GOLD 2""",2,,14.18,23.82,24.82,Wood
621874,"COLOSSEUM II TITANIUM 2""",2,,14.18,23.82,24.82,Wood
621876,"COLOSSEUM II STEEL BLUE 2""",2,,14.18,23.82,24.82,Wood
621877,"COLOSSEUM SLOPE BLK OXIDE 2""",2,720472197236,14.18,23.82,24.82,Wood
623181,CRANBROOK 2 CHERRY FLOAT,1.875,720472168021,15.04,25.26,26.26,Wood
623183,CRANBROOK 2 WHT MAPLE FLOAT,1.875,720472168014,16.83,28.28,29.28,Wood
623674,CRANBROOK EBONIZED WAL FLOAT,1.875,720472150767,14.45,24.29,25.29,Wood
623675,"CRANBROOK NAT WAL FLOAT 2""",1.875,,13.79,23.17,24.17,Wood
623676,CRANBROOK DK WAL FLOAT,1.875,720472150781,14.98,25.17,26.17,Wood
623677,CRANBROOK NAT MAPLE FLOAT,1.875,720472150798,15.44,25.95,26.95,Wood
625200,"SALON 1789 RIB SCP GLD 2 5/16""",2.3125,,10.55,17.72,18.72,Wood
626234,"MODERNE GOLD FLOAT 2""",1.9375,,12.94,20.71,21.71,Wood
626236,"MODERNE SILVER FLOAT 2""",1.9375,,12.94,20.71,21.71,Wood
628184,"L7 WHITE SILVER FLOAT 2 3/8""",2.375,,30.22,50.77,51.77,Wood
628185,"L7 GOLD FLOAT 2 3/8""",2.375,,31.68,53.22,54.22,Wood
628186,"L7 BLACK SILVER FLOAT 2 3/8""",2.375,,30.22,50.77,51.77,Wood
630200,"SALON 1789 LG PANEL GLD 3""",3,,10.26,17.24,18.24,Wood
630225,"SALON 1789 LG PANEL SIL 3""",3,,10.26,17.24,18.24,Wood
632900,"FOUNDRY BRASS 2 9/16""",2.5625,,16.51,27.74,28.74,Wood
638120,"DRESDEN BLACK UMBER 2 3/8""",2.375,720472163453,17.82,29.94,30.94,Wood
645706,"OLSEN MAPLE FLAT 2 3/4""",2.75,,12.63,21.21,22.21,Wood
645708,"OLSEN OAK FLAT 2 3/4""",2.75,,12.63,21.21,22.21,Wood
650790,LUCERNE ONYX,2.0625,720472154543,21.93,36.84,37.84,Wood
650793,LUCERNE TOPAZ,2.0625,720472154574,21.93,36.84,37.84,Wood
655252,FERROSA PEWTER,2.5625,720472138987,20.38,34.24,35.24,Wood
655254,FERROSA IRON,2.5625,720472138994,20.38,34.24,35.24,Wood
656516,ANSLEY CHERRY REVERSE,2.75,720472144582,8.48,14.25,15.25,Wood
656517,ANSLEY COFFEE REVERSE,2.75,720472144599,8.48,14.25,15.25,Wood
656518,ANSLEY GRAY REVERSE,2.75,720472144605,8.48,14.25,15.25,Wood
657591,MARAIS GOLD PANEL,2.75,720472146821,21.92,36.83,37.83,Wood
657592,MARAIS SILVER PANEL,2.75,720472146838,21.92,36.83,37.83,Wood
657593,"MARAIS II 2 3/4"" PUNCHWORK PNL",2.75,720472156707,19.22,32.29,33.29,Wood
663175,CRANBROOK II NAT WALNUT CAP,0.8125,720472167864,15.5,26.04,27.04,Wood
663176,CRANBROOK II DK WALNUT CAP,0.8125,720472167857,15.5,26.04,27.04,Wood
663177,CRANBROOK II NAT MAPLE CAP,0.8125,720472167833,17.05,28.64,29.64,Wood
663180,CRANBROOK II EBONZ WAL CAP,0.8125,720472167840,15.95,26.8,27.8,Wood
667593,"MARAIS II 2 3/4"" PLAIN PANEL",2.75,720472156714,19.22,32.29,33.29,Wood
671082,SOHO-MATTE BLACK,2.75,720472134965,16.18,27.18,28.18,Wood
674077,PRAGUE-SILVER REVERSE,2.8125,720472134750,29.38,49.36,50.36,Wood
679100,"H4 REV WINGED WHITE  2 5/8""",2.625,,15.84,27.88,28.88,Wood
679200,"H4 REV WAL 2 5/8""",2.625,,15.84,27.88,28.88,Wood
680465,LILLE LGE SCOOP SILVER 2 15/16,2.875,,18.73,31.47,32.47,Wood
680470,LILLE LGE SCOOP PEWTER 2 15/16,2.875,,18.73,31.47,32.47,Wood
685200,"SALZBURG ROUND SIL 2 3/16""",2.1875,,15.36,25.8,26.8,Wood
686180,HUDSON GOLD PANEL,3,,9.99,16.78,17.78,Wood
686190,HUDSON SILVER PANEL,3,,9.99,16.78,17.78,Wood
686200,"HUDSON II IVORY PANEL 3""",3,,9.38,15.76,16.76,Wood
686210,"HUDSON II BLACK PANEL 3""",3,,9.38,15.76,16.76,Wood
686220,"HUDSON II BLKGLD PANEL 3""",3,,9.57,16.08,17.08,Wood
687810,"PERIMETER SILVER CUBE 1 3/16""",1.1875,,6.97,11.72,12.72,Wood
695100,"EIFFEL FLOAT SILVER 3""",2.875,720472193436,23.39,39.29,40.29,Wood
695110,"EIFFEL FLOAT PEWTER 3""",2.875,720472193443,23.39,39.29,40.29,Wood
695120,"EIFFEL FLOAT GOLD 3""",2.875,720472193450,23.39,39.29,40.29,Wood
695130,"EIFFEL FLOAT BRONZE 3""",2.875,720472193467,23.39,39.29,40.29,Wood
697805,"PERIMETER CHMPGE CUBE 2 1/16""",2.0625,,8.92,14.98,15.98,Wood
70002,"3/4"" X 1 3/4"" MED STRETCHER",1.75,,2.63,4.42,5.42,Wood
700240,"JAVA BEAN 3 1/4""",3.25,720472138871,23.88,40.12,41.12,Wood
701452,"MUSEO GOLD PANEL 3 1/4""",3.25,,17.05,27.28,28.28,Wood
701453,"MUSEO SILVER PANEL 3 1/4""",3.25,,17.05,27.28,28.28,Wood
701454,"MUSEO BLACK PANEL 3 1/4""",3.25,,15,24,25,Wood
704100,"PANZANO LG SCOOP PEAT 3 1/4""",3.25,,33.97,57.07,58.07,Wood
71-781P,"GARRETT FOG GREY 3/4""",0.75,720472184687,12.35,20.75,21.75,Wood
71-786P,"GARRETT BEACH BLONDE 3/4""",0.75,720472184694,12.43,20.88,21.88,Wood
71-793P,"GARRETT TAHOE BLUE 3/4""",0.75,720472188098,12.43,20.88,21.88,Wood
71-795P,"GARRETT BLACK WATER 3/4""",0.75,720472191258,12.35,20.75,21.75,Wood
727593,"MARAIS II 3 3/8"" CONT. SCOOP",3.375,720472156721,24.94,41.9,42.9,Wood
733235,ACADEMIE GOLD,3,720472139359,17.78,29.86,30.86,Wood
733237,ACADEMIE SILVER,3,720472139366,17.78,29.86,30.86,Wood
733239,ACADEMIE BLACK W/GOLD,3,720472139373,17.78,29.86,30.86,Wood
746200,"SALZBURG SCOOP SIL 3 1/4""",3.25,,25.23,42.39,43.39,Wood
751800,BELMONT LT OLIVE SCOOP,4,720472154703,42.01,70.57,71.57,Wood
751801,BELMONT MED OLIVE SCOOP,4,720472154710,42.01,70.57,71.57,Wood
751802,BELMONT DK OLIVE SCOOP,4,720472154727,42.01,70.57,71.57,Wood
768403,"WHITMAN BRUSHED BLACK 4""",4,,24.35,40.92,41.92,Wood
768405,"WHITMAN ANTQ TORTOISE 4""",4,,24.35,40.92,41.92,Wood
771570,INTERMEZZO SABLE COVE W/BLK,3.25,,27.71,46.55,47.55,Wood
795203,"MADISON NATURAL FLAT 3 5/16""",3.3125,720472197700,15.07,25.32,26.32,Wood
795204,"MADISON BLACK FLAT 3 5/16""",3.3125,720472197717,15.05,25.28,26.28,Wood
795205,"MADISON GREY FLAT 3 5/16""",3.3125,720472197724,15.05,25.28,26.28,Wood
798630,"DEVON BLACK 3 5/16""",3.3125,,30.98,52.04,53.04,Wood
798640,"DEVON DK WALNUT 3 5/16""",3.3125,,30.98,52.04,53.04,Wood
801407,"LARS 4"" SCOOP DUTCH BLACK",4,,33.19,47.78,48.78,Wood
80509,"DISC-ARQADIA CH BLACK 1 3/4""",1.75,,4.28,7.53,8.53,Wood
80699,"ARQADIA CH SILVER 2 3/4""",2.75,,7.51,13.22,14.22,Wood
80745,"ARQADIA 8 MOCHA 2""",2,720472162487,3.23,5.68,6.68,Wood
80900,"JASPER II CAP WHITE 3/4""",0.75,,3.78,5.78,6.78,Wood
80901,"JASPER II CAP BLACK 3/4""",0.75,,3.77,5.76,6.76,Wood
80904,"JASPER II CAP WHITE 1""",1,,5.57,8.51,9.51,Wood
80905,"JASPER II CAP BLACK 1""",1,,6.03,9.21,10.21,Wood
80908,"JASPER II CUBE WHITE 1 1/8""",1.125,,5.02,7.67,8.67,Wood
80909,"JASPER II CUBE BLACK 1 1/8""",1.125,,4.79,7.31,8.31,Wood
80914,"KANSO NORDIC OAK CAP 3/4""",0.75,,5.34,7.91,8.91,Wood
80915,"KANSO LIGHT GREY CAP 3/4""",0.75,,5.34,7.91,8.91,Wood
80916,"KANSO CHARCOAL CAP 3/4""",0.75,,5.34,7.91,8.91,Wood
80917,"KANSO LIGHT WALNUT CAP 3/4""",0.75,,5.34,7.91,8.91,Wood
80918,"KANSO MOCHA CAP 3/4""",0.75,,5.34,7.91,8.91,Wood
80919,KANSO OAK SM CUBE 1 1/4,1.25,,4.84,6.81,7.81,Wood
80920,"KANSO LT GREY SM CUBE 1 1/4""",1.25,,4.84,6.81,7.81,Wood
80921,"KANSO CHARCOAL SM CUBE 1 1/4""",1.25,,4.84,6.81,7.81,Wood
80922,"KANSO LT WAL SM CUBE 1 1/4""",1.25,,4.84,6.81,7.81,Wood
80923,"KANSO MOCHA SM CUBE 1 1/4""",1.25,,4.84,6.81,7.81,Wood
80924,"KANSO NORDIC OAK CUBE 1 1/8""",1.125,,6.2,8.63,9.63,Wood
80925,"KANSO LT GREY CUBE 1 1/8""",1.125,,6.2,8.63,9.63,Wood
80926,"KANSO CHARCOAL CUBE 1 1/8""",1.125,,6.2,8.63,9.63,Wood
80927,"KANSO LT WALNUT CUBE 1 1/8""",1.125,,6.2,8.63,9.63,Wood
80928,"KANSO MOCHA CUBE 1 1/8""",1.125,,6.2,8.63,9.63,Wood
814410,"DILLON WALNUT BEAM 4 3/4""",4.75,,39.95,70.31,71.31,Wood
814430,"DILLON WEATHERED GREY 4 3/4""",4.75,,39.95,70.31,71.31,Wood
842420,ANGUS LG CAP BURNT TOBACCO,1.25,,17.9,30.07,31.07,Wood
842421,"ANGUS LG CAP DUTCH BLK 1 1/4""",1.25,,17.9,30.07,31.07,Wood
842440,"BAUHAUS SM CAP WHITE 3/4""",0.75,,7.79,13.08,14.08,Wood
842450,"BAUHAUS SM CAP BLACK 3/4""",0.75,,7.6,12.77,13.77,Wood
850790,LUCERNE ONYX,3.625,720472154581,25.02,44.04,45.04,Wood
850791,LUCERNE SAGE,3.625,720472154598,27.52,46.24,47.24,Wood
850793,LUCERNE TOPAZ,3.625,720472154611,27.52,46.24,47.24,Wood
852421,"ANGUS SCOOP DUTCH BLK 1 7/8""",1.875,,17.92,30.1,31.1,Wood
852440,"BAUHAUS LG CAP WHITE 3/4""",0.8125,,10.47,17.6,18.6,Wood
852450,"BAUHAUS LG CAP BLACK 3/4""",0.8125,,10.22,17.17,18.17,Wood
862440,"BAUHAUS CUBE WHITE 1 1/4""",1.25,,9.05,15.2,16.2,Wood
862450,"BAUHAUS CUBE BLACK 1 1/4""",1.25,,8.72,14.66,15.66,Wood
866361,ANTICA-WALNUT,3.375,720472141277,27.48,46.16,47.16,Wood
866362,ANTICA-BLACK,3.375,720472141284,27.48,46.16,47.16,Wood
869077,PRAGUE-SILVER TRADITIONAL,3.625,720472134767,36.1,60.65,61.65,Wood
872440,"BAUHAUS WIDE FLAT WHITE 3""",3,,15.08,25.34,26.34,Wood
872450,"BAUHAUS WIDE FLAT BLACK 3""",3,,14.67,24.65,25.65,Wood
9156,"ARQADIA CH BLACK 13/16""",0.8125,,3.14,5.27,6.27,Wood
9157,"ARQADIA CH BLACK 1""",1,,4.15,6.97,7.97,Wood
9171,"ARQADIA CH BLACK 1 5/8""",1.625,,4.22,7.1,8.1,Wood
A785RAW,SPECIAL MOULDING,0.75,,2.88,4.84,5.84,Wood
A787RAW,SPECIAL MOULDING,0.75,,3.67,6.46,7.46,Wood
A789RAW,SPECIAL MOULDING,0.75,,4.97,8.75,9.75,Wood
CM1001,SILVER CLARK CM10,0.28125,720472122580,5.43,9.56,7.85,Wood
CM1002,SATIN SILVER CLARK CM10,0.28125,720472122610,5.41,9.52,7.81,Wood
CM1004,SATIN GOLD CLARK CM10,0.28125,720472122641,5.42,9.54,7.86,Wood
CM1013,BLACK CLARK CM10,0.28125,720472122719,5.91,10.39,8.44,Wood
CM150001,SILVER CLARK CM1500,0.375,720472123402,6.31,11.1,8.43,Wood
CM150002,SATIN SILVER CLARK CM1500,0.375,720472123419,6.12,10.77,8.39,Wood
CM150003,GOLD CLARK CM1500,0.375,720472123426,6.25,11,8.88,Wood
CM150004,SATIN GOLD CLARK CM1500,0.375,720472123433,6.67,11.73,8.88,Wood
CM150005,ENG. PEWTER CLARK CM1500,0.375,720472123440,6.44,11.34,9.17,Wood
CM150006,BRONZE CLARK CM1500,0.375,720472123457,6.43,11.31,9.11,Wood
CM150013,BLACK CLARK CM1500,0.375,720472123518,6.39,11.24,9.11,Wood
CM150014,SATIN BLACK CLARK CM1500,0.375,720472123525,6.4,11.26,9.17,Wood
CM150030,CONTRAST GRY CLARK CM1500,0.375,720472123648,5.11,8.99,9.22,Wood
CM150031,PLATINUM CLARK CM1500,0.375,720472123655,6.52,11.48,9.17,Wood
CM150033,ANTIQUE GOLD CLARK CM1500,0.375,720472123662,6.97,12.26,9.11,Wood
CM150035,ANT BRASS CLARK CM1500,0.375,720472123686,6.05,10.65,8.55,Wood
CM150044,BLACK ONYX CLARK CM1500,0.375,720472123761,6.26,11.03,8.96,Wood
CM200013,BLACK CLARK CM2000,0.3125,720472124539,5.88,10.34,8.32,Wood
CM200014,SATIN BLACK CLARK CM2000,0.3125,720472124546,7.03,12.38,7.64,Wood
CM200044,BLACK ONYX CLARK CM2000,0.3125,720472124720,7.79,13.71,10.73,Wood
N10014,GERMAN SILVER NIELSEN 100,0.375,,14.22,25.03,26.03,Metal
N10021,MATTE BLACK NIELSEN 100,0.375,,20.92,36.82,29.09,Metal
N1101,SILVER NIELSEN 11,0.28125,720472108652,6.61,11.63,9.82,Metal
N1102,"FROSTED SILVER 9/32""",0.28125,720472108669,6.7,11.79,9.82,Metal
N1103,GOLD NIELSEN 11,0.28125,720472108676,6.67,11.74,9.82,Metal
N1104,FROSTED GOLD NIELSEN 11,0.28125,720472108683,6.59,11.61,9.82,Metal
N1108,FROSTED BRONZE NIELSEN 11,0.28125,720472108720,7.66,13.48,11.17,Metal
N1110,GRAPHITE NIELSEN 11,0.28125,720472117746,7.6,13.37,11.17,Metal
N1112,FROSTED PEWTER NIELSEN 11,0.28125,720472108751,7.81,13.75,11.17,Metal
N1113,CONTRAST GREY NIELSEN 11,0.28125,720472108768,7.55,13.29,11.17,Metal
N1114,GERMAN SILVER NIELSEN 11,0.28125,720472108775,7.68,13.51,11.17,Metal
N11154,FLORENTINE GREY NIELSEN 11,0.28125,720472119054,7.69,13.53,11.23,Metal
N11156,FLORENTINE BLACK NIELSEN 11,0.28125,720472119078,7.95,14,11.23,Metal
N1120,ANODIC BLACK NIELSEN 11,0.28125,720472108829,8.03,14.12,11.17,Metal
N1121,MATTE BLACK NIELSEN 11,0.28125,720472108836,8.69,15.29,11.17,Metal
N1123,ANTIQUE GOLD NIELSEN 11,0.28125,720472108850,6.98,12.29,9.82,Metal
N1150,BLACK NIELSEN 11,0.28125,720472108935,7.5,13.2,9.82,Metal
N11701,"SILVER NIELSEN 117 7/8""",0.4375,,8.7,15.32,11.16,Metal
N11702,"FROST SILVER NIELSEN 117 7/8""",0.4375,,8.71,15.33,11.17,Metal
N11704,"FROST GOLD NIELSEN 117 7/8""",0.4375,,8.58,15.1,11.17,Metal
N11710,"GRAPHITE NIELSEN 117 7/8""",0.4375,,9.79,17.23,12.39,Metal
N11712,"FRS PEWTER NIELSEN 117 7/8""",0.4375,,9.48,16.68,12.35,Metal
N11714,"GERMAN SIL NIELSEN 117 7/8""",0.4375,,9.54,16.79,12.35,Metal
N117164,"DUSK NIELSEN 117 7/8""",0.4375,,9.76,17.17,12.35,Metal
N11719,"FROST WAL NIELSEN 117 7/8""",0.4375,,8.97,15.79,12.35,Metal
N11720,"ANODIC BLK NIELSEN 117 7/8""",0.4375,,9.05,15.92,12.4,Metal
N117201,"MAROON   NIELSEN 117 7/8""",0.4375,,7.49,13.2,11.67,Metal
N117202,"TIGER ORANGE NIELSEN 117 7/8""",0.4375,,7.49,13.19,11.67,Metal
N117203," SUNSHINE  NIELSEN 117 7/8""",0.4375,,7.49,13.19,11.67,Metal
N117204,"KELLY GREEN  NIELSEN 117 7/8""",0.4375,,7.49,13.19,11.67,Metal
N117205,"FOREST GREEN  NIELSEN 117 7/8""",0.4375,,7.49,13.19,11.67,Metal
N117206,"AQUA   NIELSEN 117 7/8""",0.4375,,7.49,13.2,11.67,Metal
N117207,"BRIGHT BLUE   NIELSEN 117 7/8""",0.4375,,7.49,13.2,11.67,Metal
N117208,"ROYAL PURPLE  NIELSEN 7/8""",0.4375,,7.49,13.19,11.67,Metal
N11721,"MATTE BLK NIELSEN 117 7/8""",0.4375,,9.5,16.71,12.35,Metal
N117227,"TORNADO RED NIEL 117 7/8""",0.4375,,10.5,18.47,12.86,Metal
N11723,"ANT GOLD NIELSEN 117 7/8""",0.4375,,9.45,16.63,11.17,Metal
N117230,"REFLEX SIL NIEL 117 7/8""",0.4375,,9.92,17.46,12.86,Metal
N117231,"GOLD BULLION NIEL 117 7/8""",0.4375,,10.21,17.97,12.86,Metal
N117232,"GALACTIC BLUE NIEL 117 7/8""",0.4375,,9.92,17.45,12.86,Metal
N117233,"PURPLE HAZE NIEL 117 7/8""",0.4375,,9.38,16.51,12.86,Metal
N117235,"TANGERINE NIEL 117 7/8""",0.4375,,9.43,16.59,12.86,Metal
N117236,"CYBER GREEN NIEL 117 7/8""",0.4375,,9.43,16.6,12.86,Metal
N117237,"RASPBERRY FIZZ NIEL 117 7/8""",0.4375,,8.52,14.99,11.77,Metal
N117238,"TURQUOISE NIEL 117 7/8""",0.4375,,9.46,16.64,12.86,Metal
N117240,"AMETHYST NIEL 117 7/8""",0.4375,,9.35,16.46,12.83,Metal
N117270,"BURNT SIENNA NIELSEN 117 7/8""",0.4375,,8.16,14.35,12.35,Metal
N117280,AMERICAN NATURL NIEL 117,0.4375,,9.88,17.38,13.81,Metal
N117400,"STN BRUSH ALUMINUM 117 7/8""",0.4375,,8.83,15.53,12.86,Metal
N117470,BRUSH SATIN NICKEL NIEL 117,0.4375,,9.94,17.49,14.38,Metal
N117478,BRUSH SATIN PEWTER NIEL 117,0.4375,,10.23,18.01,14.38,Metal
N11750,"BLACK NIELSEN 117 7/8""",0.4375,,8.14,14.33,11.67,Metal
N11752,"BRIGHT WHT NIELSEN 117 7/8""",0.4375,,7.92,13.94,11.67,Metal
N1202,FROSTED SILVER NIELSEN 12,0.28125,,8.19,14.4,11.17,Metal
N1221,MATTE BLACK NIELSEN 12,0.28125,,8.55,15.04,12.35,Metal
N12901,"SILVER NIELSEN 129 5/16""",0.3125,,8.67,15.25,12.65,Metal
N12907,"BRONZE NIELSEN 129 5/16""",0.3125,,8.67,15.25,12.65,Metal
N12913,"CONTR GREY NIELSEN 129 5/16""",0.3125,,8.67,15.25,12.65,Metal
N12915,"AMBER NIELSEN 129 5/16""",0.3125,,9.37,16.49,12.65,Metal
N12920,"BLACK NIELSEN 129 5/16""",0.3125,,9.13,16.06,12.65,Metal
N12921,MATTE BLACK NIELSEN 12,0.3125,,6.56,11.54,9.78,Metal
N12952,"BRT WHITE NIELSEN 129 5/16""",0.3125,,8.67,15.25,12.65,Metal
N130400,"BRS SATN ALUM NIEL 130 7/8""",0.875,,9.77,17.2,17.68,Metal
N130414,"BRS GERMAIN SIL NIEL 130 7/8""",0.875,,10.7,18.82,17.68,Metal
N13052,"BRT WHITE NIELSEN 130 7/8""",0.875,,9.48,16.68,17.68,Metal
N1314,GERMAN SILVER FLOAT NIELSEN 13,0.25,,10.13,17.82,13.51,Metal
N1321,MATTE BLACK FLOAT NIELSEN 13,0.25,,9.79,17.23,13.51,Metal
N1414,GERMAN SILVER FLOAT NIELSEN 14,0.25,,15.06,26.5,21.26,Metal
N1421,MATTE BLACK FLOAT NIELSEN 14,0.25,,15.06,26.5,21.26,Metal
N1501,SILVER NIELSEN 15,0.375,,7.42,13.05,10.68,Metal
N1502,FROSTED SILVER NIELSEN 15,0.375,,7.16,12.6,10.68,Metal
N1503,GOLD NIELSEN 15,0.375,,7.18,12.65,10.72,Metal
N1504,FROSTED GOLD NIELSEN 15,0.375,,7.48,13.17,10.72,Metal
N1508,FROSTED BRONZE NIELSEN 15,0.375,,8.03,14.12,11.77,Metal
N1510,GRAPHITE NIELSEN 15,0.375,,8.09,14.23,11.77,Metal
N1512,FROSTED PEWTER NIELSEN 15,0.375,,8.25,14.52,11.77,Metal
N1513,CONTRAST GRAY NIELSEN 15,0.375,,8.03,14.13,11.77,Metal
N1514,GERMAN SILVER NIELSEN 15,0.375,,8.27,14.55,11.77,Metal
N15150,FLORENTINE SILVER NIELSEN 15,0.375,,8.42,14.81,12.35,Metal
N15153,FLORENTINE PEWTER NIELSEN 15,0.375,,10.75,18.92,12.35,Metal
N15154,FLORENTINE GREY NIELSEN 15,0.375,,8.42,14.82,12.35,Metal
N15155,FLORENTINE AMBER NIELSEN 15,0.375,,8.42,14.81,12.35,Metal
N15156,FLORENTINE BLACK NIELSEN 15,0.375,,9.15,16.09,12.35,Metal
N15164,DUSK NIELSEN 15,0.375,,8.03,14.12,11.77,Metal
N15170,FROST UMBER NIELSEN 15,0.375,,8.03,14.12,11.77,Metal
N1519,FROSTED WALNUT NIELSEN 15,0.375,,8.03,14.13,11.77,Metal
N1520,ANODIC BLACK NIELSEN 15,0.375,,8.03,14.12,11.77,Metal
N1521,MATTE BLACK NIELSEN 15,0.375,,8.03,14.12,11.77,Metal
N1523,ANTIQUE GOLD NIELSEN 15,0.375,,7.65,13.47,11.35,Metal
N1524,COBALT NIELSEN 15,0.375,,8.1,14.25,11.77,Metal
N1550,BLACK NIELSEN 15,0.375,,7.49,13.19,11.14,Metal
N1552,BRIGHT WHITE NIELSEN 15,0.375,,8.13,14.32,11.12,Metal
N1555,RIGHT RED NIELSEN 15,0.375,,7.49,13.19,11.14,Metal
N1558,INDIGO NIELSEN 15,0.375,,7.55,13.3,11.14,Metal
N1566,LAPIS NIELSEN 15,0.375,,7.7,13.56,11.14,Metal
N1568,CHINESE RED NIELSEN 15,0.375,,7.49,13.19,11.14,Metal
N2108,"FROST ROSE GOLD 9/16"" NIELSEN",0.59375,,9.74,17.13,14.09,Metal
N2121,MATTE BLACK NIELSEN 21,0.5625,,9.55,16.81,13.85,Metal
N21227,"VIVID RED 9/16"" NIELSEN",0.59375,,9.74,17.13,14.09,Metal
N2123," ANTIQUE GLD 9/16"" NIEL 21",0.59375,,8.73,15.36,12.65,Metal
N21233,"PURPLE HAZE 9/16"" NIELSEN",0.59375,,9.73,17.13,14.09,Metal
N21235,"TANGERINE TWIST 9/16"" NIELSEN",0.59375,,10.27,18.08,14.09,Metal
N21250,MERLOT NIELSEN 21,0.59375,,9.55,16.81,13.85,Metal
N21257,"SAPPHIRE 9/16"" NIELSEN",0.59375,,9.74,17.13,14.09,Metal
N21258,"REALLY TEAL 9/16"" NIELSEN",0.59375,,9.74,17.13,14.09,Metal
N21261,"DAWN 9/16"" NIELSEN",0.59375,,10.58,18.62,14.09,Metal
N21400,CHROME NIELSEN 21,0.59375,,9.56,16.82,13.85,Metal
N2150,MATTE BLACK NIELSEN 21,0.59375,,9.98,17.57,13.85,Metal
N2201,SILVER NIELSEN 22,0.3125,,8.07,14.21,11.88,Metal
N2203,GOLD NIELSEN 22,0.3125,,8.07,14.21,11.88,Metal
N2214,GERMAN SILVER NIELSEN 22,0.3125,,9.44,16.61,13.69,Metal
N2220,ANODIC BLACK NIELSEN 22,0.3125,,9.44,16.61,13.69,Metal
N2221,MATTE BLACK NIELSEN 22,0.3125,,9.44,16.61,13.69,Metal
N225154,GRAPHITE NIEL GILDED 225,1.25,,13.12,23.1,18.62,Metal
N225421,JET BLACK NIEL GILDED 225,1.25,,13.12,23.1,18.62,Metal
N225452,FROST GOLD NIEL GILDED 225,1.25,,13.12,23.1,18.62,Metal
N225469,MODERN PEWTER NIEL GILDED 225,1.25,,13.12,23.1,18.62,Metal
N24414,BRUSH STN GERMAN SIL NIEL 24,0.5,,11.88,20.92,17,Metal
N24421,BRUSH STN BLACK NIEL 24,0.5,,11.88,20.92,17,Metal
N24423,BRUSH STN ANTGLD NIEL 24,0.5,,9.09,16,17,Metal
N24469,BRUSH STN STNLS STEEL NIEL 24,0.5,,11.88,20.92,17,Metal
N24471,BRUSH STN SLATE NIEL 24,0.5,,11.88,20.92,17,Metal
N24475,BRUSH STN CHOCOLATE NIEL 24,0.5,,11.88,20.92,17,Metal
N24476,BRUSH STN SAPPHIRE NIEL 24,0.5,,11.9,20.94,17.02,Metal
N2501,SILVER NIELSEN 25,0.59375,,8.28,14.57,12.11,Metal
N2502,FROST SILVER NIELSEN 25,0.59375,,8.28,14.57,12.11,Metal
N2504,FROST GOLD NIELSEN 25,0.59375,,8.3,14.61,12.14,Metal
N2520,ANODIC BLACK NIELSEN 25,0.59375,,9.06,15.95,13.18,Metal
N2521,MATTE BLACK NIELSEN 25,0.59375,,9.57,16.85,13.18,Metal
N3414,GERMAN SILVER NIELSEN 34,0.21875,,9.32,16.41,13.57,Metal
N34179,BLACK METALLINE NIELSEN 34,0.21875,,10.67,18.77,15.34,Metal
N3421,MATTE BLACK NIELSEN 34,0.21875,,9.99,17.57,14.46,Metal
N34280,AMERICAN NATURAL NIEL 34,0.21875,,10.35,18.21,14.32,Metal
N3501,SILVER NIELSEN 35,0.4375,,11.85,20.86,21.86,Metal
N3520,ANODIC BLACK NIELSEN 35,0.4375,,13.93,24.51,24.78,Metal
N5801,SILVER NIELSEN 58,0.3125,,5.02,8.82,8.81,Metal
N5803,GOLD NIELSEN 58,0.3125,,4.93,8.67,9.41,Metal
N5804,FROST GOLD NIELSEN 58,0.3125,,4.93,8.67,9.41,Metal
N5814,GERMAN SILVER NIELSEN 58,0.3125,,5.39,9.48,10.2,Metal
N5820,ANODIC BLACK NIELSEN 58,0.3125,,5.7,10.04,10.31,Metal
N65246,OLD GOLD NIELSEN 65,0.5,,9.55,16.81,13.85,Metal
N65251,BARELY GOLD NIELSEN 65,0.5,,9.55,16.81,13.85,Metal
N65252,ROBIN'S EGG NIELSEN 65,0.5,,9.55,16.81,13.85,Metal
N65280,AMERICAN NATURAL NIELSEN,0.5,,7.13,12.55,13.18,Metal
N65282,WALNUT NIELSEN,0.5,,7.13,12.55,13.18,Metal
N65421,MATTE BLACK NIELSEN 65,0.5,,9.54,16.79,13.83,Metal
N65429,EBONY NIELSEN 65,0.5,,9.56,16.82,13.85,Metal
N7101,SILVER NIELSEN 71,0.5625,,7.75,13.65,14.24,Metal
N7121,MATTE BLACK NIELSEN 71,0.5625,,12.8,22.54,16.86,Metal
N9301,SILVER NIELSEN 93,0.40625,,7.97,14.03,11.68,Metal
N9304,FROSTED GOLD NIELSEN 93,0.40625,,7.49,13.19,11.05,Metal
N9314,GERMAN SILVER NIELSEN 93,0.40625,,9.02,15.87,13.16,Metal
N93150,FLORENTINE SILVER NIELSEN 93,0.40625,,10.93,19.25,15.7,Metal
N93154,FLORENTINE GREY NIELSEN 93,0.40625,,10.91,19.21,15.7,Metal
N93156,FLORENTINE BLACK NIELSEN 93,0.40625,,11.65,20.51,15.7,Metal
N93170,FROSTED BRASS NIELSEN 93,0.40625,,8.67,15.26,12.32,Metal
N9319,FROST WALNUT NIELSEN 93,0.40625,,8.97,15.78,13.09,Metal
N9320,ANODIC BLACK NIELSEN 93,0.40625,,10.43,18.35,15.06,Metal
N9321,MATTE BLACK NIELSEN 93,0.40625,,10.87,19.13,15.06,Metal
N9323,ANTIQUE GOLD NIELSEN 93,0.40625,,8.15,14.35,11.93,Metal
N9350,BLACK NIELSEN 93,0.40625,,8.38,14.74,12.23,Metal
N9352,BRIGHT WHITE NIELSEN 93,0.40625,,9.45,16.64,12.23,Metal
N93550,SILVER LINEN NIELSEN 93,0.40625,,8.96,15.77,13.04,Metal
N93552,STEEL LINEN NIELSEN 93,0.40625,,7.66,13.48,11.23,Metal
N93553,CARAMEL LINEN NIELSEN 93,0.40625,,7.66,13.48,11.23,Metal
N93555,GOLD LINEN NIELSEN 93,0.40625,,8.96,15.77,13.04,Metal
N93556,TUSCAN LINEN BLK NIELSEN 93,0.40625,,9.54,16.78,13.81,Metal
N93557,PEWTER LINEN NIELSEN 93,0.40625,,7.65,13.48,11.23,Metal
N93558,SLATE  LINEN NIELSEN 93,0.40625,,7.65,13.48,11.23,Metal
N9402,FROST SILVER NIELSEN 94,0.625,,8.6,15.14,12.6,Metal
N94156,FLORENTINE BLACK NIELSEN 94,0.625,,10.92,19.22,18.11,Metal
N9421,MATTE BLACK NIELSEN 94,0.625,,12.26,21.59,16.21,Metal
N9510,GRAPHITE NIELSEN 95,0.90625,,13.48,23.73,19.13,Metal
N9514,GERMAN SILVER NIELSEN 95,0.90625,,13.48,23.73,19.13,Metal
N9521,MATTE BLACK NIELSEN 95,0.90625,,13.55,23.85,19.22,Metal
N95224,MATT WHITE NIELSEN 95,0.90625,,12.43,21.87,17.68,Metal
N9523,ANTIQUE GOLD NIELSEN 95,0.90625,,13.17,23.17,18.67,Metal
N95429,BRITE BLACK BRUSH NIELSEN 95,0.90625,,13.92,24.49,19.71,Metal
N95470,BRUSHED SATIN NICKEL NIEL 95,0.90625,,13.91,24.48,19.73,Metal
N9714,GERMAN SILVER NIELSEN 97,0.90625,,11.22,19.74,16.1,Metal
N97150,SILVER FLORENTINE NIELSEN 97,0.90625,,12.55,22.08,17.86,Metal
N97151,FLORENTINE GOLD NIELSEN 97,0.90625,,12.55,22.08,17.86,Metal
N97154,GREY FLORENTINE NIELSEN 97,0.90625,,12.55,22.08,17.86,Metal
N97155,FLORENTINE AMBER NIELSEN 97,0.90625,,12.55,22.08,17.86,Metal
N97156,FLORENTINE BLACK NIELSEN 97,0.90625,,13.64,24,17.86,Metal
N97167,FLORENTINE WALNUT NIELSEN 97,0.90625,,12.61,22.19,17.86,Metal
N9721,MATTE BLACK NIELSEN 97,0.90625,,11.79,20.76,16.88,Metal
N97400,BRUSH ALUM. NIELSEN 97,0.90625,,14.14,24.9,20.01,Metal
N9750,BLACK NIELSEN 97,0.90625,,11.61,20.42,16.36,Metal
N97550,TUSCAN LINEN SILVER NIELSEN 97,0.90625,,12.55,22.08,17.86,Metal
N97552,TUSCAN LINEN STEEL NIELSEN 97,0.90625,,10.54,18.55,15.29,Metal
N97553,TUSCAN LINEN CARAMEL  NIEL 97,0.90625,,10.54,18.55,15.29,Metal
N97555,TUSCAN LINEN AMBER NIELSEN 97,0.90625,,12.55,22.08,17.86,Metal
N97556,TUSCAN LINEN BLACK NIELSEN 97,0.90625,,12.55,22.08,17.86,Metal
N97557,TUSCAN LINEN PEWTER   NIEL 97,0.90625,,10.54,18.55,15.29,Metal
N97558,TUSCAN LINEN SLATE    NIEL 97,0.90625,,10.54,18.55,15.29,Metal
N99150,FLORENTINE SILVER NIELSEN 99,1.375,,16.03,28.21,22.58,Metal
N99154,FLORENTINE GREY NIELSEN 99,1.375,,17.42,30.66,22.58,Metal
N99156,FLORENTINE BLACK NIELSEN 99,1.375,,16.03,28.21,22.58,Metal
N99167,FLORENTINE WAL NIELSEN 99,1.375,,12.53,22.04,22.52,Metal
N9921,MATTE BLACK NIELSEN 99,1.375,,14.08,24.79,19.94,Metal
N99421,BRUSHED SATIN BLACK NIEL 99,1.375,,14.49,25.49,20.41,Metal
N99430,GERMAN SILVER BRUSH NIELSEN 99,1.375,,15.24,26.82,20.32,Metal
N99470,BRUSHED SATIN NICKEL NIEL 99,1.375,,14.48,25.49,20.41,Metal
N99475,BRUSH SATIN CHOCOLATE NIEL 99,1.375,,11.03,19.41,20.41,Metal
N99478,BRUSH SATIN PEWTER NIEL 99,1.375,,11.37,20.01,20.41,Metal
NOEM101,SILVER CONTRACT METAL NIELSEN,0.25,,4.47,7.87,6,Metal
NOEM102,FRST SIL CNTRCT METL NIEL,0.25,,5.51,9.69,6.03,Metal
NOEM103,GOLD CONTRACT METAL NIEL,0.25,,4.29,7.55,6,Metal
NOEM120,ADONIC BLK CONTRACT METAL NIEL,0.25,,4.67,8.21,6.05,Metal
NOEM121,MATTE BLK CONTRACT METAL NEIL,0.25,,4.32,7.6,6.05,Metal
NOEM1501,SILVER CONTRACT METAL NIELSEN,0.375,,5.27,9.27,7.16,Metal
NOEM1502,FRS SIL CONTRACT METAL NIELSEN,0.375,,5.27,9.27,7.16,Metal
NOEM1503,GOLD CONTRACT METAL NIELSEN,0.375,,5.01,8.82,6.79,Metal
NOEM1504,FRS GLD CONTRACT METAL NIELSEN,0.375,,5.7,10.03,7.16,Metal
NOEM1513,CONTS GRY CONTRACT METAL NIEL,0.375,,4.78,8.4,7.09,Metal
NOEM1514,GERMAN SIL CONTRACT METAL NEIL,0.375,,5.27,9.28,7.16,Metal
NOEM1520,ADONIC BLK CONTRACT METAL NIEL,0.375,,5.2,9.15,7.09,Metal
NOEM1521,MATTE BLK CONTRACT METAL NIEL,0.375,,5.2,9.15,7.09,Metal
NOEM220,ADONIC BLACK CONTRT METAL NIEL,0.375,,4.8,8.44,6.54,Metal
NOEM221,MATTE BLK CONTRACT METAL NIEL,0.375,,4.82,8.48,6.54,Metal
NOEM501,SILVER CONTRACT METAL NIELSEN,0.375,,4.31,7.58,6.12,Metal
NOEM503,GOLD CONTRACT METAL NIELSEN,0.375,,4.1,7.21,5.8,Metal
NOEM520,ANODIC BLACK CONTR METAL NIEL,0.375,,4.31,7.59,6.05,Metal
NOEM521,MATTE BLK CONTRACT METAL NIEL,0.375,,4.31,7.59,6.05,Metal