item,cost,description,fortybysixty
B8632,15.09,White 2 ply,32x40
B8654,15.09,Pure White 2 ply,32x40
B8629,36.48,Fresh Hay,32x40
B8634,28.89,White,32x40
B8640,28.89,Antique White,32x40
B8642,30.3,Cream,32x40
B8643,30.3,Dove Grey,32x40
B8644,36.48,Ebony,32x40
B8645,30.3,Ivory,32x40
B8646,30.3,Khaki,32x40
B8647,28.89,Pearl White,32x40
B8655,28.89,Pure White,32x40
B8656,28.89,Natural White,32x40
B8663,37,Natural Black,32x40
B8664,30.3,Special Cream,32x40
B8665,30.3,Tumbleweed,32x40
B8666,30.3,Sand,32x40
B8667,30.3,Colonial Cream,32x40
B8668,30.3,Ecru,32x40
B8669,37,Black Shadow,32x40
B8673,37,Deep Sage,32x40
B8674,30.3,Stone,32x40
B8678,37,Coir,32x40
B8688,28.89,Glacier White,32x40
B8690,37,Toasted Wheat,32x40
B8634L,54.64,White,40x60
B8640L,54.64,Antique White,40x60
B8644L,82.21,Ebony,40x60
B8647L,54.64,Pearl White,40x60
B8655L,54.64,Pure White,40x60
B8667L,57.97,Colonial Cream,40x60
B86408,65.88,Antique White,32x40
B86468,68.85,Khaki,32x40
B86478,65.88,Pearl White,32x40
B8653,65.88,Pure White,32x40
B8660,65.88,White,32x40
B86348L,126.89,White,40x60
B86478L,126.89,Pearl White,40x60
B8661,83.45,White 48 x 72,48x72
B8662,150.33,White 48 x 96,48x96
B8013,20.91,Matador,32x40
B8052,20.91,Precious Pink,32x40
B8055,20.91,Ardent Blue,32x40
B8056,20.91,Balmy Blue,32x40
B8108,20.91,Sherry,32x40
B8151,20.91,Palm,32x40
B8153,20.91,Jute,32x40
B8155,20.91,Fiori,32x40
B8156,20.91,Prato,32x40
B8157,20.91,Verde,32x40
B8158,20.91,Sole,32x40
B8159,20.91,Mare,32x40
B8160,20.91,Luna,32x40
B8162,20.91,Fango,32x40
B8180,20.91,Mocha,32x40
B8181,20.91,Matte Black,32x40
B8182,20.91,Rainforest Green,32x40
B8183,20.91,Darkest Blue,32x40
B8189,20.91,Toasted Almond,32x40
B8192,20.91,Fiery Red,32x40
B8260,20.91,Ice White,32x40
B8262,20.91,Polar White,32x40
B8263,23,Beeswax,32x40
B8264,20.91,Wild Olive,32x40
B8265,20.91,Tabasco,32x40
B8267,20.91,Crystal Blue,32x40
B8268,20.91,Moonrock,32x40
B8269,20.91,Claret,32x40
B8270,20.91,Clementine,32x40
B8271,20.91,Dreamweaver,32x40
B8272,20.91,Goldenrod,32x40
B8273,20.91,Beryl,32x40
B8274,20.91,Dawn,32x40
B8275,20.91,Dried Sage,32x40
B8276,20.91,Paloma,32x40
B8277,20.91,Pagoda,32x40
B8278,20.91,Bijou,32x40
B8401,20.91,Biscotti,32x40
B8409,20.91,Amber,32x40
B8412,20.91,Green Olive,32x40
B8417,20.91,Venetian Blue,32x40
B8420,20.91,Softly Pink,32x40
B8425,20.91,Sea Green,32x40
B8426,20.91,Parakeet,32x40
B8428,20.91,Papaya,32x40
B8431,20.91,Antique,32x40
B8432,20.91,Angora,32x40
B8433,20.91,Jet,32x40
B8435,20.91,Chrome,32x40
B8437,20.91,Clover,32x40
B8438,20.91,Chalk,32x40
B8440,20.91,Aubergine,32x40
B8442,23,Kona,32x40
B8443,20.91,Teak,32x40
B8444,20.91,Pecan,32x40
B8445,20.91,Fiddlehead,32x40
B8446,20.91,Raffia,32x40
B8447,20.91,Black Spruce,32x40
B8448,20.91,Jalapeno,32x40
B8450,20.91,Denim Blue,32x40
B8451,20.91,Mulberry,32x40
B8453,20.91,Cayenne,32x40
B8454,20.91,Marigold,32x40
B8455,20.91,Maize,32x40
B8456,20.91,Fog,32x40
B8458,20.91,Smoke,32x40
B8460,20.91,Quaker Grey,32x40
B8461,20.91,Gun Metal,32x40
B8462,20.91,Wheat,32x40
B8463,20.91,Spanish White,32x40
B8464,20.91,Matte White,32x40
B8465,20.91,Igloo,32x40
B8466,20.91,Frost,32x40
B8467,20.91,French White,32x40
B8468,20.91,Medieval Forest,32x40
B8470,20.91,Etruscan Bronze,32x40
B8471,20.91,Dynasty Celadon,32x40
B8473,20.91,Florentine Lapis,32x40
B8474,20.91,Persian Sapphire,32x40
B8475,20.91,Olympian Blue,32x40
B8478,20.91,Romanesque Grape,32x40
B8479,20.91,Imperial Plum,32x40
B8483,20.91,Baroque Ruby,32x40
B8484,20.91,Venetian Garnet,32x40
B8485,20.91,Renaissance Gold,32x40
B8486,20.91,Arabian White,32x40
B8487,20.91,Palomino,32x40
B8488,20.91,Sand Dune,32x40
B8500,20.91,Shell,32x40
B8502,20.91,Mimosa,32x40
B8503,20.91,Chamois,32x40
B8504,20.91,Shadow Blue,32x40
B8505,20.91,Teal Grey,32x40
B8506,20.91,Tuscan Brown,32x40
B8509,20.91,Malacca,32x40
B8510,20.91,Annapolis Blue,32x40
B8511,20.91,Sea Mist,32x40
B8512,20.91,Sorrel,32x40
B8514,20.91,Sonora,32x40
B8515,20.91,Dover Grey,32x40
B8516,20.91,Pampas,32x40
B8517,20.91,Ivory Black,32x40
B8518,20.91,Ash,32x40
B8519,20.91,Snowflake,32x40
B8520,20.91,Talc,32x40
B8521,20.91,Fairfield White,32x40
B8522,20.91,Cobblestone,32x40
B8525,20.91,Almond,32x40
B8526,20.91,Indigo,32x40
B8527,20.91,Almandine,32x40
B8528,20.91,Garnet,32x40
B8531,20.91,Spice,32x40
B8535,20.91,Moroccan Sand,32x40
B8536,20.91,Heather Mist,32x40
B8539,20.91,Briarwood,32x40
B8540,20.91,Tartan Green,32x40
B8545,20.91,Catawba,32x40
B8551,20.91,Baltic Green,32x40
B8552,20.91,Carmine,32x40
B8555,20.91,Nimbus,32x40
B8556,20.91,Kirkwood,32x40
B8559,20.91,Photo White,32x40
B8560,20.91,Sultan Sand,32x40
B8563,20.91,Taupe,32x40
B8564,20.91,Powder Rose,32x40
B8565,20.91,Olde Rose,32x40
B8567,20.91,Dusk Grey,32x40
B8570,20.91,Ice Blue,32x40
B8571,20.91,Hunter Green,32x40
B8572,20.91,Blue Spruce,32x40
B8573,20.91,Tapestry,32x40
B8574,20.91,Sapphire,32x40
B8583,20.91,Pale Mauve,32x40
B8584,20.91,Periwinkle,32x40
B8585,20.91,Jonquil,32x40
B8586,20.91,Iris,32x40
B8589,20.91,Teal Blue,32x40
B8591,20.91,Right Red,32x40
B8592,20.91,Bordeaux,32x40
B8593,20.91,Steel Grey,32x40
B8597,20.91,Flagstone,32x40
B8260L,42.19,Ice White,40x60
B8445L,42.19,Fiddlehead,40x60
B8448L,42.19,Jalapeno,40x60
B8450L,42.19,Denim Blue,40x60
B8462L,42.19,Wheat,40x60
B8463L,42.19,Spanish White,40x60
B8464L,42.19,Matte White,40x60
B8465L,42.19,Igloo,40x60
B8466L,42.19,Frost,40x60
B8479L,42.19,Imperial Plum,40x60
B8505L,42.19,Teal Grey,40x60
B8506L,42.19,Tuscan Brown,40x60
B8509L,42.19,Malacca,40x60
B8515L,42.19,Dover Grey,40x60
B8517L,42.19,Ivory Black,40x60
B8518L,42.19,Ash,40x60
B8519L,42.19,Snowflake,40x60
B8520L,42.19,Talc,40x60
B8526L,42.19,Indigo,40x60
B8527L,42.19,Almandine,40x60
B8540L,42.19,Tartan Green,40x60
B8559L,42.19,Photo White,40x60
B8570L,42.19,Ice Blue,40x60
BTM8463,31.98,Spanish White,32x40
BTM8464,31.98,Matte White,32x40
BTM8465,31.98,Igloo,32x40
BTM8466,31.98,Frost,32x40
BTM8517,31.98,Ivory Black,32x40
BTM8519,31.98,Snowflake,32x40
BTM8520,31.98,Talc,32x40
BTM8559,31.98,Photo White,32x40
BTM8463L,61.37,Spanish White,40x60
BTM8517L,61.37,Ivory Black,40x60
B8301,25.28,Ivory Black,32x40
B8304,25.28,Flint,32x40
B8305,25.28,Featherstone,32x40
B8306,25.28,Matte White,32x40
B8307,25.28,Frost,32x40
B8308,25.28,Sea Mist,32x40
B8313,25.28,Snowflake,32x40
B8314,25.28,Talc,32x40
B8315,25.28,Fairfield White,32x40
B8317,25.28,Steel Grey,32x40
B8318,25.28,Malacca,32x40
B8319,25.28,Teal Grey,32x40
B8320,25.28,Taupe,32x40
B8841,25.28,Ash,32x40
B8301L,49.55,Ivory Black,40x60
B8313L,49.55,Snowflake,40x60
BTM8012S,48.26,Brushed Onyx,32x40
BTM8321,36.73,Spanish White,32x40
BTM8321L,70.69,Spanish White,40x60
B8740,25.1,Solid White,32x40
B8741,25.1,Solid Black,32x40
B8742,25.1,Solid Wheat,32x40
B8743,25.1,Solid Sand,32x40
B8744,25.1,Solid Malacca,32x40
B8745,25.1,Solid Pampas,32x40
B8747,25.1,Solid Grey,32x40
B8748,25.1,Solid Prato,32x40
B8749,25.1,Solid Chrome,32x40
B8750,25.1,Solid Loam,32x40
B8751,25.1,Solid Ash,32x40
B8752,25.1,Solid Fango,32x40
B8755,25.1,Solid Khaki,32x40
B8756,25.1,Solid Ecru,32x40
B8757,25.1,Solid Ebony,32x40
B8758,25.1,Solid Ivory,32x40
B8759,25.1,Solid Slate,32x40
B8760,25.1,Solid Pearl,32x40
B8740L,50.08,Solid White,40x60
B8741L,50.08,Solid Black,40x60
B87408,53.65,Solid White,32x40
B87418,53.65,Solid Black,32x40
B87428,53.65,Solid Wheat,32x40
B87478,53.65,Solid Grey,32x40
BTM8744,53.65,Solid Malacca,32x40
BTM8749,53.65,Solid Chrome,32x40
BTM8751,53.65,Solid Ash,32x40
B87408L,103.35,Solid White,40x60
B87418L,103.35,Solid Black,40x60
B608155,30.02,Tornado,32x40
B608181,30.02,Black Denim,32x40
B608512,30.02,Java,32x40
B108506,30.2,Chocolate Swirl,32x40
B848539,30.2,Bronzed Maple,32x40
B998008,30.2,Gold Bullion,32x40
B8140,25.23,Topaz,32x40
B8142,25.23,Azurite,32x40
B8801,25.23,Featherstone,32x40
B8805,25.23,Flint,32x40
B8809,25.23,Feldspar,32x40
B8812,25.23,Zinc,32x40
B468085,35.16,Forged Iron Black Core,32x40
B928155,27.33,Fiori Grotto,32x40
B928158,27.33,Sole Grotto,32x40
B628504,27.33,Concrete,32x40
B648522,30.02,Grey Cedar,32x40
B648442,30.02,Black Ash,32x40
B768528,30.02,Barnyard,32x40
B848443,30.02,Antique Sienna,32x40
B848512,30.02,Empire Gold,32x40
B878455,30.02,Apple Cider,32x40
B878503,30.02,Rococo Cream,32x40
B878526,30.02,Renaissance Blue,32x40
B878540,30.02,Gothic Green,32x40
B878559,30.02,Victorian Cameo,32x40
B8254,29.15,Cowhide Leather,32x40
B8815,26.32,Muslin,32x40
B8002,26.32,Silver,32x40
B8003,26.32,Gold,32x40
B8004,26.32,Warm Gold,32x40
B8006,26.32,Brushed Silver,32x40
B8007,26.32,Brushed Pale Gold,32x40
B8008,26.32,Brushed Gold,32x40
B8012,26.32,Brushed Onyx,32x40
B8014,26.32,Grey Quartz,32x40
B8015,26.32,Smoky Topaz,32x40
B8042,26.32,Light Marine,32x40
B8061,26.32,Urban Black,32x40
B8083,26.32,Golden Mocha,32x40
B8085,26.32,Nickel,32x40
B8086,26.32,Brass Band,32x40
B8093,26.32,Real Red,32x40
B8094,26.32,Patriot Blue,32x40
B8096,26.32,Bronze,32x40
B8097,26.32,Aluminum,32x40
B8321,28.32,Brushed Onyx,32x40
B8321L,54.97,Brushed Onyx,40x60
B8020,26.32,Red Rave,32x40
B8022,26.32,Lemondrop,32x40
B8027,26.32,Mango,32x40
B8037,26.32,Lime,32x40
B998741,32.87,Old Bronze,32x40
B998743,32.87,Vintage Oak,32x40
B998747,32.87,Weathered Zinc,32x40
B998751,32.87,Ironwork,32x40
B998752,32.87,Dark clay,32x40
B4008,61.32,Gold Dust,32x40
B4020,72.19,Raphael Cloud,32x40
B4021,72.19,Monet Lily,32x40
B4022,72.19,Seurat Sand,32x40
B4023,72.19,Rembrandt Shadow,32x40
B4024,72.19,Vermeer Black,32x40
B4025,72.19,Titian Gold,32x40
B4027,72.19,Gauguin Green,32x40
B5559,72.19,British Tan,32x40
B5561,72.19,Sahara Sand,32x40
B5632,72.19,Warm White,32x40
B4075,64.11,Peatmoss,32x40
B4079,70.53,Oatmeal,32x40
B4080,64.11,Charred Black,32x40
B4281,64.11,Oasis,32x40
B5539,54.62,Cream Jute,32x40
B5540,54.62,Barnwood Jute,32x40
B5542,54.62,Black Jute,32x40
B5654,54.62,Natural Jute,32x40
B85539,102.39,Cream Jute,40x60
B85540,102.39,Barnwood Jute,40x60
B85542,102.39,Black Jute,40x60
B85654,102.39,Natural Jute,40x60
B5657,42.58,Moonlit Sand,32x40
B5658,42.58,Bronzed Sand,32x40
B5698,42.58,Silver Sand,32x40
B5699,42.58,Graphite Sand,32x40
B4091,47.76,Meringue,32x40
B4097,47.76,Camel,32x40
B4099,47.76,Nightshade,32x40
B4101,47.76,Navy,32x40
B4104,47.76,White,32x40
B4111,47.76,Scarlet,32x40
B4112,47.76,Watchet Blue,32x40
B4113,47.76,Autumn Frost,32x40
B4114,47.76,Enchanted Purple,32x40
B4115,47.76,Forest Floor,32x40
B4116,47.76,Courtyard,32x40
B4117,47.76,Grecian White,32x40
B4119,52.54,Grappa,32x40
B4121,47.76,Orange Zest,32x40
B4125,47.76,Ancient Stone,32x40
B4126,47.76,Majestic Brown,32x40
B4127,47.76,Brick Oven,32x40
B4132,47.76,New Threads Bamboo,32x40
B4135,47.76,New Threads Café au Lait,32x40
B5533,47.76,Vintage White,32x40
B4097L,88.8,Camel,40x60
B4099L,88.8,Nightshade,40x60
B4101L,88.8,Navy,40x60
B4104L,88.8,White,40x60
B4113L,88.8,Autumn Frost,40x60
B4115L,88.8,Forest Floor,40x60
B4126L,88.8,Majestic Brown,40x60
B4127L,88.8,Brick Oven,40x60
B4135L,88.8,New Threads Café au Lait,40x60
B85533,88.8,Vintage White,40x60
B4146,42.73,Willow,32x40
B4147,42.73,Spruce,32x40
B4149,42.73,Wine,32x40
B4150,42.73,Midnight,32x40
B4151,42.73,Sonoma,32x40
B4153,42.73,Jacana,32x40
B4157,42.73,Grey,32x40
B4162,42.73,Rosewood,32x40
B4165,42.73,Coal,32x40
B4169,42.73,Lapis,32x40
B4176,42.73,Suede White,32x40
B4179,42.73,Noel,32x40
B4180,42.73,Cabernet,32x40
B4183,42.73,Persimmon,32x40
B4197,42.73,Shadow,32x40
B4199,42.73,Verde Suede,32x40
B4216,42.73,Vivid Purple,32x40
B4221,42.73,Sundrenched,32x40
B4223,42.73,Blaze,32x40
B4228,42.73,Raspberry Fizz,32x40
B4231,42.73,Cybergreen,32x40
B4232,42.73,Vivid Turquoise,32x40
B4233,42.73,Suede Balsam,32x40
B4236,42.73,Suede Blueberry,32x40
B5501,42.73,Brook,32x40
B5512,42.73,Clementine,32x40
B5515,42.73,Thicket,32x40
B5636,42.73,Purple Torch,32x40
B5638,42.73,Tile Blue,32x40
B4150L,73.84,Midnight,40x60
B4165L,73.84,Coal,40x60
B4176L,73.84,Suede White,40x60
B4180L,73.84,Cabernet,40x60
B4183L,73.84,Persimmon,40x60
B4216L,73.84,Vivid Purple,40x60
B4223L,73.84,Blaze,40x60
B4233L,73.84,Suede Balsam,40x60
B4236L,73.84,Suede Blueberry,40x60
B85636,73.84,Purple Torch,40x60
B85501,73.84,Brook,40x60
B85638,73.84,Blue Tile,40x60
B5660,45.98,White Shimmer,32x40
B5661,45.98,Ivory Shimmer,32x40
B5851,45.98,Golden Shimmer,32x40
B5852,45.98,Silver Shimmer,32x40
B5853,45.98,Ebony Shimmer,32x40
B85660,98.21,White Shimmer,40x60
B85661,98.21,Ivory Shimmer,40x60
B85853,98.21,Ebony Shimmer,40x60
B4300,62.32,Cinnabar,32x40
B4301,62.32,Faberge Gold,32x40
B4302,62.32,Silver Leaf,32x40
B4303,62.32,Aragon,32x40
B4312,70.76,Gilded Cream,32x40
B4314,70.76,Worn Brass,32x40
B4315,70.76,Travertine,32x40
B4316,70.76,Grey Slate,32x40
B4352,63.44,Verdigris,32x40
B4355,63.44,Verona,32x40
B4366,68.73,Spun Gold,32x40
B4410,76.38,Golden Samurai,32x40
B4411,76.38,Chai,32x40
B4412,76.38,Sake,32x40
B4413,76.38,Salt Grass,32x40
B4415,76.38,Bonsai Brown,32x40
B4417,76.38,Hibachi,32x40
B4418,76.38,Harmony Blue,32x40
B4419,76.38,Kyoto Pearl,32x40
B4421,76.38,Fawn,32x40
B4423,76.38,Candlestick,32x40
B4424,76.38,Jasper,32x40
B4426,76.38,Caramel,32x40
B4429,76.38,Delft,32x40
B4430,76.38,Jundo,32x40
B4432,76.38,Umi,32x40
B4433,76.38,Katana,32x40
B4434,76.38,Kazan,32x40
B4435,76.38,Sumi,32x40
B4436,76.38,Torii,32x40
B4440,76.38,Dill,32x40
B4451,76.38,Pistachio,32x40
B4452,76.38,Peach Melba,32x40
B4454,76.38,Violetta,32x40
B4457,76.38,Phantom,32x40
B4459,76.38,Nightshade,32x40
B4460,76.38,Tourmaline,32x40
B4461,76.38,Chinchilla,32x40
B4427,65.24,Chino,32x40
B4428,65.24,Heather Grey,32x40
B4013,65.24,Candlelight Silver,32x40
B4700,65.24,White Armor,32x40
B4702,65.24,Gold Coin,32x40
B4704,65.24,Bridal Path,32x40
B4705,65.24,Crystal,32x40
B4706,65.24,Gential,32x40
B4707,65.24,Niagra,32x40
B4709,65.24,Moonlight,32x40
B4710,65.24,Pumice,32x40
B4830,71.7,Snow,32x40
B4834,71.7,Petal Green,32x40
B4836,71.7,Imperial Blue,32x40
B4837,78.87,Burgundy,32x40
B4838,71.7,Dynasty Red,32x40
B4840,71.7,White,32x40
B4843,71.7,Wheatfield,32x40
B4844,71.7,Burnt Ember,32x40
B4846,71.7,Molten,32x40
B4848,71.7,Shitake,32x40
B4850,71.7,Wasabi,32x40
B4851,71.7,Tabriz,32x40
B4853,60.9,Dolphin,32x40
B4854,60.9,Caffe,32x40
B4855,60.9,New Moon,32x40
B4856,66.99,Cottage Blue,32x40
B4960,77.51,Oyster,32x40
B4964,77.51,Greenbrier,32x40
B4970,77.51,Black Knight,32x40
B4340,40.31,Smokewood,32x40
B4341,40.31,Coastal Drift,32x40
B4342,40.31,Sunwashed,32x40
B4356,40.31,Sandalwood,32x40
B4358,40.31,Teak Trail,32x40
B4360,40.31,Obsidian Blaze,32x40
B9735,23.23,Earthen - Denali,32x40
B9736,23.23,Earthen - Sand Dune,32x40
B9737,23.23,Earthen - Gobi,32x40
B9739,23.23,Earthen - Mesa,32x40
B9744,26.06,Golf Ball,32x40
B69745,29.8,Football (UltiBlack),32x40
B69746,29.8,Basketball (UltiBlack),32x40
B4310,76.7,Astroturf,32x40
B4846L,140.8,Molten,40x60
B4836L,140.8,Imperial Blue,40x60
B4844L,140.8,Burnt Ember,40x60
B4837L,140.8,Burgundy,40x60
B8734,17.44,White,32x40
B8424,21.47,Chameleon,32x40
B608522,30.24,Burlap,32x40
B12008L,28,Whipped Cream,40x60
B12027L,28,True Red,40x60
B12012L,28,Storm Cloud,40x60
B12023L,28,Snowdrop,40x60
B12006L,28,Primer White,40x60
B12029L,28,Peppercorn,40x60
B12001L,28,Nougat,40x60
B12004L,28,Kid Glove,40x60
B12022L,28,Daisy,40x60
B12005L,28,Cotton,40x60
B12010L,28,Cork,40x60
B12017L,28,Corinthian White,40x60
B12009L,28,Camel,40x60
B12003L,28,Brown,40x60
B12016L,28,Bridal Veil,40x60
B12030L,28,Blue Moon,40x60
B12026L,28,Navy,40x60
B12020L,28,Iron,40x60
B8605L,36.19,White,40x60
B8710L,27.2,Snow,40x60
B8711L,35.5,Jet,40x60
B8611L,48.26,Coal,40x60
B12008,11.08,Whipped Cream,32x40
B12015,11.08,Truffle,32x40
B13025,15.06,True Blue,32x40
B13012,15.06,Storm Cloud,32x40
B12012,11.08,Storm Cloud,32x40
B12023,11.08,Snowdrop,32x40
B12064,11.08,Silver Blue,32x40
B12045,11.08,Shamrock,32x40
B12018,11.08,Scone,32x40
B12028,11.08,Red Pepper,32x40
B6601,29.3,Pure White,32x40
B13006,15.06,Primer White,32x40
B12006,11.08,Primer White,32x40
B12014,11.08,Portabella,32x40
B12029,11.08,Peppercorn,32x40
BNB8010,26.53,Patina Copper,32x40
B12042,11.08,Oxblood,32x40
B12090,11.08,Myrtle,32x40
B8043,26.53,Medium Marine,32x40
B12085,11.08,Marshmallow,32x40
B12083,11.08,Light Grey,32x40
B12019,11.08,Leaf,32x40
B12062,11.08,Kelly Green,32x40
B12067,11.08,Jaded,32x40
B12065,11.08,Iceberg,32x40
B12089,11.08,Flame,32x40
B12088,11.08,Egret,32x40
B12063,11.08,Dusk,32x40
B12093,11.08,Dragonfly,32x40
B8063,26.53,Desert,32x40
B12022,11.08,Daisy,32x40
B12066,11.08,Crocodile,32x40
B12017,11.08,Corinthian White,32x40
B12080,11.08,Chili Sauce,32x40
B12086,11.08,Castlerock,32x40
B12009,11.08,Camel,32x40
B12082,11.08,Butter,32x40
B12024,11.08,Bungalow,32x40
B12052,11.08,Bristol,32x40
B13016,15.06,Bridal Veil,32x40
B12016,11.08,Bridal Veil,32x40
B12030,11.08,Blue Moon,32x40
B12084,11.08,Black Olive,32x40
B12059,11.08,Apricot,32x40
B13021,15.06,Anthracite,32x40
B12021,11.08,Anthracite,32x40
B8107,21.47,Peacock,32x40
B8534,21.47,Flemish Blue,32x40
B8418,21.47,Charleston Green,32x40
B8577,21.47,Blush,32x40
B8605,19.33,White,32x40
B8060,26.53,Urban Grey,32x40
B12020,11.08,Iron,32x40
B12005,11.08,Cotton,32x40
B8610,19.33,Alabaster,32x40
B12004,11.08,Kid Glove,32x40
B8161,21.47,Terra,32x40
B8648,29.56,Taupe,32x40
B8429,21.47,Orchid,32x40
B8434,21.47,Coal,32x40
B8441,21.47,Chaps,32x40
B8513,21.47,Celadon,32x40
B8105,21.47,Blue Iris,32x40
B8184,21.47,Black Cherry,32x40
BTM12016,30.98,Bridal Veil,32x40
B8615,24.73,Soft Black,32x40
B8710,16.82,Snow,32x40
B8713,16.82,Sand,32x40
B4858,61.51,Pimento,32x40
B8612,19.33,Off White,32x40
B12001,11.08,Nougat,32x40
B12002,11.08,Manila,32x40
B8715,16.82,Light Grey,32x40
B8711,20.08,Jet,32x40
B8712,16.82,Cream,32x40
B12010,11.08,Cork,32x40
B8611,24.73,Coal,32x40
B8714,16.82,Buff,32x40
B12003,11.08,Brown,32x40
B8613,19.33,Bright White,32x40
B4078,64.96,Brick Wall,32x40
C1100,27.41,Archival Mist,32x40
C1101,27.41,Neutral Gray,32x40
C1102,27.41,Vintage Gray,32x40
C1104,27.41,Antique Tan,32x40
C1105,27.41,Desert Sand,32x40
C1106,27.41,Antique Gray,32x40
C1112,25.94,Soft White,32x40
C1114,27.41,Almond,32x40
C1115,35.26,Black,32x40
C1117,27.41,Gray,32x40
C1121,27.41,Inverness,32x40
C1122,27.41,Stratford,32x40
C1123,35.26,New Castle,32x40
C1125,27.41,Shetland,32x40
C1126,25.94,Sand Dollar,32x40
C1127,27.41,Sprout,32x40
C1128,27.41,Shoreline,32x40
C1129,27.41,Bluff,32x40
C1133,27.41,Briar,32x40
C1136,35.26,Loam,32x40
C1137,35.26,Fieldstone,32x40
C1170,25.94,Cool White,32x40
C1171,25.94,Silk,32x40
C1173,27.41,Soft Cream,32x40
C1174,27.41,Beige,32x40
C1175,27.41,Clay,32x40
C1176,27.41,Suntan,32x40
C1177,35.26,Brownstone,32x40
C1184,35.26,Sable,32x40
C1186,27.41,Cool Gray,32x40
C1187,27.41,Essential Gray,32x40
C1188,25.94,Winter White,32x40
C1189,35.26,Sanguine,32x40
C2253,25.94,White,32x40
C2255,27.41,Cream,32x40
C2259,25.94,Antique White,32x40
C1536,41.06,White,32x40
C2238,58.06,White,32x40
C2239,58.06,Antique White,32x40
C21104,60.89,Antique Tan,32x40
C21106,60.89,Antique Gray,32x40
C21112,58.06,Soft White,32x40
C21115,81.31,Black,32x40
C21126,58.06,Sand Dollar,32x40
C21171,58.06,Silk,32x40
C21188,58.06,Winter White,32x40
C22255,60.89,Cream,32x40
C2260,49.92,Antique White,40x60
C2261,52.73,Cream,40x60
C2262,49.92,White,40x60
C81104,52.73,Antique Tan,40x60
C81105,52.73,Desert Sand,40x60
C81106,52.73,Antique Gray,40x60
C81112,49.92,Soft White,40x60
C81114,52.73,Almond,40x60
C81115,81.31,Black,40x60
C81121,52.73,Inverness,40x60
C81126,49.92,Sand Dollar,40x60
C81171,49.92,Silk,40x60
C81188,49.92,Winter White,40x60
C2268,114.99,White,40x60
C82239,114.99,Antique White,40x60
C821112,114.99,Soft White,40x60
C821115,170.66,Black,40x60
C821171,114.99,Silk,40x60
C821188,114.99,Winter White,40x60
C2263,81.85,White,48x72
C2269,81.85,Antique White,48x72
C22263,183.67,White,48x72
C22269,183.67,Antique White,48x72
C2273,105.49,White,48x96
C2275,127.62,Black,48x96
C2279,105.49,Antique White,48x96
C22273,282.15,White,48x96
C22279,282.15,Antique White,48x96
C2281,140.6,Silk,60x104
C2283,140.6,White,60x104
C2289,140.6,Antique White,60x104
C2296,35.26,Optic Black,32x40
C2297,27.41,Cream,32x40
C2298,25.94,Antique White,32x40
C2299,25.94,White,32x40
C1530,22.15,White/Antique White,32x40
C1531,22.15,Off White/Cream,32x40
C7100,53.18,Moutarde,32x40
C7101,53.18,Perle,32x40
C7102,53.18,Dune,32x40
C7104,53.18,Chamois,32x40
C7105,53.18,Dark Rust,32x40
C7106,53.18,Antelope,32x40
C7109,53.18,Taupe,32x40
C7111,53.18,Shamrock Green,32x40
C7112,53.18,Bordeaux,32x40
C7113,53.18,Marine Blue,32x40
C7114,53.18,Carbon Black,32x40
C7115,53.18,Moka,32x40
C7116,53.18,Chinese Red,32x40
C7120,53.18,Polaris,32x40
C7127,53.18,Milkweed,32x40
C7128,53.18,Off White,32x40
C7132,53.18,Whisper,32x40
C7133,53.18,Dusty Green,32x40
C7134,53.18,Asparagus,32x40
C7135,53.18,Pine Green,32x40
C7136,53.18,Le Beige,32x40
C7139,53.18,Anthracite,32x40
C7140,53.18,Weesp Blue,32x40
C7141,53.18,Platinum,32x40
C7155,53.18,Wildgrass,32x40
C7156,53.18,Summer Sky,32x40
C7157,53.18,Cattail,32x40
C7158,53.18,Storm Gray,32x40
C7159,53.18,Cottage Stone,32x40
C7160,53.18,Ember,32x40
C7162,53.18,Reed,32x40
C7163,53.18,Rattan,32x40
C7164,53.18,Meadow,32x40
C7165,53.18,Evergreen,32x40
C7166,53.18,Navy,32x40
C7167,53.18,Boulder,32x40
C7168,53.18,Graphite,32x40
C7180,53.18,White,32x40
C7181,53.18,Sunset,32x40
C7182,53.18,Bronze,32x40
C7183,53.18,Moccasin,32x40
C7184,53.18,Cinnamon,32x40
C7185,53.18,Chambord,32x40
C7186,53.18,French Lavender,32x40
C7187,53.18,Celestial,32x40
C7188,53.18,Mercury,32x40
C7190,53.18,Olive,32x40
C7191,53.18,Pfalzgraff,32x40
C7193,53.18,Tumbleweed,32x40
C7194,53.18,Garnet,32x40
C7195,53.18,Sapphire,32x40
C7196,53.18,Teal,32x40
C7199,53.18,Spruce,32x40
C87100,94.02,Moutarde,40x60
C87101,94.02,Perle,40x60
C87102,94.02,Dune,40x60
C87104,94.02,Chamois,40x60
C87105,94.02,Dark Rust,40x60
C87106,94.02,Antelope,40x60
C87109,94.02,Taupe,40x60
C87111,94.02,Shamrock Green,40x60
C87112,94.02,Bordeaux,40x60
C87113,94.02,Marine Blue,40x60
C87114,94.02,Carbon Black,40x60
C87115,94.02,Moka,40x60
C87116,94.02,Chinese Red,40x60
C87120,94.02,Polaris,40x60
C87127,94.02,Milkweed,40x60
C87128,94.02,Off White,40x60
C87132,94.02,Whisper,40x60
C87133,94.02,Dusty Green,40x60
C87134,94.02,Asparagus,40x60
C87135,94.02,Pine Green,40x60
C87136,94.02,Le Beige,40x60
C87139,94.02,Anthracite,40x60
C87141,94.02,Platinum,40x60
C87155,94.02,Wildgrass,40x60
C87157,94.02,Cattail,40x60
C87158,94.02,Storm Gray,40x60
C87163,94.02,Rattan,40x60
C87164,94.02,Meadow,40x60
C87166,94.02,Navy,40x60
C87168,94.02,Graphite,40x60
C87180,94.02,White,40x60
C87182,94.02,Bronze,40x60
C87183,94.02,Moccasin,40x60
C87184,94.02,Cinnamon,40x60
C87185,94.02,Chambord,40x60
C87188,94.02,Mercury,40x60
C87190,94.02,Olive,40x60
C87191,94.02,Pfalzgraff,40x60
C87193,94.02,Tumbleweed,40x60
C87195,94.02,Sapphire,40x60
C87199,94.02,Spruce,40x60
C67101,53.18,Perle,32x40
C67102,53.18,Dune,32x40
C67106,53.18,Antelope,32x40
C67111,53.18,Shamrock Green,32x40
C67112,53.18,Bordeaux,32x40
C67113,53.18,Marine Blue,32x40
C67114,53.18,Carbon Black,32x40
C67139,53.18,Anthracite,32x40
C7700,61.35,Warm White,32x40
C7701,61.35,Canvas,32x40
C7702,61.35,Parchment,32x40
C7703,61.35,Willow,32x40
C7704,61.35,Lagoon,32x40
C7705,61.35,Stone,32x40
C7706,61.35,Harvest,32x40
C7707,61.35,Midnight,32x40
C87700,151.53,Warm White,40x60
C87705,151.53,Stone,40x60
C87706,151.53,Harvest,40x60
C87707,151.53,Midnight,40x60
C7513,44.62,Forest Green,32x40
C7519,44.62,White,32x40
C7520,44.62,Medium Gray,32x40
C7521,44.62,Blue Gray,32x40
C7522,44.62,Black,32x40
C7526,44.62,Cream,32x40
C7531,44.62,Light Gray,32x40
C7533,44.62,Medium Blue,32x40
C7536,44.62,Blue Green,32x40
C7537,44.62,Light Moss,32x40
C7540,44.62,Light Beige,32x40
C7541,44.62,Silver Gray,32x40
C7542,44.62,Red Carpet,32x40
C7543,44.62,Dark Mauve,32x40
C7548,44.62,True Blue,32x40
C7549,44.62,Jasper Brown,32x40
C7554,44.62,North Sea,32x40
C7556,44.62,Dutch Chocolate,32x40
C7557,44.62,Topiary,32x40
C7560,44.62,Basque,32x40
C7564,44.62,Maroon,32x40
C7565,44.62,Vintage Ruby,32x40
C7566,44.62,Amethyst,32x40
C7567,44.62,Ultramarine Blue,32x40
C7569,44.62,Loden Green,32x40
C7580,44.62,Burgundy,32x40
C7581,44.62,Jewel Blue,32x40
C7582,44.62,Lotus - Pacific Linen,32x40
C7583,44.62,Scroll - Pacific Linen,32x40
C7584,44.62,Havana,32x40
C7586,44.62,Sumi - Pacific Linen,32x40
C7588,44.62,Khaki,32x40
C7597,44.62,Off White,32x40
C87513,90.44,Forest Green,40x60
C87519,90.44,White,40x60
C87522,90.44,Black,40x60
C87526,90.44,Cream,40x60
C87540,90.44,Light Beige,40x60
C87541,90.44,Silver Gray,40x60
C87542,90.44,Red Carpet,40x60
C87548,90.44,True Blue,40x60
C87549,90.44,Jasper Brown,40x60
C87554,90.44,North Sea,40x60
C87556,90.44,Dutch Chocolate,40x60
C87557,90.44,Topiary,40x60
C87560,90.44,Basque,40x60
C87564,90.44,Maroon,40x60
C87569,90.44,Loden Green,40x60
C87580,90.44,Burgundy,40x60
C87581,90.44,Jewel Blue,40x60
C87582,90.44,Lotus - Pacific Linen,40x60
C87586,90.44,Sumi - Pacific Linen,40x60
C87597,90.44,Off White,40x60
C7501,44.62,Vink Tweed,32x40
C7550,44.62,Smokey Hill,32x40
C7551,44.62,Flax,32x40
C7553,44.62,Edelweiss,32x40
C7572,44.62,Worn Gray,32x40
C87501,90.44,Vink Tweed,40x60
C87550,90.44,Smokey Hill,40x60
C87551,90.44,Flax,40x60
C87553,90.44,Edelweiss,40x60
C87572,90.44,Worn Gray,40x60
C7310,106.37,Icicle,32x40
C7311,106.37,Golden Moon,32x40
C7312,106.37,Mint Julep,32x40
C7313,106.37,Praline,32x40
C7314,106.37,Stardust,32x40
C7315,106.37,Blue Galaxy,32x40
C7801,56.92,Antique White,32x40
C5598,17.64,Etched Black,32x40
C5647,14.3,Carnation,32x40
C5648,14.3,Peony,32x40
C5651,14.3,Bluebird,32x40
C9500,14.3,White Glove,32x40
C9501,14.3,White Collar,32x40
C9502,14.3,White Sale,32x40
C9503,14.3,White Hot,32x40
C9504,14.3,White Lie,32x40
C9505,14.3,White Wash,32x40
C9506,14.3,Egg White,32x40
C9507,14.3,White Elephant,32x40
C9508,14.3,White Sands,32x40
C9509,14.3,Half & Half,32x40
C9510,14.3,Froth,32x40
C9511,14.3,Fossil,32x40
C9512,14.3,Mummy,32x40
C9513,14.3,Sandtrap,32x40
C9514,14.3,Toasty,32x40
C9515,14.3,Wet Sand,32x40
C9516,14.3,Tusk,32x40
C9518,14.3,Summer,32x40
C9519,14.3,Curry,32x40
C9520,14.3,Haystack,32x40
C9521,14.3,Gold Rush,32x40
C9522,14.3,Oleo,32x40
C9523,14.3,Omelet,32x40
C9525,14.3,Sage Advice,32x40
C9526,14.3,Pickle,32x40
C9527,14.3,Wise Green,32x40
C9530,14.3,Hedgehog,32x40
C9531,14.3,Spinach,32x40
C9533,14.3,Bonsai,32x40
C9535,14.3,Turf,32x40
C9536,14.3,Frond,32x40
C9537,14.3,Envy,32x40
C9538,14.3,Deep Woods,32x40
C9539,14.3,Riptide,32x40
C9542,14.3,Blue Monday,32x40
C9544,14.3,Chicago Blues,32x40
C9545,14.3,Glacier,32x40
C9546,14.3,Blue Satin,32x40
C9547,14.3,In A Fog,32x40
C9548,14.3,Blue Lilac,32x40
C9549,14.3,Inlet,32x40
C9550,14.3,Cabana,32x40
C9551,14.3,Blue Wave,32x40
C9552,14.3,NYPD,32x40
C9553,14.3,Moody Blue,32x40
C9554,14.3,Pharaoh,32x40
C9555,14.3,Steel Drum,32x40
C9556,14.3,Tempest,32x40
C9557,14.3,Pigeon,32x40
C9558,14.3,Geode,32x40
C9560,14.3,Easter Egg,32x40
C9562,14.3,Grape Jelly,32x40
C9564,14.3,Purple Mountain,32x40
C9565,14.3,Quarry,32x40
C9567,14.3,Cotton Candy,32x40
C9570,14.3,Sushi,32x40
C9571,14.3,Bandage,32x40
C9574,14.3,Marooned,32x40
C9576,14.3,Valentine,32x40
C9579,14.3,Mudslide,32x40
C9581,14.3,Hot Sauce,32x40
C9584,14.3,Catcher's Mitt,32x40
C9585,14.3,Root Beer,32x40
C9586,14.3,Brown Sugar,32x40
C9587,14.3,Milk Chocolate,32x40
C9590,14.3,Fresh Brew,32x40
C9591,14.3,Top Soil,32x40
C9592,14.3,Blizzard,32x40
C9593,14.3,Gravel Road,32x40
C9594,14.3,Concrete,32x40
C9595,14.3,Urban,32x40
C9596,14.3,Cubicle,32x40
C9597,14.3,Field Mouse,32x40
C9598,14.3,Before Dark,32x40
C9599,14.3,After Dark,32x40
C9600,14.3,Batter,32x40
C9601,14.3,Sandpaper,32x40
C9602,14.3,Guacamole,32x40
C9603,14.3,Underbrush,32x40
C9604,14.3,Blarney,32x40
C9605,14.3,Tealy Dan,32x40
C9606,14.3,Jaws,32x40
C9607,14.3,Blue Chip,32x40
C9608,14.3,Sweet Tart,32x40
C9610,14.3,Code Red,32x40
C9611,14.3,Peat Moss,32x40
C9612,14.3,Fuzz,32x40
C9613,14.3,Super White,32x40
C9614,14.3,Glow,32x40
C9615,14.3,Cream Puff,32x40
C9616,14.3,Honey Wheat,32x40
C9618,14.3,Tater,32x40
C9621,14.3,Bud,32x40
C9624,14.3,Scrubs,32x40
C9625,14.3,Blue Moon,32x40
C9627,14.3,Ink Spot,32x40
C9629,14.3,Rhino,32x40
C9630,14.3,Meteorite,32x40
C9631,14.3,Coal Mine,32x40
C9632,14.3,Black Belt,32x40
C9633,14.3,Morning,32x40
C9634,14.3,Cloudburst,32x40
C9635,14.3,Nightfall,32x40
C9747,17.31,Copper,32x40
C9749,17.31,Rose Platinum,32x40
C9800,14.3,Baker's White,32x40
C9801,14.3,Chalk,32x40
C9802,14.3,White Art,32x40
C9804,14.3,Pure White,32x40
C9805,14.3,Coconut Milk,32x40
C9806,14.3,Dove,32x40
C9807,14.3,Off White,32x40
C9808,14.3,Ivory Art,32x40
C9809,14.3,Twilight,32x40
C9810,14.3,Tawny,32x40
C9811,14.3,Putty,32x40
C9812,14.3,Old Ivory,32x40
C9813,14.3,Sandstone,32x40
C9814,14.3,Autumn Gold,32x40
C9820,14.3,Forest Green,32x40
C9822,14.3,Sierra Olive,32x40
C9826,14.3,Mocha Green,32x40
C9827,14.3,Flag Blue,32x40
C9830,14.3,Blue Night,32x40
C9831,14.3,Blue Iris,32x40
C9833,14.3,Orange Ade,32x40
C9834,14.3,Russet,32x40
C9837,14.3,All American Red,32x40
C9838,14.3,Brick,32x40
C9839,14.3,Cabernet,32x40
C9840,14.3,Plum,32x40
C9846,14.3,Dark Shale,32x40
C9848,14.3,Jet Black,32x40
C9849,17.31,Antwerpen,32x40
C9850,17.31,Silver,32x40
C9851,17.31,Gold Nugget,32x40
C9852,17.31,Gold,32x40
C9853,17.31,Bruxelles,32x40
C9854,17.31,Rose,32x40
C9855,17.31,Spanish Gold,32x40
C9856,17.31,Sun,32x40
C9861,14.3,York,32x40
C9865,14.3,Kensington,32x40
C9866,14.3,Plymouth,32x40
C9870,17.31,Silver Star,32x40
C9872,14.3,Irish Green,32x40
C9874,14.3,Red Line,32x40
C9875,14.3,Saffron,32x40
C9876,14.3,Mandarin Orange,32x40
C9877,14.3,Midnight Green,32x40
C9878,14.3,Aqua Green,32x40
C9879,14.3,Purple Iris,32x40
C9880,14.3,Royal Blue,32x40
C9881,14.3,Real Teal,32x40
C9882,14.3,Cornflower,32x40
C9884,14.3,Napa Valley Red,32x40
C9885,14.3,Jeans,32x40
C9886,14.3,Dark Purple,32x40
C9887,14.3,Black-n-Blue,32x40
C9888,14.3,Electric Blue,32x40
C9889,14.3,Deep Blue,32x40
C9892,14.3,Deep Orange,32x40
C9893,14.3,Blaze Orange,32x40
C9894,14.3,Golden,32x40
C9895,14.3,Pewter,32x40
C9896,14.3,Lawn,32x40
C9898,14.3,Burnt Orange,32x40
C9899,14.3,Red Hot,32x40
C91545,14.3,Light Umbria,32x40
C91604,14.3,Wheat,32x40
C91650,14.3,Warm White,32x40
C91672,14.3,Barely Pink,32x40
C91688,14.3,Whisper White,32x40
C12058,14.3,Mosaic Blue,32x40
C12087,14.3,Brightest White,32x40
C12091,14.3,Chartreuse,32x40
C12094,14.3,Ultra Violet,32x40
C29500,22.17,White Glove,32x40
C29502,22.17,White Sale,32x40
C29505,22.17,White Wash,32x40
C29507,22.17,White Elephant,32x40
C29599,22.17,After Dark,32x40
C229502,28.67,White Sale,32x40
C229508,28.67,White Sands,32x40
C229598,28.67,Before Dark,32x40
C229613,28.67,Super White,32x40
C229848,28.67,Jet Black,32x40
C85598,36.73,Etched Black,40x60
C89500,29.72,White Glove,40x60
C89501,29.72,White Collar,40x60
C89502,29.72,White Sale,40x60
C89505,29.72,White Wash,40x60
C89506,29.72,Egg White,40x60
C89507,29.72,White Elephant,40x60
C89508,29.72,White Sands,40x60
C89511,29.72,Fossil,40x60
C89514,29.72,Toasty,40x60
C89516,29.72,Tusk,40x60
C89518,29.72,Summer,40x60
C89520,29.72,Haystack,40x60
C89521,36.73,Gold Rush,40x60
C89527,29.72,Wise Green,40x60
C89533,29.72,Bonsai,40x60
C89542,29.72,Blue Monday,40x60
C89552,29.72,NYPD,40x60
C89553,29.72,Moody Blue,40x60
C89554,29.72,Pharaoh,40x60
C89574,29.72,Marooned,40x60
C89591,29.72,Top Soil,40x60
C89592,29.72,Blizzard,40x60
C89598,29.72,Before Dark,40x60
C89599,29.72,After Dark,40x60
C89601,29.72,Sandpaper,40x60
C89610,29.72,Code Red,40x60
C89613,29.72,Super White,40x60
C89614,29.72,Glow,40x60
C89618,29.72,Tater,40x60
C89632,29.72,Black Belt,40x60
C89633,29.72,Morning,40x60
C89634,29.72,Cloudburst,40x60
C89635,29.72,Nightfall,40x60
C89800,29.72,Baker's White,40x60
C89801,29.72,Chalk,40x60
C89804,29.72,Pure White,40x60
C89806,29.72,Dove,40x60
C89807,29.72,Off White,40x60
C89808,29.72,Ivory Art,40x60
C89809,29.72,Twilight,40x60
C89812,29.72,Old Ivory,40x60
C89813,29.72,Sandstone,40x60
C89814,29.72,Autumn Gold,40x60
C89820,29.72,Forest Green,40x60
C89822,29.72,Sierra Olive,40x60
C89826,29.72,Mocha Green,40x60
C89827,29.72,Flag Blue,40x60
C89830,29.72,Blue Night,40x60
C89833,29.72,Orange Ade,40x60
C89834,29.72,Russet,40x60
C89837,29.72,All American Red,40x60
C89838,29.72,Brick,40x60
C89839,29.72,Cabernet,40x60
C89840,29.72,Plum,40x60
C89846,29.72,Dark Shale,40x60
C89848,29.72,Jet Black,40x60
C89849,36.73,Antwerpen,40x60
C89850,36.73,Silver,40x60
C89851,36.73,Gold Nugget,40x60
C89853,36.73,Bruxelles,40x60
C89854,36.73,Rose,40x60
C89855,36.73,Spanish Gold,40x60
C89856,36.73,Sun,40x60
C89861,29.72,York,40x60
C89865,29.72,Kensington,40x60
C89866,29.72,Plymouth,40x60
C89870,36.73,Silver Star,40x60
C89874,29.72,Red Line,40x60
C89876,29.72,Mandarin Orange,40x60
C89877,29.72,Midnight Green,40x60
C89881,29.72,Real Teal,40x60
C89882,29.72,Cornflower Blue,40x60
C89886,29.72,Dark Purple,40x60
C89889,29.72,Deep Blue,40x60
C89892,29.72,Deep Orange,40x60
C89894,29.72,Golden,40x60
C89899,29.72,Red Hot,40x60
C8229502,54.97,White Sale,40x60
C8229508,54.97,White Sands,40x60
C8229598,54.97,Before Dark,40x60
C8229613,54.97,Super White,40x60
C8229848,54.97,Jet Black,40x60
C5400,18.34,Brushed Brass,32x40
C5402,18.34,Gunmetal,32x40
C5403,18.34,Oil-Rubbed Bronze,32x40
C9949,23.13,Gunmetal UltiBlack,32x40
C9950,23.13,Oil-Rubbed Bronze UltiBlack,32x40
C5700,19.37,Vivid White,32x40
C5701,19.37,Arctic White,32x40
C5702,19.37,White,32x40
C5703,19.37,Antique White,32x40
C5704,19.37,Cream,32x40
C5705,19.37,Buff,32x40
C5706,19.37,Tan,32x40
C5708,21.91,Dark Brown,32x40
C5709,21.91,Gray,32x40
C5710,21.91,Dark Gray,32x40
C5711,21.91,Deep Black,32x40
C5712,19.37,Cloud Gray,32x40
C5713,19.37,Neutral Gray,32x40
C5714,21.91,Classic Gray,32x40
C85700,39.03,Vivid White,40x60
C85702,39.03,White,40x60
C85703,39.03,Antique White,40x60
C85704,39.03,Cream,40x60
C85706,39.03,Tan,40x60
C85711,44.02,Deep Black,40x60
C85712,39.03,Cloud Gray,40x60
C85713,39.03,Neutral Gray,40x60
C85714,44.02,Classic Gray,40x60
C25700,34.24,Vivid White,32x40
C25702,34.24,White,32x40
C25703,34.24,Antique White,32x40
C25704,34.24,Cream,32x40
C25706,34.24,Tan,32x40
C25711,38.59,Deep Blk,32x40
C25712,34.24,Cloud Gray 8 ply,32x40
C825700,69.08,Vivid White,40x60
C825702,69.08,White,40x60
C825703,69.08,Antique White,40x60
C825706,69.08,Tan,40x60
C825711,79.77,Deep Black,40x60
C825712,69.08,Cloud Gray,40x60
C29301,45,Eclipse,32x40
C29302,45,Urban Moon,32x40
C29303,45,Shadowfall,32x40
C29304,45,Juniper,32x40
C29305,45,Fern,32x40
C29306,45,Cypress,32x40
C29307,45,Claystone,32x40
C29308,45,Mosswood,32x40
C29309,45,Sunbaked,32x40
CBR14921,41.06,Black on Blue,32x40
CBR24921,41.06,Black on Green,32x40
CBR34921,41.06,Black on Red,32x40
CBR44921,41.06,Black on Yellow,32x40
CBR54921,41.06,Black on Orange,32x40
CBR64921,41.06,Black on Purple,32x40
CBR74921,41.06,Black on Pink,32x40
CBR84921,41.06,Black on Aqua,32x40
CBR14987,41.06,White on Blue,32x40
CBR24987,41.06,White on Green,32x40
CBR34987,41.06,White on Red,32x40
CBR44987,41.06,White on Yellow,32x40
CBR54987,41.06,White on Orange,32x40
CBR64987,41.06,White on Purple,32x40
CBR74987,41.06,White on Pink,32x40
CBR84987,41.06,White on Aqua,32x40
CBR834987,47.67,White on Red,40x60
CBR814987,47.67,White on Blue,40x60
CBR824987,47.67,White on Green,40x60
CBR844987,47.67,White on Yellow,40x60
CBR834921,47.67,Black on Red,40x60
CBR814921,47.67,Black on Blue,40x60
CBR824921,47.67,Black on Green,40x60
CBR844921,47.67,Black on Yellow,40x60
CBR234987,50.75,White on Red,32x40
CBR214987,50.75,White on Blue,32x40
CBR224987,50.75,White on Green,32x40
CBR244987,50.75,White on Yellow,32x40
CBR234921,50.75,Black on Red,32x40
CBR214921,50.75,Black on Blue,32x40
CBR224921,50.75,Black on Green,32x40
CBR244921,50.75,Black on Yellow,32x40
C5579,23.13,Etched Black,32x40
C9900,19.79,Baker's White,32x40
C9901,19.79,Chalk,32x40
C9902,19.79,White Art,32x40
C9904,19.79,Pure White,32x40
C9905,19.79,Dove,32x40
C9906,19.79,Off White,32x40
C9910,23.13,Antwerpen,32x40
C9911,23.13,Bruxelles,32x40
C9912,19.79,Sandstone,32x40
C9916,19.79,Mocha Green,32x40
C9917,19.79,Forest Green,32x40
C9922,19.79,Flag Blue,32x40
C9923,19.79,Blue Night,32x40
C9926,19.79,All American Red,32x40
C9927,19.79,Brick,32x40
C9928,19.79,Cabernet,32x40
C9930,19.79,Plum,32x40
C9934,19.79,Putty,32x40
C9935,19.79,York,32x40
C9938,19.79,Kensington,32x40
C9942,19.79,Dark Shale,32x40
C9944,19.79,Jet Black,32x40
C9945,23.13,Silver,32x40
C9946,23.13,Rose,32x40
C9947,23.13,Spanish Gold,32x40
C9948,19.79,Black Belt,32x40
C85579,47.39,Etched Black,40x60
C89901,40.89,Chalk,40x60
C89904,40.89,Pure White,40x60
C89944,40.89,Jet Black,40x60
C89948,40.89,Black Belt,40x60
C4404,14.42,Black Marble,32x40
CSRM902,11.35,Yellow,32x40
CSRM915,11.35,Fog,32x40
CSRM918,11.35,Very White,32x40
CSRM919,11.35,Ivy Green,32x40
CSRM921,11.35,Smooth Black,32x40
CSRM924,11.35,Dark Gray,32x40
CSRM934,11.35,Pearl,32x40
CSRM939,12.48,Dark Green,32x40
CSRM948,11.35,Sand,32x40
CSRM961,11.35,Cream,32x40
CSRM968,13.15,Old Gold,32x40
CSRM969,13.15,Silver,32x40
CSRM972,11.35,French Blue,32x40
CSRM976,12.48,Bar Harbor Gray,32x40
CSRM977,11.35,Newport Blue,32x40
CSRM987,11.35,Palm Beach White,32x40
CSRM988,11.35,Williamsburg Green,32x40
CSRM989,11.35,Raven Black,32x40
CSRM994,11.35,Chamois Gold,32x40
CSRM997,11.35,Sable,32x40
CSRM1000,12.48,Pompano Beach White,32x40
CSRM1001,11.35,Moss Point Green,32x40
CSRM1008,11.35,Ivory,32x40
CSRM1014,11.35,Olde Grey,32x40
CSRM1015,11.35,Grey Violet,32x40
CSRM1019,11.35,Photo Grey,32x40
CSRM1023,12.48,Crimson,32x40
CSRM1025,11.35,Medium Gray,32x40
CSRM1027,11.35,Silver Gray,32x40
CSRM1028,11.35,Spice Ivory,32x40
CSRM1029,12.48,Wheat,32x40
CSRM1032,11.35,Dark Olive,32x40
CSRM1038,11.35,Maroon,32x40
CSRM1040,11.35,Classic Brown,32x40
CSRM1042,12.48,Williamsburg Red,32x40
CSRM1045,11.35,Grass Green,32x40
CSRM1047,12.48,Williamsburg Blue,32x40
CSRM1051,11.35,Olde Tan,32x40
CSRM1053,11.35,Delft Blue,32x40
CSRM1054,11.35,Baltic Blue,32x40
CSRM1057,11.35,Redwood,32x40
CSRM1073,11.35,Biscay Blue,32x40
CSRM1081,12.48,Volcano Blue,32x40
CSRM1082,11.35,Marine Blue,32x40
CSRM1084,12.48,Avocado,32x40
CSRM1088,12.48,Mist,32x40
CSRM1089,11.35,Sauterne,32x40
CSRM1096,12.48,Sepia,32x40
CSRM3214,11.35,Chinese Red,32x40
CSRM3290,11.35,Snow White,32x40
CSRM3291,12.48,French Buff,32x40
CSRM3293,11.35,Antique White,32x40
CSRM3297,11.35,Arctic White,32x40
CSRM3300,12.48,Alabaster,32x40
CSRM3319,12.48,Topaz,32x40
CSRM3325,11.35,Mandarin,32x40
CSRM3326,11.35,Lapis,32x40
CSRM3331,11.35,Sage,32x40
CSRM3333,12.48,Black Watch,32x40
CSRM3400,12.48,Baker's White,32x40
CSRM3401,12.48,Chalk,32x40
CSRM3403,12.48,Dove,32x40
CSRM3417,12.48,Flag Blue,32x40
CSRM3420,12.48,All American Red,32x40
CSRM3423,12.48,Jet Black,32x40
CSRM3437,13.15,Antwerpen,32x40
CSRM3438,13.15,Bruxelles,32x40
CSRM8921,22.76,Smooth Black,40x60
CSRM8968,29.29,Old Gold,40x60
CSRM8977,22.76,Newport Blue,40x60
CSRM8987,22.76,Palm Breach White,40x60
CSRM8988,22.76,Williamsburg Green,40x60
CSRM8989,22.76,Raven Black,40x60
CSRM81027,22.76,Silver Gray,40x60
CSRM81028,22.76,Spice Ivory,40x60
CSRM81088,25.03,Mist,40x60
CSRM83293,22.76,Antique White,40x60
CSRM83297,22.76,Arctic White,40x60
CSRM83400,25.03,Baker's White,40x60
CSRM83401,25.03,Chalk,40x60
CSRM83403,25.03,Dove,40x60
CSRM83411,22.76,Green Mist,40x60
CSRM83417,25.03,Flag Blue,40x60
CSRM83420,25.03,All American Red,40x60
CSRM83423,25.03,Jet Black,40x60
CSRM83437,29.29,Antwerpen,40x60
C921,10.14,Smooth Black,30x40
C33,8.13,White/Cream,32x40
C900,10.14,Red,32x40
C902,10.14,Yellow,32x40
C905,11.15,Violet,32x40
C907,11.15,Wine,32x40
C909,10.14,English Rose,32x40
C915,10.14,Fog,32x40
C916,10.14,Autumn Mist,32x40
C918,10.14,Very White,32x40
C919,10.14,Ivy Green,32x40
C921A,10.14,Smooth Black,32x40
C924,10.14,Dark Gray,32x40
C934,10.14,Pearl,32x40
C935,11.15,Copley Gray,32x40
C939,11.15,Dark Green,32x40
C948,10.14,Sand,32x40
C961,11.15,Cream,32x40
C962,11.15,French Gray,32x40
C964,13.91,Silver Florentine,32x40
C967,13.91,Medium Gold Florenti,32x40
C968,10.14,Old Gold,32x40
C969,10.14,Silver,32x40
C970,10.14,Gold,32x40
C972,10.14,French Blue,32x40
C974,10.14,Dawn Gray,32x40
C976,11.15,Bar Harbor Gray,32x40
C977,10.14,Newport Blue,32x40
C987,10.14,Palm Beach White,32x40
C988,10.14,Williamsburg Green,32x40
C989,10.14,Raven Black,32x40
C993,10.14,Kelly Green,32x40
C994,10.14,Chamois Gold,32x40
C997,10.14,Sable,32x40
C1000,11.39,Pompano Beach White,32x40
C1001,10.35,Moss Point Green,32x40
C1008,10.14,Ivory,32x40
C1009,11.15,Light Jonquil,32x40
C1014,10.14,Olde Grey,32x40
C1015,10.14,Grey Violet,32x40
C1019,10.14,Photo Grey,32x40
C1023,11.15,Crimson,32x40
C1024,10.14,Dusty Blue,32x40
C1025,10.14,Medium Gray,32x40
C1027,10.14,Silver Gray,32x40
C1028,10.14,Spice Ivory,32x40
C1029,11.15,Wheat,32x40
C1032,10.14,Dark Olive,32x40
C1033,11.15,Dark Ash,32x40
C1038,10.14,Maroon,32x40
C1040,10.14,Classic Brown,32x40
C1042,11.15,Williamsburg Red,32x40
C1045,10.14,Grass Green,32x40
C1047,11.15,Williamsburg Blue,32x40
C1051,10.14,Olde Tan,32x40
C1053,10.14,Delft Blue,32x40
C1054,10.14,Baltic Blue,32x40
C1057,10.14,Redwood,32x40
C1061,11.15,Sandstone,32x40
C1073,10.14,Biscay Blue,32x40
C1077,11.15,Burnt Orange,32x40
C1078,11.15,Madagascar Pink,32x40
C1080,11.15,Bimini Blue,32x40
C1081,11.15,Volcano Blue,32x40
C1082,10.14,Marine Blue,32x40
C1084,11.15,Avocado,32x40
C1088,11.15,Mist,32x40
C1089,10.14,Sauterne,32x40
C1090,10.14,Pewter,32x40
C1092,10.14,Azure,32x40
C1095,10.14,Antique Buff,32x40
C1096,11.15,Sepia,32x40
C1097,11.15,Fudge,32x40
C3214,10.14,Chinese Red,32x40
C3290,10.14,Snow White,32x40
C3291,11.15,French Buff,32x40
C3293,10.14,Antique White,32x40
C3297,10.14,Arctic White,32x40
C3300,11.15,Alabaster,32x40
C3311,11.15,Granite,32x40
C3319,11.15,Topaz,32x40
C3320,10.14,Saffron,32x40
C3323,11.15,Real Teal,32x40
C3325,10.14,Mandarin,32x40
C3326,10.14,Lapis,32x40
C3331,10.14,Sage,32x40
C3333,11.15,Black Watch,32x40
C3342,10.14,Midnight Green,32x40
C3343,10.14,Off White,32x40
C3344,10.14,Manor Black,32x40
C3352,11.15,Light Umbria,32x40
C3354,10.14,Winter White,32x40
C3357,10.14,Aqua Green,32x40
C3358,10.14,Indigo,32x40
C3359,11.15,Sundown Shadow,32x40
C3360,11.15,China Blue,32x40
C3387,11.15,Rattan,32x40
C3703,18.25,Gunmetal,32x40
C4140,17.89,White,32x40
C831,21.99,Smooth Black,40x60
C8900,21.99,Red,40x60
C8918,21.99,Very White,40x60
C8924,21.99,Dark Gray,40x60
C8934,24.19,Pearl,40x60
C8948,21.99,Sand,40x60
C8961,21.99,Cream,40x60
C8962,24.19,French Gray,40x60
C8968,21.99,Old Gold,40x60
C8969,21.99,Silver,40x60
C8974,21.99,Dawn Gray,40x60
C8977,21.99,Newport Blue,40x60
C8987,21.99,Palm Beach White,40x60
C8988,21.99,Williamsburg Green,40x60
C8989,21.99,Raven Black,40x60
C8994,21.99,Chamois Gold,40x60
C81027,21.99,Silver Gray,40x60
C81028,21.99,Spice Ivory,40x60
C81038,21.99,Maroon,40x60
C81051,21.99,Olde Tan,40x60
C81081,24.19,Volcano Blue,40x60
C81088,24.19,Mist,40x60
C81096,24.19,Sepia,40x60
C83214,21.99,Chinese Red,40x60
C83293,21.99,Antique White,40x60
C83297,21.99,Arctic White,40x60
C83326,21.99,Lapis,40x60
C83331,21.99,Sage,40x60
C83344,24.19,Manor Black,40x60
C3921,9.36,Black/White Pebble,32x40
C6915,13.38,Fog,32x40
C6977,13.38,Newport Blue,32x40
C6988,13.38,Williamsburg Green,32x40
C6989,13.38,Raven Black,32x40
C61019,13.38,Photo Grey,32x40
C61023,14.73,Crimson,32x40
C61025,13.38,Medium Gray,32x40
C61027,13.38,Silver Gray,32x40
C61028,13.38,Spice Ivory,32x40
C61029,14.73,Wheat,32x40
C61032,13.38,Dark Olive,32x40
C61033,14.73,Dark Ash,32x40
C61038,13.38,Maroon,32x40
C61073,13.38,Biscay Blue,32x40
C61088,14.73,Mist,32x40
C63297,13.38,Arctic White,32x40
C63300,14.73,Alabaster,32x40
C63311,14.73,Granite,32x40
C63326,13.38,Lapis,32x40
C63344,13.38,Manor Black,32x40
C86989,26.13,Raven Black,40x60
C863297,26.13,Arctic White,40x60
R401952,12.75,White,32x40
R405630,16.81,Black,32x40
R400906,24.39,Cream,32x40
R400975,25.89,Zinc,32x40
R401956,24.39,Natural,32x40
R402447,24.39,Warm White,32x40
R402872,24.39,White,32x40
R405602,24.39,Antique White,32x40
R405620,25.89,Medium Grey,32x40
R405720,24.39,Olde White,32x40
R405820,25.89,Black,32x40
R405902,24.39,Polar White,32x40
R401700,60.71,White,32x40
R401710,60.71,Warm White,32x40
R401720,60.71,Antique White,32x40
R401730,60.71,Natural,32x40
R405819,72.55,Black,32x40
R405904,60.71,Polar White,32x40
R401755,23.86,White,40x60
R400908,46.46,Cream,40x60
R400974,49.1,Zinc,40x60
R402487,46.46,Natural,40x60
R402490,46.46,White,40x60
R403196,46.46,Warm White,40x60
R405603,46.46,White,40x60
R405721,46.46,Olde White,40x60
R405821,61.33,Black,40x60
R405903,46.46,Polar White,40x60
R401701,117.22,White,40x60
R401711,117.22,Warm White,40x60
R401721,117.22,Antique White,40x60
R401731,117.22,Natural,40x60
R405822,129.34,Black,40x60
R405905,117.22,Polar White,40x60
R401810,88.19,Warm White,48x72
R401820,88.19,Warm White,48x72
R401815,196.17,White,48x72
R401825,196.17,Warm White,48x72
R401705,115.85,White,48x96
R401805,115.85,Warm White,48x96
R401722,156.29,Antique White,60x104
R402873,156.29,White,60x104
R402874,179.18,Black,60x104
R460104,156.29,Warm White,60x104