item,cost,chop,join,width,description,group
304-988,18.09,28.94,34.73,,"2-11/16"" Black Wax w/Gold Lip",Wood
304-989,18.09,28.94,34.73,,"2-11/16"" Ivory Wax w/Gold Lip",Wood
305-988,13.35,21.36,25.63,,"2-7/16"" Black Wax w/Gold Lip",Wood
305-989,13.35,21.36,25.63,,"2-7/16"" Ivory Wax w/Gold Lip",Wood
306-988,9.78,15.65,18.78,,"1-9/16"" Black Wax w/Gold Lip",Wood
306-989,9.78,15.65,18.78,,"1-9/16"" Ivory Wax w/Gold Lip",Wood
307-988,6.67,10.67,12.8,,"1"" Black Wax w/Gold Lip",Wood
307-989,6.67,10.67,12.8,,"1"" Ivory Wax w/Gold Lip",Wood
317-416,6.33,10.12,12.14,1.25,"1-1/4"" Golden Silver w/ Wash",Wood
317-417,6.33,10.12,12.14,1.25,"1-1/4"" Golden Silver w/ Dark Shimmer",Wood
317-418,6.33,10.12,12.14,1.25,"1-1/4"" Golden Silver w/ Black Shimmer",Wood
317-419,6.33,10.12,12.14,1.25,"1-1/4"" Golden Silver w/ Creamy Ivory",Wood
328-602,4.26,7.02,8.42,0.63,"5/8"" Oxford Gold Brown",Wood
328-603,4.26,7.02,8.42,0.63,"5/8"" Oxford Gold",Wood
328-606,4.26,7.02,8.42,0.63,"5/8"" Oxford Gold Red",Wood
328-607,4.26,7.02,8.42,0.63,"5/8"" Oxford Gold Green",Wood
328-608,4.26,7.02,8.42,0.63,"5/8"" Oxford Gold Black",Wood
328-609,4.26,7.02,8.42,0.63,"5/8"" Oxford Gold White",Wood
328-613,4.26,7.02,8.42,0.63,"5/8"" Oxford Silver",Wood
328-614,4.26,7.02,8.42,0.63,"5/8"" Oxford Silver Blue",Wood
328-615,4.26,7.02,8.42,0.63,"5/8"" Oxford Silver Hazelnut",Wood
328-616,4.26,7.02,8.42,0.63,"5/8"" Oxford Silver Red",Wood
328-617,4.26,7.02,8.42,0.63,"5/8"" Oxford Silver Green",Wood
328-618,4.26,7.02,8.42,0.63,"5/8"" Oxford Silver Black",Wood
329-210,6.47,10.35,12.42,,"9/16"" Silver Leaf Art Deco",Wood
329-211,6.47,10.35,12.42,,"9/16"" Gold Leaf Art Deco",Wood
329-212,5.54,8.86,10.63,,"9/16"" Black w/Coffee Art Deco",Wood
330-101,6.77,11.15,13.38,0.75,"13/16"" Linea Silver",Wood
330-102,6.77,11.15,13.38,0.75,"13/16"" Linea Dark Steel",Wood
330-103,6.77,11.15,13.38,0.75,"13/16"" Linea Light Bronze",Wood
331-101,8.17,13.08,15.7,1.38,"1-3/8"" Silver Linea",Wood
331-102,8.17,13.08,15.7,1.38,"1-3/8"" Linea Dark Steel",Wood
331-103,8.17,13.08,15.7,1.38,"1-3/8"" Light Bronze Linea",Wood
339-5114,13.95,22.32,26.78,,"3/8"" Gold Lattice Floater R 1-5/8""",Wood
339-5115,13.95,22.32,26.78,,"3/8"" Silver Lattice Floater R 1-5/8""",Wood
339-5116,13.95,22.32,26.78,,"3/8"" Bronze Lattice Floater r 1-5/8""",Wood
513-14,7.36,11.77,14.12,0.63,"5/8"" Fenice Silver",Wood
513-15,7.36,11.77,14.12,0.63,"5/8"" Fenice Gold",Wood
513-308,5.85,9.36,11.23,0.63,"5/8"" Fenice Black",Wood
513-309,5.85,9.36,11.23,0.63,"<GG> 5/8"" Fenice White",Wood
524-245,8.39,13.42,16.1,,"5/8"" Gold Leaf Panache",Wood
524-246,8.39,13.42,16.1,,"5/8"" Silver Leaf Panache",Wood
524-545,8.39,13.42,16.1,,"5/8"" Burnt Sienna w/Gold Panache",Wood
524-547,8.39,13.42,16.1,,"5/8"" Black Coffee w/Gold Panache",Wood
524-548,8.39,13.42,16.1,,"5/8"" Black Coffee w/Silver Panache",Wood
524-549,8.39,13.42,16.1,,"5/8"" Creme w/Gold Panache",Wood
524-550,8.39,13.42,16.1,,"5/8"" Creme w/Silver Panache",Wood
524-551,8.39,13.42,16.1,,"5/8"" Honey Latte w/Gold Panache",Wood
524-552,8.39,13.42,16.1,,"5/8"" Deep Ocean w/Gold Panache",Wood
524-553,8.39,13.42,16.1,,"5/8"" Lily Pad w/Gold Panache",Wood
524-554,8.39,13.42,16.1,,"5/8"" Ruby Unheated w/Gold Panache",Wood
592-01,7.19,11.51,13.81,1,"1"" Bianco White Shimmer",Wood
592-02,7.19,11.51,13.81,1,"1"" Cipria Pink Shimmer",Wood
592-03,7.19,11.51,13.81,1,"1"" Platinum Shimmer",Wood
592-04,7.19,11.51,13.81,1,"1"" Black Shimmer",Wood
592-05,7.19,11.51,13.81,1,"1"" Black Shimmer",Wood
742-436,14.28,22.85,27.42,2.88,"2-7/8"" Icona Gold Leaf",Wood
742-437,14.28,22.85,27.42,2.88,"2-7/8"" Icona Silver Leaf",Wood
750-10,17.99,28.78,34.54,2.13,"2-1/8"" Sterling Silver Rialto",Wood
750-11,17.99,28.78,34.54,2.13,"2-1/8"" Yellow Gold Rialto",Wood
750-308,14.85,23.76,28.51,2.13,"2-1/8"" Black Rialto",Wood
751-10,12.09,19.34,23.21,1.38,"1-3/8"" Sterling Silver Rialto",Wood
751-11,12.09,19.34,23.21,1.38,"1-3/8"" Yellow Gold Rialto",Wood
751-308,9.87,15.79,18.95,1.38,"2-1/8"" Black Rialto",Wood
757-10,13.26,21.22,25.46,,"1-5/16"" Silver Leaf Fenice",Wood
757-11,13.26,21.22,25.46,,"1-5/16"" Gold Leaf Fenice",Wood
757-14,13.26,21.22,25.46,,"1-5/16"" Antique Silver Leaf Fenice",Wood
757-15,13.26,21.22,25.46,,"1-5/16"" Antique Gold Leaf Fenice",Wood
757-307,11.29,18.06,21.67,,"1-5/16"" Black w/Gold Lip Fenice",Wood
757-308,10.54,16.86,20.23,,"1-5/16"" Black Fenice",Wood
757-962,20.31,32.49,38.99,,"1-5/16"" Pastel Blue Acid Wash Queen",Wood
757-964,20.31,32.49,38.99,,"1-5/16"" Vintage Green Acid Wash Queen",Wood
757-965,20.31,32.49,38.99,,"1-5/16"" Weathered Teal Green Acid Wash Queen",Wood
757-967,20.31,32.49,38.99,,"1-5/16"" Peach Pink Acid Wash Queen",Wood
758-10,18.51,29.62,35.54,2.31,"2-5/16"" Silver Leaf Fenice",Wood
758-11,18.51,29.62,35.54,2.31,"2-5/16"" Gold Leaf Fenice",Wood
758-307,18.84,30.14,36.17,,"2-5/16"" Black w/Gold Fenice",Wood
758-308,14.65,23.44,28.13,2.31,"2-5/16"" Black Fenice",Wood
759-10,10.16,16.26,19.51,1.31,"1-5/16"" Silver Leaf Fenice",Wood
759-11,10.16,16.26,19.51,1.31,"1-5/16"" Gold Leaf Fenice",Wood
759-14,10.16,16.26,19.51,1.31,"1-5/16"" Antique Silver Leaf Fenice",Wood
759-15,10.16,16.26,19.51,1.31,"1-5/16"" Antique Gold Leaf Fenice",Wood
759-1635,12.76,20.42,24.5,,"1-3/8"" Midnight Blue Lacquer",Wood
759-1636,12.76,20.42,24.5,,"1-3/8"" Spruce Green Lacquer",Wood
759-1637,12.76,20.42,24.5,,"1-3/8"" Burnt Orange Lacquer",Wood
759-1639,12.76,20.42,24.5,,"1-3/8"" Bird Blue Grey Lacquer",Wood
759-1646,12.76,20.42,24.5,,"1-3/8"" Candy Apple Red Lacquer",Wood
759-1648,12.76,20.42,24.5,,"1-3/8"" Black Laqcuer",Wood
759-1650,12.76,20.42,24.5,,"1-3/8"" White Lacquer",Wood
759-1651,12.76,20.42,24.5,,"1-3/8"" Royal Purple Lacquer",Wood
759-1654,12.76,20.42,24.5,,"1-3/8"" Dusty Mauve Lacquer",Wood
759-1655,12.76,20.42,24.5,,"1-3/8"" Mustard Yellow Lacquer",Wood
759-1656,12.76,20.42,24.5,,"1-3/8"" Blood Red Lacquer",Wood
759-1658,12.76,20.42,24.5,,"1-3/8"" Mossy Green Lacquer",Wood
759-1659,12.76,20.42,24.5,,"1-3/8"" Teal Green Lacquer",Wood
759-1660,12.76,20.42,24.5,,"1-3/8"" Aegean Blue Lacquer",Wood
759-307,10.24,16.38,19.66,,"1-5/16"" Black w/Gold Lip Fenice",Wood
759-308,8.06,12.9,15.48,1.31,"1-5/16"" Black Fenice",Wood
760-10,8.62,13.79,16.55,1.06,"1-1/16"" Silver Leaf Fenice",Wood
760-11,8.62,13.79,16.55,1.06,"1-1/16"" Gold Leaf Fenice",Wood
761-10,9.43,15.09,18.11,1.19,"1-3/16"" Silver Leaf Fenice",Wood
761-11,9.43,15.09,18.11,1.19,"1-3/16"" Gold Leaf Fenice",Wood
761-588,9.01,14.41,17.29,1.19,"1-3/16"" Black Fenice",Wood
761-589,9.43,15.09,18.11,1.19,"1-3/16"" Black Gold Lip Fenice",Wood
761-590,9.43,15.09,18.11,1.19,"1-3/16"" Black Silver Lip Fenice",Wood
766-10,16.86,26.98,32.38,2.06,"2-1/16"" Silver Leaf Doge",Wood
766-11,16.86,26.98,32.38,2.06,"2-1/16"" Gold Leaf Doge",Wood
767-10,12.05,19.27,23.12,1.44,"1-7/16"" Silver Leaf Doge",Wood
767-11,12.05,19.27,23.12,1.44,"1-7/16"" Gold Leaf Doge",Wood
771-210,10.51,16.82,20.18,1,"1"" Silver Leaf Bamboo",Wood
771-211,10.51,16.82,20.18,1,"1"" Gold Leaf Bamboo",Wood
771-212,8.7,13.92,16.7,1,"1"" Black Bamboo",Wood
771-213,8.7,13.92,16.7,1,"1"" Naturale Bamboo",Wood
771-214,8.7,13.92,16.7,1,"1"" White Bamboo",Wood
772-210,5.92,9.68,11.62,0.5,"1/2"" Silver Leaf Bamboo",Wood
772-211,5.92,9.68,11.62,0.5,"1/2"" Gold Leaf Bamboo",Wood
773-210,9.32,14.93,17.92,0.75,"3/4"" Silver Leaf Bamboo",Wood
773-211,9.32,14.93,17.92,0.75,"3/4"" Gold Leaf Bamboo",Wood
773-212,7.43,11.88,14.26,0.75,"3/4"" Black Bamboo",Wood
773-213,7.43,11.88,14.26,0.75,"3/4"" Naturale Bamboo",Wood
773-214,7.43,11.88,14.26,0.75,"3/4"" White Bamboo",Wood
773-314,9.31,14.89,17.87,,"3/4"" Red Clay Bamboo",Wood
773-315,9.31,14.89,17.87,,"3/4"" Terra Cotta Bamboo",Wood
773-316,9.31,14.89,17.87,,"3/4"" Moss Green Bamboo",Wood
773-317,9.31,14.89,17.87,,"3/4"" Verdigris Bamboo",Wood
780-464,12.05,19.28,23.14,,"3/4"" Gold Leaf Walnut",Wood
780-465,12.05,19.28,23.14,,"3/4"" Silver Leaf Walnut",Wood
805-324,11.32,17.2,20.64,1.75,"1-3/4"" Hammered Gold w/ Wash",Wood
805-325,11.32,17.2,20.64,1.75,"1-3/4"" Hammered Sterling Silver",Wood
805-328,11.32,17.2,20.64,1.75,"1-3/4"" Hammered Bronze",Wood
805-329,11.32,17.2,20.64,1.75,"1-3/4"" Hammered White w/ Silver",Wood
821-133,18.87,28.29,33.95,1.75,"1-3/4"" Gold",Wood
821-134,18.87,28.29,33.95,1.75,"1-3/4"" Silver",Wood
821-137,18.87,28.29,33.95,1.75,"1-3/4"" Esprsso w/Silver Lip",Wood
826-38,12.09,19.34,23.21,2,"2"" Antique Black w/Gold",Wood
826-39,12.09,19.34,23.21,2,"2"" Egg Custard w/Gold",Wood
826-40,12.09,19.34,23.21,2,"2"" Cappucino w/Gold",Wood
826-42,12.09,19.34,23.21,2,"2"" Gold",Wood
826-43,12.09,19.34,23.21,2,"2"" Silver",Wood
826-48,12.09,19.34,23.21,2,"2"" Antique Black w/Silver",Wood
850-829,6.99,11.18,13.42,0.75,"3/4"" White w/Gold Step Lip",Wood
850-880,7.78,12.44,14.93,,"13/16"" Hammered Gold Step",Wood
850-881,7.78,12.44,14.93,,"13/16"" Hammered Silver Step",Wood
850-885,6.99,11.18,13.42,0.75,"3/4"" Black w/Gold Step Lip",Wood
850-886,6.99,11.18,13.42,0.75,"3/4"" Black w/Silver Step Lip",Wood
851-829,5.15,8.24,9.89,0.63,"5/8"" White w/Gold Step Lip",Wood
851-882,5.99,9.76,11.71,,"9/16"" Gold w/Black Lip",Wood
851-883,5.99,9.76,11.71,,"9/16"" Silver w/Black Lip",Wood
851-885,5.15,8.24,9.89,0.63,"5/8"" Black w/Gold Step Lip",Wood
851-886,5.15,8.24,9.89,0.63,"5/8"" Black w/Silver Step Lip",Wood
856-734,14.12,22.59,27.11,1.38,"1-3/8"" Antique Gold",Wood
856-735,14.12,22.59,27.11,1.38,"1-3/8"" Antique Silver",Wood
926-38,27.46,41.18,49.42,2.88,"<GG> 2-7/8"" Gold Smooth",Wood
926-39,27.46,41.18,49.42,2.88,"<GG> 2-7/8"" Silver Smooth",Wood
929-39,9.25,14.81,17.77,1,"<GG> 1"" Silver Smooth",Wood
956-387,17.97,27.85,33.42,2.5,"2-1/2"" Crescent Gold w/ Stain",Wood
956-388,17.97,27.85,33.42,2.5,"2-1/2"" Crescent Silver w/ Black",Wood
956-389,17.97,27.85,33.42,2.5,"2-1/2"" Crescent Sterling Silver w/ White",Wood
956-390,17.97,27.85,33.42,2.5,"<GG> 2-1/2"" Crescent Silver w/ Wash",Wood
956-391,17.97,27.85,33.42,2.5,"<GG> 2-1/2"" Crescent Gold w/ Wash",Wood
960-145,7.66,12.32,14.78,1,"1"" Opera Gold",Wood
960-146,7.66,12.32,14.78,1,"1"" Opera Silver",Wood
960-147,7.66,12.32,14.78,1,"1"" Opera Black Gold Lip",Wood
960-148,7.66,12.32,14.78,1,"1"" Opera Black Silver Lip",Wood
960-149,7.66,12.32,14.78,1,"1"" Opera White Silver Lip",Wood
997-396,19.04,27.62,33.14,3.25,"<GG> 3-1/4"" Chestnut Wash Over Silver",Wood
997-399,19.04,27.62,33.14,3.25,"<GG> 3-1/4"" Ivory Wash Over Silver",Wood
1120-307,18.84,30.14,36.17,,"2-7/8"" Dark Chocolate w/Copper",Wood
1121-307,15.82,25.31,30.37,,"2-1/4"" Dark Chocolate w/Copper",Wood
1122-307,11.29,18.06,21.67,,"1-1/2"" Dark Chocolate w/Copper",Wood
1141,5.48,8.76,10.51,0.75,"3/4"" Contemporary Dark Gray w/Silver",Wood
1142,5.48,8.76,10.51,0.75,"3/4"" Contemporary Gray w/Silver",Wood
1143,5.48,8.76,10.51,0.75,"3/4"" Contemporary Ivory w/Silver",Wood
1191,4.26,7.45,8.94,0.75,"3/4"" x 1-1/2"" Black Wood Grain",Wood
1192,4.26,7.45,8.94,0.75,"3/4"" x 1-1/2"" Coffee Wood Grain",Wood
1193,4.26,7.45,8.94,0.75,"3/4"" x 1-1/2"" Teak Wood Grain",Wood
1194,4.26,7.45,8.94,0.75,"3/4"" x 1-1/2"" Chestnut Wood Grain",Wood
1195,4.26,7.45,8.94,0.75,"3/4"" x 1-1/2"" Natural Oak Wood Grain",Wood
1229-853,7.8,11.66,13.99,1,"1"" Gold Leaf Boheme",Wood
1229-854,7.8,11.66,13.99,1,"1"" Silver Leaf Boheme",Wood
1229-855,7.8,11.66,13.99,1,"1"" Brown w/Gold Lip Boheme",Wood
1229-857,7.8,11.66,13.99,1,"1"" Black w/Gold Lip Boheme",Wood
1229-858,7.8,11.66,13.99,1,"1"" Black w/Silver Lip Boheme",Wood
1291,4.26,7.45,8.94,1.63,"1-5/8"" x 7/8"" Black Wood Grain",Wood
1292,4.26,7.45,8.94,1.63,"1-5/8"" x 7/8"" Coffee Wood Grain",Wood
1293,4.26,7.45,8.94,1.63,"1-5/8"" x 7/8"" Teak Wood Grain",Wood
1294,4.26,7.45,8.94,1.63,"1-5/8"" x 7/8"" Chestnut Wood Grain",Wood
1295,4.26,7.45,8.94,1.63,"1-5/8"" x 7/8"" Natural Oak Wood Grain",Wood
1391,3.18,5.89,7.07,0.63,"5/8"" x 1"" Black Wood Grain",Wood
1392,3.18,5.89,7.07,0.63,"5/8"" x 1"" Coffee Wood Grain",Wood
1393,3.18,5.89,7.07,0.63,"5/8"" x 1"" Teak Wood Grain",Wood
1394,3.18,5.89,7.07,0.63,"5/8"" x 1"" Chestnut Wood Grain",Wood
1395,3.18,5.89,7.07,0.63,"5/8"" x 1"" Natural Oak Wood Grain",Wood
1602-914,18.79,28.18,33.82,1.56,"1-9/16"" Sky Blue w/ Rust",Wood
1602-915,18.79,28.18,33.82,1.56,"1-9/16"" Sunflower w/ Rust",Wood
1602-916,18.79,28.18,33.82,1.56,"1-9/16"" Rosso w/ Rust",Wood
1602-917,18.79,28.18,33.82,1.56,"1-9/16"" Teal Green w/ Rust",Wood
1602-918,18.79,28.18,33.82,1.56,"1-9/16"" Lime Green w/ Rust",Wood
2010-1742,3.95,6.91,8.29,,"5/8"" Lemon Lime Pastel",Wood
2010-1743,3.95,6.91,8.29,,"5/8"" Mint Blue Pastel",Wood
2010-1744,3.95,6.91,8.29,,"5/8"" Peachy Pastel",Wood
2010-1745,3.95,6.91,8.29,,"5/8"" Sweet Honey Pastel",Wood
2010-46,4.76,7.69,9.23,0.63,"5/8"" Alluminio Matrix",Wood
2010-47,4.76,7.69,9.23,0.63,"5/8"" Cromo Matrix",Wood
2010-56,4.76,7.69,9.23,0.63,"5/8"" Gold Matrix",Wood
2010-57,4.76,7.69,9.23,0.63,"5/8"" Copper Matrix",Wood
2010-58,4.76,7.69,9.23,0.63,"5/8"" Bronzo Matrix",Wood
2010-755,3.52,5.81,6.97,0.63,"5/8"" Matte Blue",Wood
2010-756,3.52,5.81,6.97,0.63,"5/8"" Matte Light Blue",Wood
2010-757,3.52,5.81,6.97,0.63,"5/8"" Matte Baby Blue",Wood
2010-758,3.52,5.81,6.97,0.63,"5/8"" Matte Viola",Wood
2010-759,3.52,5.81,6.97,0.63,"5/8"" Matte Lilac",Wood
2010-760,3.52,5.81,6.97,0.63,"5/8"" Matte Dark Green",Wood
2010-761,3.52,5.81,6.97,0.63,"5/8"" Matte Spring Green",Wood
2010-762,3.52,5.81,6.97,0.63,"5/8"" Matte Red",Wood
2010-763,3.52,5.81,6.97,0.63,"5/8"" Matte Tangerine Red",Wood
2010-764,3.52,5.81,6.97,0.63,"5/8"" Matte Orange",Wood
2010-765,3.52,5.81,6.97,0.63,"5/8"" Matte Yellow",Wood
2010-769,3.52,5.81,6.97,0.63,"5/8"" Matte Pink",Wood
2010-770,3.52,5.81,6.97,0.63,"5/8"" Matte Teal",Wood
2010-801,3.73,6.52,7.82,0.63,"5/8"" Voyager Satin Gold",Wood
2010-802,3.73,6.52,7.82,0.63,"5/8"" Voyager Satin Aluminum",Wood
2010-803,3.73,6.52,7.82,0.63,"5/8"" Voyager Satin Gray Steel",Wood
2010-804,3.73,6.52,7.82,0.63,"5/8"" Voyager Satin Bronze",Wood
2010-805,3.73,6.52,7.82,0.63,"5/8"" Voyager Satin Rose Gold",Wood
2131,4.06,6.9,8.28,0.63,"5/8"" Ornate Black",Wood
2132,4.06,6.9,8.28,0.63,"5/8"" Ornate White",Wood
2133,4.2,7.14,8.57,0.63,"5/8"" Ornate Bronze",Wood
2134,4.2,7.14,8.57,0.63,"5/8"" Ornate Gold",Wood
2135,4.2,7.14,8.57,0.63,"5/8"" Ornate Gunmetal",Wood
2136,4.2,7.14,8.57,0.63,"5/8"" Ornate Silver",Wood
2168,2.77,4.85,5.82,1.12,"1-1/8"" Mahogany Glossy w/Gold Lip",Wood
2169,2.77,4.85,5.82,1.12,"1-1/8"" Pecan Glossy w/Gold Lip",Wood
2302,5.29,8.73,10.48,2.31,"<GG> 2-5/16"" Timberland Etched Light Pecan Burl",Wood
2303,5.29,8.73,10.48,2.31,"2-5/16"" Timberland Graphite Black Burl",Wood
2304,5.29,8.73,10.48,2.31,"2-5/16"" Timberland Etched Burl",Wood
2306,3.98,6.77,8.12,1.56,"1-9/16"" Timberland Etched Pecan Burl",Wood
2307,3.98,6.77,8.12,1.56,"1-9/16"" Timberland Etched Light Pecan Burl",Wood
2308,3.98,6.77,8.12,1.56,"1-9/16"" Timberland Etched Graphite Black Burl",Wood
2309,3.98,6.77,8.12,1.56,"1-9/16"" Timberland Etched Burl",Wood
2500,4.82,7.94,9.53,1.13,"1-1/8"" Ornate Black",Wood
2501,4.82,7.94,9.53,1.13,"1-1/8"" Ornate White",Wood
2502,4.82,7.94,9.53,1.13,"1-1/8"" Ornate Bronze",Wood
2503,4.82,7.94,9.53,1.13,"1-1/8"" Ornate Gold",Wood
2504,4.82,7.94,9.53,1.13,"1-1/8"" Ornate Gunmetal",Wood
2505,4.82,7.94,9.53,1.13,"1-1/8"" Ornate Silver",Wood
2600-436,12.9,20.65,24.78,1.57,"1-9/16"" Icona Gold Leaf",Wood
2600-437,12.9,20.65,24.78,1.57,"1-9/16"" Icona Silver Leaf",Wood
2602-436,9.66,15.46,18.55,1.57,"1-9/16"" Icona Gold Leaf",Wood
2602-437,9.66,15.46,18.55,0.63,"1-9/16"" Icona Silver Leaf",Wood
2604-436,6.78,10.84,13.01,0.63,"5/8"" Icona Gold Leaf",Wood
2604-437,6.78,10.84,13.01,0.63,"5/8"" Icona Silver Leaf",Wood
2701,3.97,6.55,7.86,1.13,"1-1/8"" Etched Suntan",Wood
2702,3.97,6.55,7.86,1.13,"1-1/8"" Etched White",Wood
2703,3.97,6.55,7.86,1.13,"1-1/8"" Etched Dark Gray",Wood
2704,3.97,6.55,7.86,1.13,"1-1/8"" Etched Spanish Yellow",Wood
2705,3.97,6.55,7.86,1.13,"1-1/8"" Etched Blue Bird",Wood
2706,3.97,6.55,7.86,1.13,"1-1/8"" Etched Summer Red",Wood
3121,3.88,6.6,7.92,1.13,"1-1/8"" Distressed Black Paint",Wood
3122,3.88,6.6,7.92,1.13,"1-1/8"" Distressed White Paint",Wood
3123,3.88,6.6,7.92,1.13,"1-1/8"" Distressed Gray Paint",Wood
3221,3.37,5.72,6.86,1.13,"1-1/8"" Black Grey",Wood
3222,3.37,5.72,6.86,1.13,"1-1/8"" Dark Gray",Wood
3223,3.37,5.72,6.86,1.13,"1-1/8"" Painted White",Wood
3224,3.37,5.72,6.86,1.13,"1-1/8"" Copley Gray",Wood
3301,5.72,9.15,10.98,2,"2"" Charcoal Black Wood Grain",Wood
3302,5.72,9.15,10.98,2,"2"" Moth Gray Wood Grain",Wood
3303,5.72,9.15,10.98,2,"2"" Sandy Gray Wood Grain",Wood
3304,5.72,9.15,10.98,2,"2"" Tan Wood Grain",Wood
3305,5.72,9.15,10.98,2,"2"" Walnut Wood Grain",Wood
3401,3.83,6.5,7.8,1.13,"1-1/8"" Charcoal Black Wood Grain",Wood
3402,3.83,6.5,7.8,1.13,"1-1/8"" Moth Gray Wood Grain",Wood
3403,3.83,6.5,7.8,1.13,"1-1/8"" Sandy Gray Wood Grain",Wood
3404,3.83,6.5,7.8,1.13,"1-1/8"" Tan Wood Grain",Wood
3405,3.83,6.5,7.8,1.13,"1-1/8"" Walnut Wood Grain",Wood
4100,5.38,8.88,10.66,2,"2"" Chisel Matte Black",Wood
4101,5.59,9.53,11.44,2.38,"2-3/8"" Angled Reverse Matte Black",Wood
4102,5.2,8.58,10.3,1.19,"1-3/16"" Angled Cap Matte Black",Wood
4103,5.45,8.98,10.78,1.19,"1-3/16"" Angled Cap Matte Black w/Silver",Wood
4105,5.45,8.98,10.78,1.19,"1-3/16"" Angled Cap Matte Black w/ Red",Wood
4120,3.58,6.25,7.5,1.75,"1-3/4"" Matte Black Flat w/Lip",Wood
4121,2.86,5.54,6.65,1.31,"1-5/16"" Flat w/Lip Matte Black",Wood
4125,2.78,5.28,6.34,1.13,"1-1/8"" x 3/4"" Square Cap Matte White",Wood
4200,1.94,3.96,4.75,0.75,"3/4"" Square Cap Matte Black",Wood
4201,2.88,5.18,6.22,0.75,"3/4"" x 1-1/4"" Cap Matte Black",Wood
4202,3.6,6.9,8.28,0.63,"5/8"" x 1-3/4"" Square Cap Matte Black",Wood
4203,6.69,10.76,12.91,0.88,"7/8"" x 3"" Matte Black Shadow Box",Wood
4204,5.28,8.45,10.14,0.88,"3/4"" x 2-1/4"" Cap Matte Black",Wood
4205,2.41,4.58,5.5,1.13,"1-1/8"" x 3/4"" Cap Matte Black",Wood
4206,3.54,6.19,7.43,2,"1-3/4"" x 13/16"" Cap Matte Black",Wood
4207,2.02,3.94,4.73,0.81,"13/16"" x 1/2"" Cap Matte Black PR41B",Wood
4211,3.7,6.47,7.76,0.75,"3/4"" x 1-1/4"" Square Cap Satin Black",Wood
4212,2.88,5.18,6.22,0.75,"3/4"" x 1-1/4"" Square Cap White",Wood
4213,4.06,7.1,8.52,0.75,"3/4"" x 1-1/4"" Square Cap Silver",Wood
4214,4.02,7.03,8.44,0.75,"3/4"" x 1-1/4"" Square Cap Coffee Brown",Wood
4215,2.52,4.79,5.75,0.81,"13/16"" x 1/2"" Square Cap Silver Smooth",Wood
4273,10.35,16.58,19.9,1.19,"1-3/16"" x 3-3/4"" x 3-1/4"" Matte Black Tall Cap",Wood
4306,4.27,7.25,8.7,1.57,"1-9/16"" x 1-5/16"" Cap Matte Black",Wood
4322,4.02,6.83,8.2,0.63,"5/8"" x 1-3/4"" Square Cap White",Wood
4331,3.54,6.19,7.43,0.75,"3/4"" Pewter",Wood
4332,3.54,6.19,7.43,0.75,"3/4"" Light Gold",Wood
4333,3.54,6.19,7.43,0.75,"3/4"" Sterling Silver",Wood
4334,3.69,6.45,7.74,0.75,"3/4"" Bronze",Wood
4335,3.69,6.45,7.74,0.75,"3/4"" Champagne",Wood
4336,3.69,6.45,7.74,0.75,"3/4"" Dirty Silver",Wood
4337,3.69,6.45,7.74,0.75,"3/4"" Shaded Silver",Wood
4381,7.28,11.65,13.98,1.75,"3/8"" x 2-5/8 x 2-1/8"" Matte Black Floater",Wood
4382,8.56,13.7,16.44,1.75,"3/8"" x 2-5/8 x 2-1/8"" Soft Silver Floater",Wood
4383,8.56,13.7,16.44,1.75,"3/8"" x 2-5/8 x 2-1/8"" Gold Floater",Wood
4385,8.56,13.7,16.44,1.75,"3/8"" x 2-5/8 x 2-1/8"" Light Maple Floater",Wood
4386,9.89,15.82,18.98,1.75,"3/8"" x 2-5/8 x 2-1/8"" Lacquer Black Floater",Wood
4387,7.28,11.65,13.98,1.75,"3/8"" x 2-5/8 x 2-1/8"" White Floater",Wood
4388,9.89,15.82,18.98,1.75,"3/8"" x 2-5/8 x 2-1/8"" Lacquer White Floater",Wood
4389,8.94,14.31,17.17,1.75,"3/8"" x 2-5/8 x 2-1/8"" Shiny Silver Floater",Wood
4500,3.69,6.45,7.74,0.88,"7/8"" Matte Black Sloped Cap",Wood
4501,2.97,5.49,6.59,1.31,"1-5/16"" Rounded Cap Matte Black",Wood
4505,2.29,4.46,5.35,1,"1"" Matte Black Rounded",Wood
4506,7.32,12.07,14.48,2.13,"2-1/8"" Shiny Black Lacquer Rounded Rev.",Wood
4507,5.48,9.03,10.84,2.13,"2-1/8"" Matte Black Rounded Reverse",Wood
4508,5.62,9.28,11.14,2.13,"2-1/8"" Mahogany Rounded Reverse",Wood
4509,5.71,9.42,11.3,2.51,"2-1/2"" Matte Black Reverse",Wood
4561,4.83,7.72,9.26,1.65,"1-5/8"" Matte Black Scoop w/Beads",Wood
4562,3.11,5.6,6.72,0.75,"3/4"" Cap w/Diamond Lip Matte Blk",Wood
4600,4.53,7.48,8.98,1.75,"1-3/4"" Matte Black Angle Scoop",Wood
4601,3.08,5.54,6.65,1.31,"1-5/16"" Small Wave Matte Black",Wood
4602,6.64,10.96,13.15,2.5,"2-1/2"" Matte Black Big Wave",Wood
4603,3.17,5.93,7.12,0.88,"7/8"" Wedge Matte Black",Wood
4650,3.32,6.12,7.34,1.38,"1-1/2"" Stair Step Reverse Matte Black",Wood
4651,4.2,7.63,9.16,1.38,"2"" Stair Step Reverse Matte Black",Wood
4700,3.31,5.8,6.96,1.25,"1-1/4"" Matte Black w/ Flat panel",Wood
4701,3.14,5.89,7.07,0.63,"5/8"" x 1-1/2"" Cap Matte Black",Wood
4712,3.14,5.89,7.07,0.63,"5/8"" x 1-1/2"" Cap White",Wood
4715,4.18,7.21,8.65,0.63,"5/8"" x 1-1/2"" Maple Veneer",Wood
4781,6.25,10,12,0.75,"3/8"" x1-15/16""H x1-9/16"" R Matte Black",Wood
4782,7.38,11.8,14.16,1.58,"3/8"" Top x1-15/16""H x1-9/16"" R Soft Silver",Wood
4787,6.25,10,12,1.58,"3/8"" x 1-15/16"" x 1-9/16"" R Matte White Floater",Wood
4789,7.94,12.71,15.25,1.58,"3/8""Top x1-15/16""H x1-9/16""R Shiny Silver Leaf",Wood
4800,2.04,3.87,4.64,0.5,"3/16"" Fillet Square Lip Matte Black -5C",Fillet
4801,2.04,3.87,4.64,0.5,Fillet Scoop Matte Black,Fillet
4802,2.04,3.87,4.64,0.5,Fillet Mahogany Scoop,Fillet
4803,2.04,3.87,4.64,0.5,Fillet Walnut Scoop,Fillet
4804,2.04,3.87,4.64,0.5,Fillet Graphite Scoop,Fillet
4805,2.04,3.87,4.64,0.5,Fillet Light Walnut w/Gold Bead -5C,Fillet
4806,2.04,4.24,5.09,0.5,Fillet Light Walnut w/Silver Bead,Fillet
4807,2.04,3.87,4.64,0.5,Fillet Walnut w/Dark Bead,Fillet
4808,2.04,3.87,4.64,0.25,"1/8"" Fillet Square Matte Black",Fillet
4901,4.44,7.87,9.44,1,"1"" x 1-7/8"" Cap Matte Black",Wood
4912,4.44,7.87,9.44,1,"1"" x 1-7/8"" Cap White",Wood
5004,3.03,5.34,6.41,0.75,"3/4"" Antique Ribbed Silver Black Back Wedge",Wood
5012,5.03,8.25,9.9,1.13,"1-1/8"" Antique Ribbed Silver Black Back Wedge",Wood
5112,10.02,15.04,18.05,2.75,"<GG> 2-3/4"" Antique Mahogany w/Gold Embossed Lip",Wood
5120,4.41,6.62,7.94,1.5,"<GG> 1-1/2"" Antique White w/Gold Embossed Reverse",Wood
5121,6.92,10.38,12.46,2,"<GG> 2"" Antique White w/Gold Double Embossed Reverse",Wood
5231,6.92,10.38,12.46,2,"<GG> 2"" Antique Walnut w/Embossed Gold Lip",Wood
5232,10.02,15.04,18.05,2.75,"<GG> 2-3/4"" Antique Walnut w/Embossed Gold Lip",Wood
5300,6.92,10.38,12.46,2.06,"<GG> 2"" Mahogany w/Gold Embossed",Wood
5301,9.91,14.86,17.83,2.75,"<GG> 2 3/4"" Mahogany w/Gold Double Embossed",Wood
5302,5.26,7.89,9.47,1.5,"<GG> 1 1/2"" Mahogany w/Gold Lip-Cap",Wood
5401,2.77,4.98,5.98,1.38,"<GG> 1-3/8"" Distressed Reddish Brown - Ribbed",Wood
5403,2.77,4.98,5.98,1.38,"<GG> 1-3/8"" Distressed Walnut - Ribbed",Wood
5405,2.77,4.98,5.98,1.38,"<GG> 1-3/8"" Distressed Antique White - Ribbed",Wood
5411,3.85,6.55,7.86,2.38,"<GG> 2-3/8"" Dist. Reddish Brown - Ribbed -14A, 4D",Wood
5412,3.85,6.55,7.86,2.38,"<GG> 2-3/8"" Distressed Olive - Ribbed",Wood
5415,3.85,6.55,7.86,2.38,"<GG> 2-3/8"" Distressed White - Ribbed",Wood
5450,4.46,7.14,8.57,2.38,"<GG> 2-3/8"" Honey on Pine Reverse",Wood
5560,4.41,6.62,7.94,1.5,"<GG> 1-1/2"" White w/Silver Embossed Reverse",Wood
5561,6.92,10.38,12.46,2,"<GG> 2"" White w/Silver Double Embossed Reverse",Wood
5562,10.64,15.96,19.15,3.25,"<GG> 3 -1/4"" White w/Silver Double Embossed Reverse",Wood
5600,2.16,4.09,4.91,0.75,Fillet Antique Gold Embossed,Fillet
5601,2.16,4.09,4.91,0.75,Fillet Antique Silver Embossed,Fillet
5653,14.83,25.21,30.25,3.88,"<GG> 3-7/8"" Mahogany w/Antique Silver Leaf Panel -1-D",Wood
5655,9.12,14.59,17.51,3.88,"3-7/8"" Antique White w/Silver Leaf Panel",Wood
5665,16.75,24.29,29.15,4,"4"" Antique Blk w/Broken Silver Leaf -1-C",Wood
5666,5.34,8.37,10.04,1.75,"1-3/4"" Antique Black w/Broken Silv Leaf - 1-D",Wood
5667,16.75,24.29,29.15,4,"<GG> 4"" Antique Mahog w/Broken Silv Leaf -D-2",Wood
5668,5.34,8.37,10.04,1.75,"1-3/4"" Antique Mahog w/Broken Sil Leaf - D-2",Wood
5669,16.75,24.29,29.15,4,"4"" Antique Mahogany w/Broken Gold Leaf - 1-C 9'.10""",Wood
5670,5.34,8.37,10.04,1.75,"1-3/4"" Antique Mahog w/Broken Gold Leaf -D-2",Wood
5671,13.2,20.46,24.55,4,"4"" Antique Taupe w/Black Highlights 1-C",Wood
5672,4.85,7.61,9.13,1.75,"<GG> 1-3/4"" Antique Taupe w/Black Highlight - 1-D",Wood
5673,13.2,20.46,24.55,4,"4"" Antique Taupe w/Pecan Highlight -1C",Wood
5674,4.85,7.61,9.13,1.75,"<GG> 1-3/4"" Antique Taupe w/Pecan Wash -1-D",Wood
5676,5.34,8.37,10.04,1.75,"<GG> 1-3/4"" Antique Black w/Broken Gold Leaf - 1-D",Wood
5677,4.85,7.61,9.13,1.75,"<GG> 1-3/4"" Antique Taupe w/Sienna Highlight - D-2",Wood
5678,4.85,7.61,9.13,1.75,"<GG> 1-3/4"" Antique Taupe w/Rose Highlight - D-2",Wood
5679,4.85,7.61,9.13,1.75,"1-3/4"" Antique Taupe w/Green Highlight -D-2",Wood
5680,16.75,24.29,29.15,4,"4"" Antique Black w/Broken Gold Leaf",Wood
5755,3.41,5.46,6.55,1.38,"<GG> 1-3/8"" Antique Mustard w/Green Wave",Wood
5757,3.41,5.46,6.55,1.38,"<GG> 1-3/8"" Antique Honey Wave",Wood
5774,6.83,10.24,12.29,2,"<GG> 2"" Antique Mustard w/Brown Wave",Wood
5775,6.83,10.24,12.29,2,"<GG> 2"" Antique Mustard w/Green Wave",Wood
5777,6.83,10.24,12.29,2,"<GG> 2"" Antique Honey Wave",Wood
5784,7.52,11.66,13.99,2.75,"<GG> 2-3/4"" Antique Mustard w/Brown Wave- 11C",Wood
5787,7.52,11.66,13.99,2.75,"<GG> 2-3/4"" Antique Honey Wave - 11C",Wood
5800,10.43,15.65,18.78,3.25,"<GG> 3-1/4"" Antique Brown w/Gold Embossed-Flat",Wood
5801,10.43,15.65,18.78,3.25,"<GG> 3-1/4"" Antique Mahogany w/Gold Embossed-Flat",Wood
5900,6.36,9.85,11.82,2.06,"<GG> 2"" Black w/Gold Double Embossed",Wood
5901,9.11,13.66,16.39,2.75,"2-3/4"" Black w/Gold Double Embossed",Wood
5902,4.83,7.48,8.98,1.5,"<GG> 1-1/2"" Black w/Gold Lip-Cap",Wood
5920,6.36,9.85,11.82,2.06,"<GG> 2"" Black w/Silver Double Embossed - 1D",Wood
5921,9.11,13.66,16.39,2.75,"2-3/4"" Black w/Silver Double Embossed",Wood
5940,6.36,9.85,11.82,2.06,"2"" Walnut w/Gold Double Embossed",Wood
5941,9.11,13.66,16.39,2.75,"<GG> 2-3/4"" Walnut w/Gold Double Embossed",Wood
6006-801,9.63,16.06,19.27,1.5,"1-1/2"" Voyager Satin Gold",Wood
6006-802,9.63,16.06,19.27,1.5,"1-1/2"" Voyager Satin Aluminum",Wood
6006-803,9.63,16.06,19.27,1.5,"1-1/2"" Voyager Satin Gray Steel",Wood
6006-804,9.63,16.06,19.27,1.5,"1-1/2"" Voyager Satin Bronze",Wood
6006-805,9.63,16.06,19.27,1.5,"1-1/2"" Voyager Satin Rose Gold",Wood
6007-46,9.55,15.27,18.32,0.75,"3/4"" Alluminio Matrix",Wood
6007-464,9.78,15.65,18.78,,"3/4"" Gold Leaf Walnut",Wood
6007-465,9.78,15.65,18.78,,"3/4"" Silver Leaf Walnut",Wood
6007-47,9.55,15.27,18.32,0.75,"3/4"" Cromo Matrix",Wood
6007-56,9.55,15.27,18.32,0.75,"3/4"" Gold Matrix",Wood
6007-58,9.55,15.27,18.32,0.75,"3/4"" Bronzo Matrix",Wood
6007-801,7.55,12.08,14.5,0.75,"3/4"" Voyager Satin Gold",Wood
6007-802,7.55,12.08,14.5,0.75,"3/4"" Voyager Satin Aluminum",Wood
6007-803,7.55,12.08,14.5,0.75,"3/4"" Voyager Satin Gray Steel",Wood
6007-804,7.55,12.08,14.5,0.75,"3/4"" Voyager Satin Bronze",Wood
6007-805,7.55,12.08,14.5,0.75,"3/4"" Voyager Satin Rose Gold",Wood
6008-464,7.93,12.69,15.23,,"3/4"" Gold Leaf Walnut",Wood
6008-465,7.93,12.69,15.23,,"3/4"" Silver Leaf Walnut",Wood
6011-463,9.03,14.45,17.34,,"3/4"" Vertex Walnut",Wood
6011-464,12.05,19.28,23.14,,"3/4"" Vertex Walnut w/Gold Leaf",Wood
6011-465,12.05,19.28,23.14,,"3/4"" Vertex Walnut w/Silver Leaf",Wood
6012-1742,6.95,11.46,13.75,,"9/16"" Lemon Lime Pastel",Wood
6012-1743,6.95,11.46,13.75,,"9/16"" Mint Blue Pastel",Wood
6012-1744,6.95,11.46,13.75,,"9/16"" Peach Fuzz Pastel",Wood
6012-1745,6.95,11.46,13.75,,"9/16"" Sweet Honey Pastel",Wood
6013-46,14.7,22.63,27.16,2.88,"2-7/8"" Liquid Mirror",Wood
6013-47,14.7,22.63,27.16,2.88,"2-7/8"" Liquid Mirror Smoke",Wood
6036-463,10.99,17.58,21.1,,"3/16"" Svelte Walnut Floater",Wood
6036-464,12.8,20.48,24.58,,"3/16"" Svelte Walnut w/Gold Floater",Wood
6036-465,12.8,20.48,24.58,,"3/16"" Svelte Walnut w/Silver Floater",Wood
6208-843,6.14,9.82,11.78,0.88,"7/8"" Gold w/Beaded Lip",Wood
6208-844,6.14,9.82,11.78,0.88,"7/8"" Silver w/Beaded Lip",Wood
6208-845,6.14,9.82,11.78,0.88,"7/8"" Brown w/Gold Beaded Lip",Wood
6208-847,6.14,9.82,11.78,0.88,"7/8"" Black w/Gold Beaded Lip",Wood
6208-848,6.14,9.82,11.78,0.88,"7/8"" Black w/Silver Beaded Lip",Wood
6208-849,6.14,9.82,11.78,0.88,"7/8"" Antique White w/Gold Beaded Lip",Wood
6208-850,6.14,9.82,11.78,0.88,"7/8"" Antique White w/Silver Beaded Lip",Wood
7201,9.17,14.67,17.6,1.88,"1-3/4"" x 2-1/2"" Square Cap Matte Black",Wood
7212,9.17,14.67,17.6,1.88,"1-3/4"" x 2-1/2"" Square Cap White",Wood
7213,10.8,17.25,20.7,1.88,"1-3/4"" x 2-1/2"" Square Cap Silver",Wood
7214,10,16.49,19.79,1.88,"1-3/4"" x 2-1/2"" Square Cap Coffee Brown",Wood
7711,3.73,6.52,7.82,1.19,"1-3/16"" Black Metalline",Wood
7713,3.73,6.52,7.82,1.19,"1-3/16"" Gunmetal W/ Black Lip",Wood
8152,2.31,3.81,4.57,1.25,"<GG> 1-1/4"" x 1"" x 1/2"" plum leaf pattern",Wood
8251,3.12,5.15,6.18,1,"<GG> 1"" Smooth Silv Dome Cap 1-3/4"" Rabbit- B-2",Wood
8261,3.43,5.65,6.78,1.38,"<GG> 1-3/8"" Antique Silver Cap 1"" Rabbit -22A",Wood
8268,3.07,5.21,6.25,1,"<GG> 1"" Black Cap w/Silver Bead 1 1/4"" Rabbit -1B",Wood
8281,3.91,6.63,7.96,2.63,"<GG> 2-5/8"" Antique Silver Rope Reverse -13A, 14A",Wood
8321,2.5,4.37,5.24,1.25,"<GG> 1-1/4"" Silver w/Beaded Lip Scoop -6A",Wood
8350,3.83,6.13,7.36,2.31,"<GG> 2-5/16"" Soft Silver Flat Profile w/Beaded Lip",Wood
8358,2.93,4.97,5.96,1.38,"<GG> 1-3/8"" Distressed Wood w/Silver Lip - 2D",Wood
8430,2.02,3.44,4.13,1,"<GG> 1"" Gold Cap -22A",Wood
8440,2.78,4.73,5.68,1.5,"<GG> 1-1/2"" Plum w/Antique Silver Panel -2A",Wood
8450,7.77,12.42,14.9,4.75,"<GG> W4 -3/4"" h2"" r1 1/4"" Gold Leaf Reverse - 7B",Wood
8501,5.57,8.9,10.68,2.88,"2-7/8"" Antique Black Imperial Reverse -9C",Wood
8651,1.65,3.05,3.66,0.75,"<GG> 3/4"" Silver Flower Traditional -1-B",Wood
8652,1.65,3.05,3.66,0.75,"<GG> 3/4"" Plum Flower Traditional",Wood
8702,1.76,3.17,3.8,0.75,"<GG> 3/4"" Matte Black Big Bead -9C",Wood
8851,2.52,4.24,5.09,1.25,"1-1/4"" Pewter Scoop Beaded Lip -1-B",Wood
8877,4.95,7.92,9.5,2.5,"<GG> 2-1/2"" Gold w/Red Beaded Lip Trad. -5A",Wood
8891,6.77,10.82,12.98,3.25,"3-1/4"" Antique Silver w/Black Panel Rev -4C",Wood
8893,6.77,10.82,12.98,3.25,"<GG> 3-1/4"" Antique Silver w/Smooth Pan Rev - 7C",Wood
8894,6.77,10.82,12.98,3.25,"3-1/4"" Soft Gold w/Smooth Panel Reverse",Wood
8902,2.42,4.25,5.1,0.88,"<GG> 7/8"" Khaki Ribbed -1-B",Wood
8991,2.17,3.89,4.67,1.38,"<GG> 1-3/8"" Soft Gold Rope Reverse -13B, 22C",Wood
8993,2.17,3.89,4.67,1.38,"<GG> 1-3/8"" Gold w/Brown Panel Rope Reverse -22A",Wood
9501,3.49,5.75,6.9,2.38,"<GG> 2-3/8"" Antique Gold Reverse -B-2",Wood
9821,1.88,3.01,3.61,1.25,"<GG> 1-1/4"" Purple/Violet",Wood
9822,1.88,3.01,3.61,1.25,"<GG> 1-1/4"" Kelly Green",Wood
9823,1.88,3.01,3.61,1.25,"<GG> 1-1/4"" Sky Blue",Wood
9828,1.88,3.01,3.61,1.25,"<GG> 1-1/4"" Barn Red",Wood
10841,5.1,8.42,10.1,2.63,"<GG> 2 5/8"" Antique Black Beaded Reverse - 7C",Wood
15002,1.39,2.59,3.11,0.5,Small Silver Twist Fillet,Fillet
15006,1.39,2.59,3.11,0.5,Medium Silver Twist Fillet,Fillet
15008,1.39,2.59,3.11,0.5,Large Silver Twist Fillet -5C,Fillet
15101,1.39,2.59,3.11,0.5,Silver Small Bead Fillet,Fillet
15106,1.39,2.59,3.11,0.5,Big Silver Bead Fillet,Fillet
15200,1.39,2.59,3.11,0.5,Gold Lamb's Tongue Fillet,Fillet
15201,1.39,2.59,3.11,0.5,Silver Lamb's Tongue Fillet,Fillet
15203,1.39,2.59,3.11,0.5,Silver Fleur De Leaf Fillet,Fillet
15321,1.39,2.59,3.11,0.5,Fillet Fluted Gold,Fillet
15322,1.39,2.59,3.11,0.5,Fillet Fluted Silver,Fillet
43005,4.02,7.02,8.42,1.25,"1-1/4"" Mahogany Oval Top",Wood
43006,4.02,7.02,8.42,1.25,"1-1/4"" Walnut Oval Top",Wood
43007,4.37,7.37,8.84,1.5,"1-1/2"" Mahogany Step test",Wood
43008,4.37,7.37,8.84,1.5,"1-1/2"" Walnut Reverse Step",Wood
43011,6.57,10.51,12.61,2.38,"2-3/8"" Reverse Mahogany",Wood
43012,6.57,10.51,12.61,2.38,"2-3/8"" Reverse Walnut",Wood
43014,4.74,7.7,9.24,2.25,"2-1/4"" Two Toned Mahogany",Wood
43017,6.29,10.07,12.08,2.5,"2-1/2"" Mahogany",Wood
43018,6.29,10.07,12.08,2.5,"2-1/2"" Walnut",Wood
43019,6.04,9.66,11.59,2.5,"2-1/2"" Matte Black",Wood
43021,5.41,8.73,10.48,2.56,"2-9/16"" Espresso",Wood
44870,7.48,11.97,14.36,1.13,"1-1/8"" Bleached Natural Italy",Wood
44872,7.48,11.97,14.36,1.13,"1-1/8"" Bleached Rose Italy",Wood
44874,7.48,11.97,14.36,1.13,"1-1/8"" Bleached Green Italy",Wood
45416,6.34,10.13,12.16,2,"2"" Two Toned Mahogany",Wood
45508,7.03,11.24,13.49,2,"2"" Mahogany Reverse Step",Wood
45509,7.03,11.24,13.49,2,"2"" Walnut Reverse Step",Wood
53721,7.25,11.59,13.91,1.06,"1-1/16"" Gold Leaf Hand Finished Italy",Wood
53722,7.25,11.59,13.91,1.06,"1-1/16"" Silver Leaf Hand Finished Italy",Wood
53723,7.25,11.59,13.91,1.06,"1-1/16"" Black Silver Hand Finished Italy",Wood
86830,6.73,10.77,12.92,1.13,"1-1/8"" x 1-11/16"" White Creamy Italy",Wood
86831,6.73,10.77,12.92,1.13,"1-1/8"" x 1-11/16"" Matte Black Italy",Wood
86899,5.59,9.48,11.38,1.13,"1-1/8"" x 1-11/16"" Natural Ayous Italy",Wood
89770,4.27,7.04,8.45,1.88,"1-3/16"" Vintage White Italy",Wood
89773,4.27,7.04,8.45,1.88,"1-3/16"" Vintage Black Italy",Wood
89775,4.27,7.04,8.45,1.88,"1-3/16"" Vintage Dark Gray Italy",Wood
89777,4.27,7.04,8.45,1.88,"1-3/16"" Vintage Chestnut Italy",Wood
222144,4.79,7.66,9.19,1,"1"" Dark Maple Italy",Wood
222147,4.79,7.66,9.19,1,"1"" Dark Blue Italy",Wood
222148,4.79,7.66,9.19,1,"1"" Mandarino Italy",Wood
222149,4.79,7.66,9.19,1,"1"" Primavera Italy",Wood
222150,4.79,7.66,9.19,1,"1"" Rosso Italy",Wood
222152,4.79,7.66,9.19,1,"1"" Giallo Italy",Wood
222153,4.79,7.66,9.19,1,"1"" Emerald Ocean Italy",Wood
222155,4.79,7.66,9.19,1,"1"" Midnight Gray Italy",Wood
222156,4.79,7.66,9.19,1,"1"" Lily Italy",Wood
222157,4.79,7.66,9.19,1,"1"" Rosa Italy",Wood
222158,4.79,7.66,9.19,1,"1"" Violetto Italy",Wood
222159,4.79,7.66,9.19,1,"1"" Cherry Maple Italy",Wood
222160,4.79,7.66,9.19,1,"1"" Nude Italy",Wood
420301,4.26,7.76,9.31,0.88,"<GG> 7/8"" Width 3"" H Mat White Shadow Box",Wood
450101,1.77,3.7,4.44,1.31,"<GG> 1-5/16"" Rounded Cap Matte White",Wood
450401,2.18,4.03,4.84,1.13,"<GG> 1-1/8"" Rounded Reverse Matte White",Wood
T2112,2.78,4.75,5.7,0.75,<GG> Gold Pyramid Compo -4B,Wood
T2121,2.49,4.35,5.22,0.88,"<GG> 3/4"" Gold w/ Diamond Lip -1B",Wood
T2281,9.9,15.35,18.42,4,"<GG> 3-7/8"" Ornate Silver w/ Wash -14A",Wood
T2641,3.69,6.07,7.28,1.63,"<GG> 1-5/8"" Reverse - Antique Black - 47A",Wood
T2832,2.4,4.31,5.17,0.88,"7/8"" Antique Gold w/ Black Beaded -1-B",Wood
T2881,6.46,10.33,12.4,3.5,"<GG> 3-1/2"" Rev - Gold w/ Red Wash Pan -4C",Wood
T3212,3.8,6.26,7.51,1.5,"<GG> 1-1/2"" Antique Silver w/ Red Under",Wood
T6514,7.59,12.34,14.81,2.88,"<GG> 2-7/8"" Antique Black w/ Red Undertone -2B",Wood
T9001,3.63,6.36,7.63,0.75,"3/4"" Natural Wood",Wood
T9002,3.63,6.36,7.63,0.75,"3/4"" Honey Maple",Wood
T9003,3.63,6.36,7.63,0.75,"3/4"" Walnut",Wood
T9004,3.63,6.36,7.63,0.75,"3/4"" Burgundy",Wood
T9005,3.63,6.36,7.63,0.75,"3/4"" Graphite Black",Wood
T9006,3.63,6.36,7.63,0.75,"3/4"" White Wash",Wood
T9007,3.63,6.36,7.63,0.75,"3/4"" Cherry",Wood
T9201,3.7,6.47,7.76,1.13,"1-1/8"" Natural",Wood
T9202,3.7,6.47,7.76,1.13,"1-1/8"" Honey Maple",Wood
T9203,3.7,6.47,7.76,1.13,"1-1/8"" Walnut",Wood
T9204,3.7,6.47,7.76,1.13,"1-1/8"" Burgundy",Wood
T9205,3.7,6.47,7.76,1.13,"1-1/8"" Grey",Wood
T9206,3.7,6.47,7.76,1.13,"1-1/8"" White Wash",Wood
T9207,3.7,6.47,7.76,1.13,"1-1/8"" Cherry",Wood
T12522,4.22,6.96,8.35,3,"<GG> 3"" Antique Silver Ornate Reverse -2A",Wood
A13106,7.83,12.91,15.49,1.25,"1-1/4"" Black w/ Silver Lip",Wood
A13107,7.83,12.91,15.49,1.25,"1-1/4"" Black w/ Gold Lip",Wood
A13108,7.83,12.91,15.49,1.25,"1-1/4"" Cream w/ Silver Lip",Wood
A13109,7.83,12.91,15.49,1.25,"1-1/4"" Cream w/ Gold Lip",Wood
T15743,5.43,8.75,10.5,3.5,"<GG> 3-1/2"" Old Gold w/ Black Wash Rev -4C",Wood
A21101,12.63,20.2,24.24,2,"2"" Antique Black w/ Gold",Wood
A21102,12.63,20.2,24.24,2,"2"" Antique Black w/ Silver",Wood
A21103,12.63,20.2,24.24,2,"2"" Silver",Wood
A21104,12.63,20.2,24.24,2,"2"" Creamy Alfredo",Wood
A21105,12.63,20.2,24.24,2,"2"" Black w/Red Rub",Wood
A22101,5.73,9.45,11.34,1.25,"1-1/4"" White w/ Gold Lip",Wood
A22102,5.73,9.45,11.34,1.25,"1-1/4"" White w/ Silver Lip",Wood
A22103,6.11,10.07,12.08,1.25,"1-1/4"" Gold",Wood
A22104,6.11,10.07,12.08,1.25,"1-1/4"" Silver w/ Gold",Wood
A23101,8.57,13.71,16.45,1.56,"1-9/16"" Aged Blue",Wood
A23102,8.57,13.71,16.45,1.56,"1-9/16"" Aged White Silver",Wood
A23103,8.57,13.71,16.45,1.56,"1-9/16"" Aged Brown",Wood
A23104,8.81,14.09,16.91,1.56,"1-9/16"" Gold",Wood
A23105,8.81,14.09,16.91,1.56,"1-9/16"" Warm Silver",Wood
A24100,7.44,11.89,14.27,1.31,"1-5/16"" Gold",Wood
A24101,7.44,11.89,14.27,1.31,"1-5/16"" Warm Silver",Wood
A24102,7.44,11.89,14.27,1.38,"1-3/8"" White w/ Two-tone Eggplant Lip",Wood
A24103,7.44,11.89,14.27,1.39,"1-3/8"" White w/ Two-tone Walnut Lip",Wood
A24104,7.44,11.89,14.27,1.38,"1-3/8"" White w/ Two-tone Blue Lip",Wood
A24105,7.44,11.89,14.27,1.25,"1-1/4"" White w/ Gold Lip",Wood
A24106,7.44,11.89,14.27,1.25,"1-1/4"" White w/ Silver Lip",Wood
A24107,7.44,11.89,14.27,1.31,"1-5/16"" Gold w/ Balck Lip",Wood
A24108,7.44,11.89,14.27,1.31,"1-5/16"" Silver w/ Balck Lip",Wood
A27701,5.76,9.22,11.06,1.19,"1-3/16"" White w/ Black Wash",Wood
A27702,5.76,9.22,11.06,1.19,"1-3/16"" White w/ Bule Wash",Wood
A27703,5.76,9.22,11.06,1.19,"1-3/16"" White w/ Red Wash",Wood
A27704,5.76,9.22,11.06,1.19,"1-3/16"" White w/ Green Wash",Wood
T30601,3.1,5.39,6.47,0.88,"<GG> 7/8"" Natural",Wood
T30602,3.1,5.39,6.47,0.88,"<GG> 7/8"" Honey",Wood
T30603,3.1,5.39,6.47,0.88,"<GG> 7/8"" Walnut -7B",Wood
T30604,3.1,5.39,6.47,0.88,"<GG> 7/8"" Mahogany",Wood
T30605,3.1,5.39,6.47,0.88,"<GG> 7/8"" Graphite Black",Wood
T30606,3.1,5.39,6.47,0.88,"<GG> 7/8"" Cherry",Wood
T32112,3.33,5.64,6.77,1.5,"<GG> 1-1/2"" Silver w/ Umber Undertone -5B",Wood
A38001,11.89,19.02,22.82,2.75,"2-3/4"" Antique Black w/ Gold Lip",Wood
A38002,11.89,19.02,22.82,2.75,"2-3/4"" Antique Black w/ Silver Lip",Wood
A38008,11.89,19.02,22.82,2.75,"2-3/4"" Antique White w/ Silver Lip",Wood
A38009,11.89,19.02,22.82,2.75,"2-3/4"" Antique Gold",Wood
A38010,11.89,19.02,22.82,2.75,"2-3/4"" Antique Silver",Wood
T38801,2.7,4.79,5.75,1.25,"<GG> 1-1/4"" Natural",Wood
T38802,2.7,4.79,5.75,1.25,"<GG> 1-1/4"" Honey",Wood
T38803,2.7,4.79,5.75,1.25,"<GG> 1-1/4"" Walnut",Wood
T38804,2.7,4.79,5.75,1.25,"<GG> 1-1/4"" Mahogany -4B,7B",Wood
T38805,2.7,4.79,5.75,1.25,"<GG> 1-1/4"" Graphite Black",Wood
T38806,2.7,4.79,5.75,1.25,"<GG> 1-1/4"" Cherry",Wood
A42001,7.29,12.01,14.41,1.5,"1-1/2"" Antique Gold w/Black",Wood
A42002,7.29,12.01,14.41,1.5,"1-1/2"" Antique Silver w/Black",Wood
A42003,7.29,12.01,14.41,1.5,"1-1/2"" Antique Black",Wood
A42004,7.29,12.01,14.41,1.5,"1-1/2"" Antique White",Wood
A43001,5.9,9.72,11.66,0.88,"7/8"" Antique Gold w/Black",Wood
A43002,5.9,9.72,11.66,0.88,"7/8"" Antique Silver w/Black",Wood
A43003,5.9,9.72,11.66,0.88,"7/8"" Antique Black",Wood
A43004,5.9,9.72,11.66,0.88,"7/8"" Antique White",Wood
A54001,7.68,12.28,14.74,1.5,"1-1/2"" Fusion Gold Brown",Wood
A54002,7.68,12.28,14.74,1.5,"1-1/2"" Fusion Silver Black",Wood
A54003,7.68,12.28,14.74,1.5,"1-1/2"" Fusion Silver White",Wood
A54004,7.68,12.28,14.74,1.5,"1-1/2"" Fusion Silver Blue",Wood
A54005,7.68,12.28,14.74,1.5,"1-1/2"" Fusion Red Gold",Wood
A54301,11.76,18.81,22.57,2,"2"" Gold English Rose",Wood
A54302,11.76,18.81,22.57,2,"2"" Silver English Rose",Wood
A54303,11.76,18.81,22.57,2,"2"" Black w/Gold English Rose",Wood
A54304,11.76,18.81,22.57,2,"2"" White w/Gold English Rose",Wood
A56100,6.96,11.48,13.78,1.25,"1-1/4"" Green Grey Gold",Wood
A56101,6.96,11.48,13.78,1.25,"1-1/4"" Copper Green Silver",Wood
A63301,8.81,14.09,16.91,1.25,"1-1/4"" Distressed Black",Wood
A63302,8.81,14.09,16.91,1.25,"1-1/4"" Distressed Silver Muave",Wood
A63303,8.81,14.09,16.91,1.25,"1-1/4"" Distressed Gold",Wood
A63304,8.81,14.09,16.91,1.25,"1-1/4"" Pale White w/ Silver Lip",Wood
A71001,5.38,8.88,10.66,1.19,"1-3/16"" Antique Silver",Wood
A71002,5.38,8.88,10.66,1.19,"1-3/16"" Antique Gold",Wood
A71003,5.38,8.88,10.66,1.19,"1-3/16"" Antique Black w/ Gold Bead",Wood
A71006,5.38,8.88,10.66,1.19,"1-3/16"" Antique Black w/ Silver Bead",Wood
A87010,11.76,18.81,22.57,1.5,"1-1/2"" Gold Starry",Wood
A87012,11.76,18.81,22.57,1.5,"1-1/2"" Silver Starry",Wood
A87015,11.76,18.81,22.57,1.5,"1-1/2"" White Starry w/Gold",Wood
A87016,11.76,18.81,22.57,1.5,"1-1/2"" Black Starry w/Gold",Wood
A91001,4.93,7.88,9.46,1.19,"13/16"" Antique Silver",Wood
A91002,4.93,7.88,9.46,1.19,"13/16"" Antique Gold",Wood
A91003,4.93,7.88,9.46,1.19,"13/16"" Antique Black w/ Gold Lip",Wood
A91006,4.93,7.88,9.46,1.19,"13/16"" Antique Black w/ Silver Bead",Wood
T93013,2.7,4.31,5.17,1.81,"<GG> Mahogany Ash W.1 13/16"" H.13/16"" R.9/16""",Wood
A105100,7.57,12.11,14.53,1.19,"1-3/16"" Green Grey Gold",Wood
A105101,7.57,12.11,14.53,1.19,"1-3/16"" Grey Copper Silver",Wood
T903344,3.91,6.82,8.18,1.63,"<GG> 1 5/8"" Traditional - Black w/ Silver Lip",Wood
N1101,3.53,5.31,,0.25,ML11 Silver,Metal
N1102,3.53,5.31,,0.25,ML11 Frosted Silver,Metal
N1103,3.53,5.31,,0.81,ML11 Gold,Metal
N1104,3.53,5.31,,0.25,ML11 Frosted Gold,Metal
N1108,4.08,6.04,,0.25,ML11 Frosted Bronze,Metal
N1110,4.08,6.04,,0.25,ML11 Graphite,Metal
N1112,4.08,6.04,,0.25,ML11 Frosted Pewter,Metal
N1113,4.08,6.04,,0.81,ML11 Contrast Grey,Metal
N1114,4.08,6.04,,0.25,ML11 German Silver,Metal
N1120,4.08,6.04,,0.5,ML11 Anodic Black,Metal
N1121,4.08,6.04,,0.5,ML11 Matte Black,Metal
N1123,3.53,5.29,,0.5,ML11 Antique Gold,Metal
N1150,3.53,5.29,,0.5,ML11 Black,Metal
N1202,4.08,6.04,,0.5,ML12 Frosted Silver,Metal
N1221,4.59,7.01,,1,ML12 Matte Black,Metal
N1314,5.08,7.51,,0.5,ML13 German Silver,Metal
N1321,5.08,7.51,,0.5,ML13 Matte Black,Metal
N1414,8.29,12.26,,0.5,ML14 German Silver,Metal
N1421,8.29,12.26,,0.5,ML14 Matte Black,Metal
N1501,3.88,5.93,,0.25,ML15 Silver,Metal
N1502,3.88,5.93,,0.25,ML15 Frosted Silver,Metal
N1503,3.88,5.93,,1,ML15 Gold,Metal
N1504,3.88,5.93,,1,ML15 Frosted Gold,Metal
N1508,4.37,6.43,,1,ML15 Frosted Bronze,Metal
N1510,4.37,6.43,,1,ML15 Graphite,Metal
N1512,4.37,6.43,,1,ML15 Frosted Pewter,Metal
N1513,4.37,6.43,,1,ML15 Contrast Grey,Metal
N1514,4.37,6.43,,1,ML15 German Silver,Metal
N1519,4.37,6.43,,1,ML15 Frosted Walnut,Metal
N1520,4.37,6.43,,1,ML15 Anodic Black,Metal
N1521,4.37,6.43,,1,ML15 Matte Black,Metal
N1523,3.88,5.83,,1,ML15 Antique Gold,Metal
N1524,4.37,6.43,,1,ML15 Cobalt,Metal
N1550,3.88,5.83,,1,ML15 Black,Metal
N1552,3.88,5.83,,1,ML15 Bright White,Metal
N1555,3.88,5.83,,1,ML15 Right Red,Metal
N1558,3.88,5.83,,1,ML15 Indigo,Metal
N1566,3.88,5.83,,1,ML15 Lapis,Metal
N1568,3.88,5.83,,1,ML15 Chinese Red,Metal
N2108,5.25,7.48,,0.5,ML21 Frosted Rose Gold,Metal
N2121,5.25,7.48,,0.5,ML21 Matte Black,Metal
N2123,5.25,7.48,,0.5,ML21 Antique Gold,Metal
N2150,5.25,7.48,,0.59,ML21 Black,Metal
N2201,4.43,6.75,,0.5,ML22 Silver,Metal
N2202,4.43,6.75,,0.25,ML22 Frosted Silver,Metal
N2203,4.43,6.75,,0.5,ML22 Gold,Metal
N2214,5.15,7.42,,0.5,ML22 German Silver,Metal
N2220,5.15,7.42,,0.5,ML22 Anodic Black,Metal
N2221,5.15,7.42,,1,ML22 Matte Black,Metal
N2501,4.33,6.47,,1,ML25 Silver,Metal
N2502,4.33,6.47,,1,ML25 Frosted Silver,Metal
N2504,4.33,6.47,,1,ML25 Frosted Gold,Metal
N2520,4.95,7.31,,1,ML25 Anodic Black,Metal
N2521,4.95,7.31,,1,ML25 Matte Black,Metal
N3350,4.09,6.06,,1,ML33 Black,Metal
N3414,4.59,6.72,,1,ML34 German Silver,Metal
N3421,4.59,6.72,,1,ML34 Matte Black,Metal
N7121,5.82,8.6,,1,ML71 Matte Black,Metal
N9301,4.07,6.02,,1,ML93 Silver,Metal
N9304,4.07,6.02,,1,ML93 Frosted Gold,Metal
N9314,4.59,6.74,,1,ML93 German Silver,Metal
N9319,4.59,6.74,,1,ML93 Frosted Walnut,Metal
N9320,4.59,6.74,,1,ML93 Anodic Black,Metal
N9321,4.59,6.74,,1,ML93 Matte Black,Metal
N9323,4.07,6.15,,1,ML93 Antique Gold,Metal
N9350,4.07,6.15,,1,ML93 Black,Metal
N9352,4.07,6.15,,1,ML93 Bright White,Metal
N9402,4.47,6.6,,1.13,ML94 Frosted Silver,Metal
N9421,5.13,7.46,,1.13,ML94 Matte Black,Metal
N9510,6.39,9.28,,1.13,ML95 Graphite,Metal
N9514,6.39,9.28,,1.13,ML95 German Silver,Metal
N9521,6.39,9.28,,1.13,ML95 Matte Black,Metal
N9523,5.77,8.29,,1.13,ML95 Antique Gold,Metal
N9714,5.43,7.79,,1.13,ML97 German Silver,Metal
N9721,5.43,7.79,,1.13,ML97 Matte Black,Metal
N9750,4.8,6.86,,1.13,ML97 Black,Metal
N9921,6.39,9.05,,2.19,ML99 Matte Black,Metal
N10014,9.76,13.66,,0.38,ML100 German Silver,Metal
N10021,9.76,13.66,,0.37,ML100 Matte Black,Metal
N11154,4.11,6.09,,0.25,ML11 Florentine Grey,Metal
N11156,4.11,6.09,,0.25,ML11 Florentine Black,Metal
N11701,4.08,5.99,,1.31,ML117 Silver,Metal
N11702,4.08,5.99,,1.31,ML117 Frosted Silver,Metal
N11704,4.08,5.99,,1.31,ML117 Frosted Gold,Metal
N11710,4.59,6.74,,1.31,ML117 Graphite,Metal
N11712,4.59,6.74,,1.31,ML117 Frosted Pewter,Metal
N11714,4.59,6.74,,1.31,ML117 German Silver,Metal
N11719,4.59,6.74,,1.31,ML117 Frosted Walnut,Metal
N11720,4.59,6.74,,1.31,ML117 Anodic Black,Metal
N11721,4.59,6.74,,1.31,ML117 Matte Black,Metal
N11723,4.58,6.74,,1.31,ML117 Antique Gold,Metal
N11750,4.08,5.99,,1.31,ML117 Black,Metal
N11752,4.08,5.99,,1.31,ML117 Bright White,Metal
N11755,4.08,5.99,,1.31,ML117 Right Red,Metal
N11758,4.08,5.99,,1.31,ML117 Indigo,Metal
N12901,3.53,5.29,,0.32,ML129 Tiffany Silver,Metal
N12907,3.53,5.29,,0.31,ML129 Tiffany Bronze,Metal
N12913,3.53,5.29,,0.31,ML129 Tiffany Contrast Grey,Metal
N12915,3.53,5.29,,0.31,ML129 Tiffanyamber,Metal
N12920,3.53,5.29,,0.31,ML129 Tiffany Black,Metal
N12921,3.53,5.29,,0.31,ML129 Matte Black,Metal
N12952,3.53,5.29,,0.31,ML129 Tiffany Bright White,Metal
N15150,4.58,6.74,,1,ML15 Florentine Silver,Metal
N15153,4.58,6.74,,1,ML15 Florentine Pewter,Metal
N15154,4.58,6.74,,1,ML15 Florentine Grey,Metal
N15155,4.58,6.74,,1,ML15 Florentine Amber,Metal
N15156,4.58,6.74,,1,ML15 Florentine Black,Metal
N15164,4.37,6.43,,1,ML15 Dusk,Metal
N15170,4.37,6.43,,1,ML15 Frosted Umber,Metal
N21227,5.25,7.2,,0.59,ML21 Tornado Red,Metal
N21233,5.25,7.2,,0.5,ML21 Purple Haze,Metal
N21235,5.25,7.2,,0.5,ML21 Tangerine Twist,Metal
N21250,5.25,7.2,,0.5,ML21 Merlot,Metal
N21257,5.25,7.2,,0.5,ML21 Sapphire,Metal
N21258,5.25,7.2,,0.5,ML21 Really Teal,Metal
N21261,5.25,7.2,,0.59,ML21 Dawn,Metal
N21400,5.25,7.2,,0.5,ML21 Chrome,Metal
N24414,5.43,7.71,,1,ML24 Brushed Satin Ger. Slvr,Metal
N24421,5.43,7.71,,1,ML24 Satin Black,Metal
N24423,5.43,7.71,,1,ML24 Brushed Satin Antiq. Gld,Metal
N24469,5.43,7.71,,1,ML24 Brushed Satin Stainless Steel,Metal
N24471,5.43,7.71,,1,ML24 Brushed Satin Slate,Metal
N24475,5.43,7.71,,1,ML24 Brushed Satin Choc,Metal
N24476,5.43,7.71,,1,ML24 Brushed Satin Sapphire,Metal
N34179,5.07,7.15,,1,ML34 Black Metalline,Metal
N34280,5.39,8.21,,1,ML34 American Natural,Metal
N65246,5.25,7.64,,1,ML65 Old Gold,Metal
N65251,5.25,7.64,,0.5,ML65 Barely Gold,Metal
N65252,5.25,7.64,,2,ML65 Robin'S Egg,Metal
N65421,5.25,7.64,,1,ML65 Brushed Satin Black,Metal
N65429,5.25,7.64,,1,ML65 Ebony,Metal
N93150,4.92,7.14,,1,ML93 Florentine Silver,Metal
N93154,4.92,7.14,,1,ML93 Florentine Grey,Metal
N93156,4.92,7.14,,1,ML93 Florentine Black,Metal
N93170,4.59,6.75,,1,ML93 Frosted Umber,Metal
N93550,4.92,7.14,,0.44,ML93 Tuscan Linen Silver,Metal
N93552,4.92,7.14,,1,ML93 Tuscan Linen Raw Steel,Metal
N93553,4.92,7.14,,1,ML93 Tuscan Linen Caramel,Metal
N93555,4.92,7.14,,1,ML93 Tuscan Linen Amber,Metal
N93556,4.92,7.14,,1,ML93 Tuscan Linen Black,Metal
N93557,4.92,7.14,,1,ML93 Tuscan Linen Pewter,Metal
N93558,4.92,7.14,,1,ML93 Tuscan Linen Slate,Metal
N95224,5.77,8.29,,1.13,ML95 Matte White,Metal
N95429,6.59,9.63,,1.13,ML95 Brushed Anodic Black,Metal
N95470,7.27,9.48,,0.91,ML95 Brushed Satin Nickel,Metal
N97150,6.22,8.87,,1.13,ML97 Florentine Silver,Metal
N97151,6.22,8.87,,1.13,ML97 Florentine Gold,Metal
N97154,6.22,8.87,,1.13,ML97 Florentine Grey,Metal
N97155,6.22,8.87,,1.13,ML97 Florentine Amber,Metal
N97156,6.22,8.87,,1.13,ML97 Florentine Black,Metal
N97167,6.22,8.87,,1.13,ML97 Florentine Walnut,Metal
N97400,6.22,8.87,,1.13,ML97 Brushed Aluminum (Satin),Metal
N97550,6.22,8.87,,1.13,ML97 Tuscan Linen Silver,Metal
N97552,6.22,8.87,,1.13,ML97 Tuscan Linen Raw Steel,Metal
N97553,6.22,8.87,,1.13,ML97 Tuscan Linen Caramel,Metal
N97555,6.22,8.87,,1,ML97 Tuscan Linen Amber,Metal
N97556,6.22,8.87,,1.13,ML97 Tuscan Linen Black,Metal
N97557,6.22,8.87,,1.13,ML97 Tuscan Linen Pewter,Metal
N97558,6.22,8.87,,1.13,ML97 Tuscan Linen Slate,Metal
N99150,7.27,10.7,,2.19,ML99 Florentine Silver,Metal
N99154,7.27,10.7,,2.19,ML99 Florentine Grey,Metal
N99156,7.27,10.7,,2.19,ML99 Florentine Black,Metal
N99421,7.55,11.11,,0.25,ML99 Brushed Satin Black,Metal
N99430,7.27,10.43,,2.19,ML99 Brushed German Silver,Metal
N99470,7.55,11.11,,1.38,ML99 Brushed Satin Nickel,Metal
N99478,7.55,11.11,,1.38,ML99 Brushed Satin Pewter,Metal
N117164,4.59,6.78,,1.31,ML117 Dusk,Metal
N117201,4.08,6.04,,1.31,ML117 Maroon,Metal
N117202,4.08,6.04,,1.31,ML117 Tiger Orange,Metal
N117203,4.08,6.04,,1.31,ML117 Sunshine,Metal
N117204,4.08,6.04,,1.31,ML117 Kelly Green,Metal
N117205,4.08,6.04,,1.31,ML117 Forest Green,Metal
N117206,4.08,6.04,,1.31,ML117 Aqua,Metal
N117207,4.08,6.04,,1.31,ML117 Bright Blue,Metal
N117208,4.08,6.04,,1.31,ML117 Royal Purple,Metal
N117227,4.78,7.07,,0.25,ML117 Tornado Red,Metal
N117230,4.78,7.07,,1.31,ML117 Reflex Silver,Metal
N117231,4.78,7.07,,1.31,ML117 Gold Bullion,Metal
N117232,4.78,7.07,,0.25,ML117 Galactic Blue,Metal
N117233,4.78,7.07,,0.25,ML117 Purple Haze,Metal
N117235,4.78,7.07,,0.44,ML117 Tangerine Twist,Metal
N117236,4.78,7.07,,0.25,ML117 Cyber Green,Metal
N117237,4.78,7.07,,0.25,ML117 Raspberry Fizz,Metal
N117238,4.78,7.07,,0.25,ML117 Turquoise,Metal
N117240,4.78,7.07,,0.44,ML117 Amethyst,Metal
N117270,4.59,6.74,,1.31,ML117 Burnt Sienna,Metal
N117280,5.18,7.83,,0.44,ML117 American Natural,Metal
N117400,4.78,7.24,,1.31,ML117 Brushed Aluminum,Metal
N117470,5.43,7.79,,0.44,ML117 Brushed Satin Nickel,Metal
N117478,5.43,7.79,,0.44,ML117 Brushed Satin Pewter,Metal
N225154,7.19,10.53,,1.25,ML225 Graphite,Metal
N225421,7.19,10.53,,1.25,ML225 Jet Black,Metal
N225452,7.19,10.53,,1.25,ML225 Frosted Gold,Metal
N225469,7.19,10.53,,1.25,ML225 Modern Pewter,Metal
NC3996,6.65,11.63,13.96,0.88,Canyon Ivory,Wood
NC14603,5.53,9.68,11.62,0.75,Castile Forged Pewter,Wood
NC14604,5.53,9.68,11.62,0.75,Castile Forged Iron,Wood
NC14606,5.53,9.68,11.62,0.75,Castile Forged Brass,Wood
NC14609,5.53,9.68,11.62,0.75,Castile Forged Bronze,Wood
NC14703,7.25,12.69,15.23,1.31,Castile Forged Pewter,Wood
NC14704,7.25,12.69,15.23,1.31,Castile Forged Iron,Wood
NC14706,7.25,12.69,15.23,1.31,Castile Forged Brass,Wood
NC14709,7.25,12.69,15.23,1.31,Castile Forged Bronze,Wood
NC14803,10.5,18.39,22.07,2.5,Castile Forged Pewter,Wood
NC14804,10.5,18.39,22.07,2.5,Castile Forged Iron,Wood
NC14806,10.5,18.39,22.07,2.5,Castile Forged Brass,Wood
NC14809,10.5,18.39,22.07,2.5,Castile Forged Bronze,Wood
NC17004,8.06,14.1,16.92,2,Dualita Ebony,Wood
NC17005,8.06,14.1,16.92,2,Dualita White Oak,Wood
NC17009,8.06,14.1,16.92,2,Dualita Mahogany,Wood
NC17013,8.06,14.1,16.92,2,Dualita Black Walnut,Wood
NC17017,8.06,14.1,16.92,2,Dualita Honey Birch,Wood
NC17027,8.06,14.1,16.92,2,Dualita Hickory,Wood
NC17104,6.5,11.38,13.66,1.5,Dualita Ebony,Wood
NC17105,6.5,11.38,13.66,1.5,Dualita White Oak,Wood
NC17109,6.5,11.38,13.66,1.5,Dualita Mahogany,Wood
NC17113,6.5,11.38,13.66,1.5,Dualita Black Walnut,Wood
NC17117,6.5,11.38,13.66,1.5,Dualita Honey Birch,Wood
NC17127,6.5,11.38,13.66,1.5,Dualita Hickory,Wood
NC17403,6.5,11.38,13.66,1.5,Colonna Windswept,Wood
NC17404,6.5,11.38,13.66,1.5,Colonna Gilded Black,Wood
NC17409,6.5,11.38,13.66,1.5,Colonna Sepia,Wood
NC17481,6.5,11.38,13.66,1.5,Colonna Sage,Wood
NC17491,6.5,11.38,13.66,1.5,Colonna Terra,Wood
NC17492,6.5,11.38,13.66,1.5,Colonna Slate,Wood
NC17503,8.11,14.2,17.04,2.25,Colonna Windswept,Wood
NC17504,8.11,14.2,17.04,2.25,Colonna Gilded Black,Wood
NC17509,8.11,14.2,17.04,2.25,Colonna Sepia,Wood
NC17581,8.11,14.2,17.04,2.25,Colonna Sage,Wood
NC17591,8.11,14.2,17.04,2.25,Colonna Terra,Wood
NC17592,8.11,14.2,17.04,2.25,Colonna Slate,Wood
NC17703,6.5,11.38,13.66,1.75,Rialto Pelican,Wood
NC17704,6.5,11.38,13.66,1.75,Rialto Cypress,Wood
NC17709,6.5,11.38,13.66,1.75,Rialto Walnut,Wood
NC17791,6.5,11.38,13.66,1.75,Rialto Cedar,Wood
NC17803,8.27,14.47,17.36,2.5,Rialto Pelican,Wood
NC17804,8.27,14.47,17.36,2.5,Rialto Cypress,Wood
NC17809,8.27,14.47,17.36,2.5,Rialto Walnut,Wood
NC17891,8.27,14.47,17.36,2.5,Rialto Cedar,Wood
NC17902,4.35,7.61,9.13,1,Marrakesh Medina Silver,Wood
NC17914,4.35,7.61,9.13,1,Marrakesh Galena Black,Wood
NC17915,4.35,7.61,9.13,1,Marrakesh Tajine,Wood
NC17941,4.35,7.61,9.13,1,Marrakesh Saffron Gold,Wood
NC18002,8.7,15.24,18.28,2.25,Marrakesh Medina Silver,Wood
NC18014,8.7,15.24,18.28,2.25,Marrakesh Galena Black,Wood
NC18015,8.7,15.24,18.28,2.25,Marrakesh Tajine,Wood
NC18041,8.7,15.24,18.28,2.25,Marrakesh Saffron Gold,Wood
NC18102,6.81,11.92,14.3,1.38,Marrakesh Medina Silver,Wood
NC18106,3.01,5.26,6.31,0.75,Altamira Slate,Wood
NC18107,3.01,5.26,6.31,0.75,Altamira Ivory,Wood
NC18109,3.01,5.26,6.31,0.75,Altamira Umber,Wood
NC18114,6.81,11.92,14.3,1.38,Marrakesh Galena Black,Wood
NC18115,6.81,11.92,14.3,1.38,Marrakesh Tajine,Wood
NC18141,6.81,11.92,14.3,1.38,Marrakesh Saffron Gold,Wood
NC18206,4.5,7.88,9.46,1.25,Altamira Slate,Wood
NC18207,4.5,7.88,9.46,1.25,Altamira Ivory,Wood
NC18209,4.5,7.88,9.46,1.25,Altamira Umber,Wood
NC18502,4.99,8.74,10.48,1.25,Ironworks Silver,Wood
NC18503,4.99,8.74,10.48,1.25,Ironworks Pewter,Wood
NC18504,4.99,8.74,10.48,1.25,Ironworks Black,Wood
NC18515,4.99,8.74,10.48,1.25,Ironworks Champagne,Wood
NC18562,4.99,8.74,10.48,1.25,Ironworks Bronze,Wood
NC18602,4.79,8.39,10.07,1.38,Ironworks Silver Slant,Wood
NC18603,4.79,8.39,10.07,1.38,Ironworks Pewter Slant,Wood
NC18604,4.79,8.39,10.07,1.38,Ironworks Black Slant,Wood
NC18615,4.79,8.39,10.07,1.38,Ironworks Champagne Slant,Wood
NC18662,4.79,8.39,10.07,1.38,Ironworks Bronze Slant,Wood
NC18702,7.22,12.64,15.16,1.5,Ironworks Silver,Wood
NC18703,7.22,12.64,15.16,1.5,Ironworks Pewter,Wood
NC18704,7.22,12.64,15.16,1.5,Ironworks Black,Wood
NC18715,7.22,12.64,15.16,1.5,Ironworks Champagne,Wood
NC18762,7.22,12.64,15.16,1.5,Ironworks Bronze,Wood
NC18802,7.34,12.85,15.42,2.16,Ironworks Silver Slant,Wood
NC18803,7.34,12.85,15.42,2.16,Ironworks Pewter Slant,Wood
NC18804,7.34,12.85,15.42,2.16,Ironworks Black Slant,Wood
NC18815,7.34,12.85,15.42,2.16,Ironworks Champagne Slant,Wood
NC18862,7.34,12.85,15.42,2.16,Ironworks Bronze Slant,Wood
NC19104,3.87,6.77,8.12,0.75,Nantucket Black,Wood
NC19123,3.87,6.77,8.12,0.75,Nantucket Dover Grey,Wood
NC19127,3.87,6.77,8.12,0.75,Nantucket Taupe,Wood
NC19131,3.87,6.77,8.12,0.75,Nantucket Driftwood,Wood
NC19192,3.87,6.77,8.12,0.75,Nantucket Blue Grey,Wood
NC19304,5.1,8.92,10.71,1.75,Nantucket Black,Wood
NC19323,5.1,8.92,10.71,1.75,Nantucket Dover Grey,Wood
NC19327,5.1,8.92,10.71,1.75,Nantucket Taupe,Wood
NC19331,5.1,8.92,10.71,1.75,Nantucket Driftwood,Wood
NC19392,5.1,8.92,10.71,1.75,Nantucket Blue Grey,Wood
NC27215,4.09,7.16,8.59,1.19,Forged Metals Champagne,Wood
NC27262,4.09,7.16,8.59,1.19,Forged Metals Bronze,Wood
NC27404,4.15,7.26,8.72,1.75,Forged Metals Black,Wood
NC27415,4.15,7.26,8.72,1.75,Forged Metals Champagne,Wood
NC27436,4.15,7.26,8.72,1.75,Forged Metals Mercury,Wood
NC27462,4.15,7.26,8.72,1.75,Forged Metals Bronze,Wood
NC29105,1.52,2.66,3.19,0.63,Woodworks Walnut,Wood
NC29113,1.52,2.66,3.19,0.63,Woodworks Grey Wash,Wood
NC29114,1.52,2.66,3.19,0.63,Woodworks Black Ash,Wood
NC29116,1.52,2.66,3.19,0.63,Woodworks White Wash,Wood
NC29129NP,1.52,2.66,3.19,0.63,Woodworks Cedar,Wood
NC29175,1.52,2.66,3.19,0.63,Woodworks Hazelnut,Wood
NC29205,2.42,4.24,5.1,0.75,Woodworks Walnut,Wood
NC29213,2.42,4.24,5.1,0.75,Woodworks Grey Wash,Wood
NC29214,2.42,4.24,5.1,0.75,Woodworks Black Ash,Wood
NC29216,2.42,4.24,5.1,0.75,Woodworks White Wash,Wood
NC29229,2.42,4.24,5.1,0.75,Woodworks Cedar,Wood
NC29275,2.42,4.24,5.1,0.75,Woodworks Hazelnut,Wood
NC29405,2.61,4.57,5.48,1.5,Woodworks Walnut,Wood
NC29413,2.61,4.57,5.48,1.5,Woodworks Grey Wash,Wood
NC29414,2.61,4.57,5.48,1.5,Woodworks Black Ash,Wood
NC29416,2.61,4.57,5.48,1.5,Woodworks White Wash,Wood
NC29429,2.61,4.57,5.48,1.5,Woodworks Cedar,Wood
NC29475,2.61,4.57,5.48,1.5,Woodworks Hazelnut,Wood
NC29505NP,3.54,6.19,7.43,1.69,Woodworks Walnut,Wood
NC29513,3.54,6.19,7.43,1.69,Woodworks Grey Wash,Wood
NC29514,3.54,6.19,7.43,1.69,Woodworks Black Ash,Wood
NC29516NP,3.54,6.19,7.43,1.69,Woodworks White Wash,Wood
NC29529,3.54,6.19,7.43,1.69,Woodworks Cedar,Wood
NC29575,3.54,6.19,7.43,1.69,Woodworks Hazelnut,Wood
NC30314,7.24,12.67,15.2,1.38,Madera Zebrawood Veneer,Wood
NC30324,7.24,12.67,15.2,1.38,Madera Ebony Veneer,Wood
NC31504,5.27,9.22,11.07,1.19,Restorations Matte Black,Wood
NC31549,5.27,9.22,11.07,1.19,Restorations Hazelnut,Wood
NC31604,6.48,11.34,13.6,1.91,Restorations Matte Black,Wood
NC31649,6.48,11.34,13.6,1.91,Restorations Hazelnut,Wood
NC34604,8.25,14.44,17.33,2,Bristol Floater Black,Wood
NC34607,8.25,14.44,17.33,2,Bristol Floater Antique White,Wood
NC34609,9.1,15.92,19.1,2,Bristol Floater Walnut,Wood
NC34630,8.25,14.44,17.33,2,Bristol Floater Natural,Wood
NC38109,4.2,7.35,8.82,0.75,Nocturne Espresso Brown,Wood
NC38309,3.01,5.26,6.31,0.63,Nocturne Espresso Brown,Wood
NC38409,3.62,6.33,7.6,1,Nocturne Espresso Brown,Wood
NC38509,4.34,7.59,9.11,1.38,Nocturne Espresso Brown,Wood
NC40304,4.24,7.43,8.91,0.75,Ardesia Cast Iron,Wood
NC40362,5.52,9.66,11.6,0.75,Ardesia Oiled Bronze,Wood
NC40562,8.86,15.51,18.61,1.5,Ardesia Oiled Bronze,Wood
NC40704,8.84,15.48,18.57,2.25,Ardesia Cast Iron,Wood
NC40762,11.02,19.29,23.15,2.25,Ardesia Oiled Bronze,Wood
NC42331,6.2,10.85,13.02,0.63,American Hardwoods Natural Maple,Wood
NC42332,5.45,9.54,11.44,0.63,American Hardwoods White Wash Maple,Wood
NC42414,5.74,10.05,12.05,0.75,American Hardwoods Black Ash,Wood
NC42431,6.79,11.89,14.27,0.75,American Hardwoods Natural Maple,Wood
NC42432,7.34,12.85,15.42,0.75,American Hardwoods White Wash Maple,Wood
NC42631,10.49,18.37,22.04,0.75,American Hardwoods Nat Maple,Wood
NC44041,6.85,11.99,14.39,0.75,Palladio Carved Black/Gold Leaf,Wood
NC44042,6.85,11.99,14.39,0.75,Palladio Carved Black/Silver Leaf,Wood
NC44043,4.95,8.66,10.4,0.75,Palladio Carved Black/Brown,Wood
NC44141,8.07,14.12,16.95,1.19,Palladio Carved Black/Gold Leaf,Wood
NC44142,8.07,14.12,16.95,1.19,Palladio Carved Black/Silver Leaf,Wood
NC44143,7.12,12.47,14.97,1.19,Palladio Carved Black/Brown,Wood
NC44541,11.93,20.87,25.04,2.38,Palladio Carved Black/Gold Leaf,Wood
NC44542,11.93,20.87,25.04,2.38,Palladio Carved Black/Silver Leaf,Wood
NC44543,11.14,19.49,23.39,2.38,Palladio Carved Black/Brown,Wood
NC45204,3.75,6.57,7.88,0.75,Provence Charred Black,Wood
NC45207,3.75,6.57,7.88,0.75,Provence Cottage White,Wood
NC45209,3.75,6.57,7.88,0.75,Provence Weathered Brown,Wood
NC45304,3.49,6.12,7.34,1.13,Provence Charred Black,Wood
NC45307,3.49,6.12,7.34,1.13,Provence Cottage White,Wood
NC45309,3.49,6.12,7.34,1.13,Provence Weathered Brown,Wood
NC45404,5.98,10.46,12.55,1.25,Provence Charred Black,Wood
NC45407,5.98,10.46,12.55,1.25,Provence Cottage White,Wood
NC45604,6.61,11.58,13.89,1.88,Provence Charred Black,Wood
NC45607,6.61,11.58,13.89,1.88,Provence Cottage White,Wood
NC45609,6.61,11.58,13.89,1.88,Provence Weathered Brown,Wood
NC46101,4.18,7.32,8.79,0.63,Minis Antique Gold Leaf,Wood
NC46102,4.18,7.32,8.79,0.63,Minis Antique Silver Leaf,Wood
NC46104,3.22,5.65,6.78,0.63,Minis Antique Black,Wood
NC46111,3.55,6.21,7.45,0.63,Minis Black & Gold Leaf,Wood
NC46112,3.55,6.21,7.45,0.63,Minis Black & Silver Leaf,Wood
NC46116,3.66,6.41,7.69,0.63,Minis Copper,Wood
NC46198,3.66,6.41,7.69,0.63,Minis Black Verdigris,Wood
NC46205,4.5,7.88,9.46,0.63,Minis Oxidized Copper,Wood
NC46207,4.5,7.88,9.46,0.63,Minis Oxidized Gold,Wood
NC46209,4.5,7.88,9.46,0.63,Minis Oxidized Silver,Wood
NC46242,3.93,6.88,8.26,0.63,Minis Oxidized Black,Wood
NC46307,4.76,8.34,10,0.63,Minis Oxidized Gold,Wood
NC46309,4.76,8.34,10,0.63,Minis Oxidized Silver,Wood
NC46342,4.1,7.18,8.61,0.63,Minis Oxidized Black,Wood
NC46501,3.53,6.17,7.4,0.56,Minis Antique Gold,Wood
NC46502,3.53,6.17,7.4,0.56,Minis Antique Silver,Wood
NC46504,3.12,5.46,6.55,0.56,Minis Antique Black,Wood
NC46601,3.69,6.46,7.75,0.75,Minis Antique Gold Leaf,Wood
NC46671,3.69,6.46,7.75,0.75,Minis Brown & Gold Leaf,Wood
NC58404,3.59,6.28,7.54,1.75,Oslo Black,Wood
NC58409,3.83,6.7,8.04,1.75,Oslo Dark Walnut,Wood
NC58435,3.59,6.28,7.54,1.75,Oslo Oak,Wood
NC58485,3.83,6.7,8.04,1.75,Oslo Rosewood,Wood
NC59704,6.23,10.9,13.08,3,Oslo Black,Wood
NC61903,7.17,12.54,15.05,1.75,Palladio Cocoa Brown,Wood
NC61941,8.84,15.48,18.57,1.75,Palladio Gold Leaf,Wood
NC61942,8.84,15.48,18.57,1.75,Palladio Silver Leaf,Wood
NC61943,6.82,11.94,14.33,1.75,Palladio Black/Brown,Wood
NC62104,4.19,7.33,8.8,0.75,Palladio Antique Black,Wood
NC62304,3.01,5.26,6.31,0.63,Palladio Antique Black,Wood
NC62404,3.61,6.31,7.57,1,Palladio Antique Black,Wood
NC62504,4.35,7.61,9.13,1.38,Palladio Antique Black,Wood
NC62603,6.42,11.23,13.48,1.19,Palladio Cocoa Brown,Wood
NC62641,6.79,11.89,14.27,1.19,Palladio Black/Gold,Wood
NC62642,6.79,11.89,14.27,1.19,Palladio Black/Silver,Wood
NC62643,6.42,11.23,13.48,1.19,Palladio Black/Brown,Wood
NC62703,7.22,12.64,15.16,1.38,Palladio Cocoa Brown,Wood
NC62741,7.6,13.3,15.96,1.38,Palladio Black/Gold,Wood
NC62742,7.6,13.3,15.96,1.38,Palladio Black/Silver,Wood
NC62743,7.24,12.67,15.2,1.38,Palladio Black/Brown,Wood
NC62803,11.28,19.75,23.7,2.5,Palladio Cocoa Brown,Wood
NC62841,11.72,20.51,24.61,2.5,Palladio Black/Gold,Wood
NC62842,11.72,20.51,24.61,2.5,Palladio Black/Silver,Wood
NC62843,10.47,18.32,21.99,2.5,Palladio Black/Brown,Wood
NC62903,11.27,19.73,23.67,2.5,Palladio Cocoa Brown,Wood
NC62943,11.3,19.78,23.73,2.5,Palladio Black/Brown,Wood
NC65041,14.49,25.36,30.43,2.88,Palladio Black/Gold,Wood
NC65043,11,19.26,23.11,2.88,Palladio Black/Brown,Wood
NC65103,7.22,12.64,15.16,1.75,Palladio Cocoa Brown,Wood
NC65141,10.13,17.73,21.28,1.75,Palladio Black/Gold,Wood
NC65142,10.16,17.78,21.34,1.75,Palladio Black/Silver,Wood
NC65143,7.22,12.64,15.16,1.75,Palladio Black/Brown,Wood
NC65201,8.54,14.94,17.93,1,Treviso Sterling Silver,Wood
NC65202,8.54,14.94,17.93,1,Treviso Gold,Wood
NC65204,6.04,10.58,12.69,1,Treviso Midnight Black,Wood
NC65206,8.54,14.94,17.93,1,Treviso Aged Brass,Wood
NC65207,8.54,14.94,17.93,1,Treviso Pewter,Wood
NC65214,8.54,14.94,17.93,1,Treviso Matte Black,Wood
NC65243,8.54,14.94,17.93,1,Treviso Ebony,Wood
NC65301,12.91,22.59,27.1,1.75,Treviso Sterling Silver,Wood
NC65302,12.91,22.59,27.1,1.75,Treviso Gold,Wood
NC65304,10.14,17.74,21.29,1.75,Treviso Midnight Black,Wood
NC65306,12.91,22.59,27.1,1.75,Treviso Aged Brass,Wood
NC65307,12.91,22.59,27.1,1.75,Treviso Pewter,Wood
NC65314,12.91,22.59,27.1,1.75,Treviso Matte Black,Wood
NC65343,12.91,22.59,27.1,1.75,Treviso Ebony,Wood
NC65401,16.96,29.68,35.62,2.94,Treviso Sterling Silver,Wood
NC65402,16.96,29.68,35.62,2.94,Treviso Gold,Wood
NC65404,12.25,21.44,25.73,2.94,Treviso Midnight Black,Wood
NC65406,16.96,29.68,35.62,2.94,Treviso Aged Brass,Wood
NC65407,16.96,29.68,35.62,2.94,Treviso Pewter,Wood
NC65414,16.96,29.68,35.62,2.94,Treviso Matte Black,Wood
NC65443,16.96,29.68,35.62,2.94,Treviso Ebony,Wood
NC72501,6.57,11.5,13.8,0.25,Metro Floater Ant Gold Leaf,Wood
NC72502,6.57,11.5,13.8,0.25,Metro Floater Ant Silver Leaf,Wood
NC72504,6.16,10.77,12.93,0.25,Metro Floater Ant Black,Wood
NC73101,15.19,26.59,31.91,0.31,Metro Floater Ant Gold,Wood
NC73201,19.62,34.34,41.2,0.5,Metro Floater Ant Gold,Wood
NC73202,19.62,34.34,41.2,0.5,Metro Floater Ant Silver,Wood
NC73311,7.21,12.62,15.14,1.44,Metropolitan Black/Gold,Wood
NC73404,7.46,13.05,15.66,2,Metropolitan Antique Black,Wood
NC73411,8.32,14.56,17.47,2,Metropolitan Black/Gold,Wood
NC73701,5.87,10.26,12.31,0.75,Metropolitan Cap Antique Gold,Wood
NC73702,5.87,10.26,12.31,0.75,Metropolitan Cap Antique Silver,Wood
NC73704,5.26,9.21,11.06,0.75,Metropolitan Cap Antique Black,Wood
NC73804,5.98,10.46,12.55,1.19,Metropolitan Flat Cap Ant Black,Wood
NC85741,6.02,10.54,12.65,0.75,Héritage Black With Gold,Wood
NC85744,6.02,10.54,12.65,0.75,Héritage Brown With Gold,Wood
NC85841,7.45,13.03,15.64,1.25,Héritage Black With Gold,Wood
NC85844,7.45,13.03,15.64,1.25,Héritage Brown With Gold,Wood
NC85941,10.29,18,21.6,2.13,Héritage Black With Gold,Wood
NC85944,10.29,18,21.6,2.13,Héritage Brown With Gold,Wood
NC86041,12.6,22.06,26.47,1.75,Héritage Black With Gold,Wood
NC86044,12.6,22.06,26.47,1.75,Héritage Brown With Gold,Wood
NC86141,13.85,24.24,29.09,2,Héritage Black With Gold,Wood
NC86144,13.85,24.24,29.09,2,Héritage Brown With Gold,Wood
NC86241,10,17.51,21.02,1.38,Héritage Black With Gold,Wood
NC86244,10,17.51,21.02,1.38,Héritage Brown With Gold,Wood
NC87101NP,5.99,10.48,12.58,0.75,Alfresco Gold Leaf,Wood
NC87102NP,5.99,10.48,12.58,0.75,Alfresco Silver Leaf,Wood
NC87104NP,3.72,6.52,7.82,0.75,Alfresco Black,Wood
NC87109NP,3.72,6.52,7.82,0.75,Alfresco Brown,Wood
NC87201,6.96,12.18,14.61,1,Alfresco Gold Leaf Bead,Wood
NC87202,6.96,12.18,14.61,1,Alfresco Silver Leaf Bead,Wood
NC87204,6.93,12.13,14.55,1,Alfresco Black Bead,Wood
NC87209,6.93,12.13,14.55,1,Alfresco Brown Bead,Wood
NC87501NP,12.89,22.55,27.06,2,Alfresco Gold Leaf,Wood
NC87502NP,12.89,22.55,27.06,2,Alfresco Silver Leaf,Wood
NC87504,9.05,15.84,19.01,2,Alfresco Black,Wood
NC87509,9.05,15.84,19.01,2,Alfresco Brown,Wood
NC93809,10.6,18.54,22.26,2.31,Hygge Carbon,Wood
NC93817,10.6,18.54,22.26,2.31,Hygge Natural,Wood
NC93823,10.6,18.54,22.26,2.31,Hygge Dove Grey,Wood
NC93827,10.6,18.54,22.26,2.31,Hygge Walnut,Wood
NC93831,10.6,18.54,22.26,2.31,Hygge Driftwood,Wood
NC93909,6.23,10.9,13.08,1,Hygge Carbon,Wood
NC93917,6.23,10.9,13.08,1,Hygge Natural,Wood
NC93923,6.23,10.9,13.08,1,Hygge Dove Grey,Wood
NC93927,6.23,10.9,13.08,1,Hygge Walnut,Wood
NC93931,6.23,10.9,13.08,1,Hygge Driftwood,Wood
NC94009,9.58,16.76,20.11,2.19,Hygge Carbon,Wood
NC94017,9.58,16.76,20.11,2.19,Hygge Natural,Wood
NC94023,9.58,16.76,20.11,2.19,Hygge Dove Grey,Wood
NC94027,9.58,16.76,20.11,2.19,Hygge Walnut,Wood
NC94031,9.58,16.76,20.11,2.19,Hygge Driftwood,Wood
NC95004,3.23,5.66,6.79,1.44,Silhouette Black,Wood
NC95104,2.76,4.83,5.79,0.88,Silhouette Black,Wood
NC95604,3.43,6.01,7.22,1.56,Silhouette Black,Wood
NC96604,5.92,10.36,12.43,2,Silhouette Black,Wood
NC96904,2.33,4.08,4.89,0.75,Silhouette Black,Wood
NC97101,6.3,11.03,13.24,0.75,Palladio Color Ant Gold,Wood
NC97102,6.3,11.03,13.24,0.75,Palladio Color Ant Silver,Wood
NC97132,6.3,11.03,13.24,0.75,Palladio Color Wedgewood/Silver,Wood
NC97141,6.3,11.03,13.24,0.75,Palladio Color Espresso/Gold,Wood
NC97142,6.3,11.03,13.24,0.75,Palladio Color Graphite/Silver,Wood
NC97181,6.3,11.03,13.24,0.75,Palladio Color Evergreen/Gold,Wood
NC97191,6.3,11.03,13.24,0.75,Palladio Color Rosewood/Gold,Wood
NC97201,9.46,16.57,19.88,1.5,Palladio Color Ant Gold,Wood
NC97202,9.46,16.57,19.88,1.5,Palladio Color Ant Silver,Wood
NC97232,9.46,16.57,19.88,1.5,Palladio Color Wedgewood/Silver,Wood
NC97241,9.46,16.57,19.88,1.5,Palladio Color Espresso/Gold,Wood
NC97242,9.51,16.64,19.97,1.5,Palladio Color Graphite/Silver,Wood
NC97281,9.51,16.64,19.97,1.5,Palladio Color Evergreen/Gold,Wood
NC97301,14.84,25.97,31.16,2.75,Palladio Color Ant Gold,Wood
NC97302,14.84,25.97,31.16,2.75,Palladio Color Ant Silver,Wood
NC97341,14.84,25.97,31.16,2.75,Palladio Color Espresso/Gold,Wood
D6184,2.02,4.06,,1,"1"" Beveled White Linen Liner",Liner
D6185,2.35,4.5,,1.25,"1-1/4"" Beveled Whie Liner",Liner
D8622,1.91,3.78,,0.75,"3/4"" Beveled Black Liner",Liner
D8624,2.08,4.23,,1.25,"1-1/4"" Beveled Black Liner",Liner
D8630,3.07,6.05,,1.5,"1-1/2"" Wheat Scoop Linen Liner w/Gold",Liner
D8633,1.9,3.93,,1.5,"1"" White Scoop Linen Liner",Liner
D8635,3.07,6.05,,1.5,"1-1/2"" White Scoop Linen Liner",Liner
D8636,3.07,6.05,,1.5,"1-1/2"" Wheat Scoop Linen Liner",Liner
D8637,4.3,7.63,,2,"2"" White Scoop Linen Liner",Liner
D9639,4.52,8.07,,2.5,"2-1/2"" White Scoop Liner",Liner
D9640,4.64,8.1,,2.5,"2-1/2"" Black Scoop Liner",Liner
WSTRCR1,1.23,2.4,,0.5,"1-1/2"" x 3/4"" Stretcher Bar Combo",Wood
WSTRCR15,1.23,2.4,,0.75,"3/4"" x 1-1/2"" Stretcher Bar Combo",Wood
WSTRCR2,2.18,4.03,,2,"2"" x 1"" Stretcher Bar",Wood
WSTRCR3,2.72,4.9,,2,"2"" x 1-3/8"" Stretcher Bar",Wood
WSTRCR4,2.28,4.2,,2,"1-1/8"" x 2""",Wood
PR08,1.67,3.75,4.5,0.63,,Wood
PR017,15.42,26.21,31.46,2.25,,Wood
PR026,9.71,17,20.39,1.25,,Wood
PR027,5.18,9.06,10.88,1.38,,Wood
PR028,12.89,22.56,27.07,2.25,,Wood
PR029,10.12,17.71,21.25,1.5,,Wood
PR030,5.71,9.99,11.99,0.75,,Wood
PR30B,1.71,3.84,4.61,0.5,,Wood
PR033,12.89,22.56,27.07,2.88,,Wood
PR034,5.18,9.06,10.88,0.63,,Wood
PR035,4.12,7.63,9.16,0.88,,Wood
PR36,1.65,3.72,4.47,0.38,,Wood
PR037,1.71,4.27,5.13,0.63,,Wood
PR37,1.77,3.98,4.77,0.5,,Wood
PR41B,2.12,4.77,5.73,0.75,,Wood
PR44,2.71,5.41,6.49,0.75,,Wood
PR45,2.71,5,6.01,0.75,,Wood
PR070T,1.65,3.7,4.43,0.75,,Wood
PR081,4.88,8.55,10.25,1.75,,Wood
PR157,2.65,5.06,6.07,0.5,,Wood
PR158,3.12,5.87,7.05,1,,Wood
PR221,0.87,2.33,2.79,1.38,,Wood
PR291B,2.65,5.16,6.19,1,,Wood
PR291BL,2.88,5.61,6.73,1,,Wood
PR305,1.88,3.7,4.43,0.56,,Wood
PR306,2.12,4.25,5.09,0.75,,Wood
PR307,2.59,5.04,6.05,1,,Wood
PR394,2.41,4.81,5.76,0.63,,Wood
PR411,2.76,4.81,5.76,1.13,,Wood
PR412,3.41,6.31,7.58,1.5,,Wood
PR438,1.23,2.77,3.32,0.63,,Wood
PR452,1.41,3.17,3.81,0.5,,Wood
PR453,1.41,3.17,3.81,0.5,,Wood
PR462,3.18,6.19,7.44,0.75,,Wood
PR463,3.18,6,7.19,0.75,,Wood
PR464,3.18,6,7.19,0.75,,Wood
PR473,3.35,6.37,7.65,1.25,,Wood
PR488,2.2,4.94,5.93,0.5,,Wood
PR524,3.25,6.22,7.46,1,,Wood
PR525,3.69,6.22,7.46,1,,Wood
PR534,3.71,6.7,8.04,1.5,,Wood
PR544,2.95,5.75,6.91,1,,Wood
PR631,1.77,3.98,4.77,0.63,,Wood
PR635,5.3,9.28,11.14,1.25,,Wood
PR649,4.06,7.51,9.02,0.75,,Wood
PR650,4.06,7.51,9.02,0.75,,Wood
PR651,3.88,7.21,8.65,0.75,,Wood
PR657,5.36,9.37,11.24,1.25,,Wood
PR674,7.59,13.29,15.95,2.25,,Wood
PR675,7.59,13.29,15.95,2.25,,Wood
PR676,7.59,13.29,15.95,2.25,,Wood
PR751,8.89,15.55,18.67,2,,Wood
PR752,14.42,24.52,29.43,3.25,,Wood
PR753,4.3,7.52,9.03,0.75,,Wood
PR754,14.07,23.91,28.7,3,,Wood
PR795,1.74,3.91,4.69,1.13,,Wood
PR954,3.71,6.7,8.04,1.75,,Wood
PR1127,2.12,4.07,4.88,0.75,,Wood
PR1177,4.65,8.14,9.77,1,,Wood
PR1178,4.65,8.14,9.77,1,,Wood
PR1211,2.71,4.81,5.76,1,,Wood
PR1212,2.88,4.83,5.8,0.75,,Wood
PR1213BK,2.71,4.81,5.76,0.5,,Wood
PR1214,2.65,4.91,5.88,1,,Wood
PR1218,2.48,4.58,5.49,0.5,,Wood
PR1219,3.12,5.47,6.56,0.75,,Wood
PR1220,2.12,3.93,4.71,0.88,,Wood
PR1221,3.65,6.39,7.67,1.63,,Wood
PR1223,2.18,3.76,4.51,0.75,,Wood
PR1224,3.35,5.87,7.05,0.88,,Wood
PR1225,3.35,5.87,7.05,0.88,,Wood
PR1226,3,5.56,6.67,0.88,,Wood
PR1228,3.65,6.39,7.67,1.5,,Wood
PR1231,3.59,6.28,7.54,1.13,,Wood
PR1232,3.59,6.28,7.54,1.13,,Wood
PR1241,1.71,3.89,4.68,0.5,,Wood
PR1242,1.71,3.89,4.68,0.5,,Wood
PR1243,1.71,3.89,4.68,0.5,,Wood
PR1303,1.95,3.76,4.51,0.5,,Wood
PR1304,1.95,3.76,4.51,0.5,,Wood
PR1315,2.76,5.1,6.13,0.63,,Wood
PR1316,2.76,5.1,6.13,0.63,,Wood
PR1318,3.35,5.87,7.05,0.5,,Wood
PR1319,3.35,5.87,7.05,0.5,,Wood
PR1320,2,4.03,4.83,0.5,,Wood
PR1321,2,4.03,4.83,0.5,,Wood
PR1341,2.24,5.05,6.06,0.75,,Wood
PR1342,2.24,5.05,6.06,0.75,,Wood
PR1343,2.24,5.05,6.06,0.75,,Wood
PR1361,4.36,7.62,9.15,1.38,,Wood
PR1362,4.36,7.62,9.15,1.38,,Wood
PR1364,4.36,7.62,9.15,1.38,,Wood
PR1376,2.76,5.41,6.49,2.5,,Wood
PR1414,3.41,5.97,7.17,1,,Wood
PR1415,4,7.01,8.4,1,,Wood
PR1416,4,7.01,8.4,1,,Wood
PR1418,3.94,7.01,8.4,0.75,,Wood
PR1419,3.94,7.01,8.4,0.75,,Wood
PR1420,2.53,4.7,5.63,0.75,,Wood
PR1421,2.53,4.7,5.63,0.75,,Wood
PR1431,5.71,9.99,11.99,1.75,,Wood
PR1432,5.71,9.99,11.99,1.75,,Wood
PR1433,5.71,9.99,11.99,1.75,,Wood
PR1434,5.71,9.99,11.99,1.75,,Wood
PR1442,2.18,4.79,5.74,1.13,,Wood
PR1452,3.65,6.59,7.91,1.13,,Wood
PR1453,4.65,8.14,9.77,1.5,,Wood
PR1461,5.36,9.37,11.24,2.13,,Wood
PR1462,5.36,9.37,11.24,2.13,,Wood
PR1463,5.36,9.37,11.24,2.13,,Wood
PR1464,5.36,9.37,11.24,2.13,,Wood
PR1471,2.54,4.95,5.94,1,,Wood
PR1472,2.54,4.95,5.94,1,,Wood
PR1473,2.54,4.95,5.94,1,,Wood
PR1481,3.41,6.14,7.37,1.5,,Wood
PR1482,3.41,6.14,7.37,1.5,,Wood
PR1483,3.41,6.14,7.37,1.5,,Wood
PR1514,3.41,6.31,7.58,1,,Wood
PR1540,2.59,4.94,5.93,0.63,,Wood
PR1541,2.83,5.42,6.51,0.75,,Wood
PR1542,3.88,7.18,8.62,1.25,,Wood
PR1543,4.76,8.34,10.01,1.5,,Wood
PR1560,2.53,4.26,5.1,0.63,,Wood
PR1561,2.83,5.42,6.51,0.75,,Wood
PR1562,3.59,6.63,7.96,1.13,,Wood
PR1563,4.59,8.03,9.64,1.5,,Wood
PR1571,2.88,5.54,6.66,0.75,,Wood
PR1572,4.65,8.23,9.88,1.25,,Wood
PR1581,3.94,7.21,8.65,1.38,,Wood
PR1590,2.59,4.94,5.93,0.63,,Wood
PR1591,2.83,5.42,6.51,0.75,,Wood
PR1592,3.88,6.96,8.36,1.13,,Wood
PR1593,4.76,8.34,10.01,1.5,,Wood
PR1631,4.83,8.45,10.14,1.25,,Wood
PR1632,4.83,8.45,10.14,1.25,,Wood
PR1633,4.83,8.45,10.14,1.25,,Wood
PR1634,4.83,8.45,10.14,1.25,,Wood
PR1635,5.59,9.78,11.74,1.13,,Wood
PR1636,5.59,9.78,11.74,1.13,,Wood
PR1637,5.59,9.78,11.74,1.13,,Wood
PR1638,5.59,9.78,11.74,1.13,,Wood
PR1639S,4.41,7.79,9.35,1,,Wood
PR1651,2.43,5.06,6.07,1.5,,Wood
PR1668,5.53,9.68,11.62,2,,Wood
PR1669,5.53,9.68,11.62,2,,Wood
PR1671,6.48,11.34,13.61,1.75,,Wood
PR1672,6.48,11.34,13.61,1.75,,Wood
PR1734,1.65,3.55,4.27,1.25,,Wood
PR1735,2.35,4.68,5.61,2,,Wood
PR1736,2.59,4.83,5.8,2,,Wood
PR1738,4.11,7.61,9.13,2.5,,Wood
PR1751,3.47,7.14,8.57,2,,Wood
PR1752,3.47,7.14,8.57,2,,Wood
PR1851,3.23,6.58,7.9,1.25,,Wood
PR1859,3.53,6.18,7.41,1,,Wood
PR1860,3.53,6.18,7.41,1,,Wood
PR1864,4.76,8.34,10.01,1.5,,Wood
PR1865,4.76,8.34,10.01,1.5,,Wood
PR1866,4.76,8.34,10.01,1.5,,Wood
PR1872,4.24,7.83,9.39,1,,Wood
PR1883,3.12,5.78,6.93,0.88,,Wood
PR1885,3.12,5.78,6.93,0.88,,Wood
PR1887,3.12,5.78,6.93,0.88,,Wood
PR1931,2.76,4.83,5.8,0.75,,Wood
PR1932,2.76,4.83,5.8,0.75,,Wood
PR1933,2.76,4.83,5.8,0.75,,Wood
PR1941,4.83,8.45,10.14,1.38,,Wood
PR1942,4.83,8.45,10.14,1.38,,Wood
PR1943,4.83,8.45,10.14,1.38,,Wood
PR1951,4.85,8.49,10.19,2,,Wood
PR1961,4.3,7.52,9.03,1.5,,Wood
PR1962,4.3,7.52,9.03,1.5,,Wood
PR1963,4.3,7.52,9.03,1.5,,Wood
PR2001,3.59,6.58,7.9,0.75,,Wood
PR2002,3.59,6.58,7.9,0.75,,Wood
PR2013,3.35,5.95,7.14,0.75,,Wood
PR2016,3.35,5.95,7.14,0.75,,Wood
PR2113,4.3,7.52,9.03,1.13,,Wood
PR2114,4.3,7.52,9.03,1.13,,Wood
PR2115,4.3,7.52,9.03,1.13,,Wood
PR2116,4.3,7.52,9.03,1.13,,Wood
PR2121,3.3,6.11,7.33,1.13,,Wood
PR2122,3.3,6.11,7.33,1.13,,Wood
PR2123,3.06,5.65,6.79,1.13,,Wood
PR2128,2.95,5.46,6.55,1.75,,Wood
PR2221,5.18,9.06,10.88,2,,Wood
PR2222,5.18,9.06,10.88,2,,Wood
PR2223,4.94,8.65,10.37,2,,Wood
PR2241,6.48,11.34,13.61,1.63,,Wood
PR2242,6.48,11.34,13.61,1.63,,Wood
PR2243,6.48,11.34,13.61,1.63,,Wood
PR2244,6.48,11.34,13.61,1.63,,Wood
PR2329,6.06,11.36,13.64,3.63,,Wood
PR2341,9.77,16.61,19.93,2.38,,Wood
PR2342,9.77,16.61,19.93,2.38,,Wood
PR2343,9.77,16.61,19.93,2.38,,Wood
PR2344,9.77,16.61,19.93,2.38,,Wood
PR2371,5.59,9.78,11.74,0.75,,Wood
PR2372,5.59,9.78,11.74,0.75,,Wood
PR2373,5.59,9.78,11.74,0.75,,Wood
PR2374,5.59,9.78,11.74,0.75,,Wood
PR2375,5.59,9.78,11.74,0.75,,Wood
PR2376,5.59,9.78,11.74,0.75,,Wood
PR2421,5.3,9.28,11.14,0.75,,Wood
PR2422,5.3,9.28,11.14,0.75,,Wood
PR2441,6.77,11.84,14.2,1.13,,Wood
PR2442,6.77,11.84,14.2,1.13,,Wood
PR2443,6.77,11.84,14.2,1.13,,Wood
PR2444,6.77,11.84,14.2,1.13,,Wood
PR2471,3.41,6.31,7.58,0.88,,Wood
PR2472,3.41,6.31,7.58,0.88,,Wood
PR2473,3.41,6.31,7.58,0.88,,Wood
PR2492,4.65,8.14,9.77,2.5,,Wood
PR2521,7.36,12.88,15.46,1.5,,Wood
PR2541,3.59,6.5,7.8,0.75,,Wood
PR2542,3.59,6.5,7.8,0.75,,Wood
PR2543,3.59,6.5,7.8,0.75,,Wood
PR2551,2.77,5.64,6.78,1.75,,Wood
PR2571,5.53,9.68,11.62,1.75,,Wood
PR2572,5.53,9.68,11.62,1.75,,Wood
PR2573,5.53,9.68,11.62,1.75,,Wood
PR2621,13.83,23.51,28.2,3,,Wood
PR2622,13.83,23.51,28.2,3,,Wood
PR2641,6.24,10.91,13.09,1.63,,Wood
PR2642,6.24,10.91,13.09,1.63,,Wood
PR2643,6.24,10.91,13.09,1.63,,Wood
PR2741,5.3,9.28,11.14,0.88,,Wood
PR2742,5.3,9.28,11.14,0.88,,Wood
PR2743,5.3,9.28,11.14,0.88,,Wood
PR2762,1.81,3.47,4.16,0.5,,Wood
PR2763,2.12,3.98,4.77,0.75,,Wood
PR2764,2.76,5.52,6.62,1.13,,Wood
PR2765,3.41,6.19,7.44,1.5,,Wood
PR2851,1.53,3.43,4.11,0.5,,Wood
PR2852,1.53,3.43,4.11,0.5,,Wood
PR2853,1.53,3.43,4.11,0.5,,Wood
PR2854,1.53,3.43,4.11,0.5,,Wood
PR2934B,2.12,4.25,5.09,0.75,,Wood
PR2934BL,2.3,4.49,5.39,0.75,,Wood
PR3001,4.3,7.52,9.03,1.13,,Wood
PR3002,4.3,7.52,9.03,1.13,,Wood
PR3003,3.48,6.44,7.72,1.13,,Wood
PR3341,5.36,9.37,11.24,1,,Wood
PR3342,5.36,9.37,11.24,1,,Wood
PR3343,5.36,9.37,11.24,1,,Wood
PR3444,6.06,10.6,12.73,3.75,,Wood
PR3541,7.83,13.9,16.69,1.75,,Wood
PR3542,7.83,13.9,16.69,1.75,,Wood
PR3543,7.83,13.9,16.69,1.75,,Wood
PR3574,3.41,6.31,7.58,0.88,,Wood
PR3575,3.41,6.31,7.58,0.88,,Wood
PR3576,3.41,6.31,7.58,0.88,,Wood
PR3577,3.41,6.31,7.58,0.88,,Wood
PR3631,4.3,7.52,9.03,0.75,,Wood
PR3632,4.3,7.52,9.03,0.75,,Wood
PR3731,5.76,10.09,12.1,1,,Wood
PR3732,5.76,10.09,12.1,1,,Wood
PR3816,4.24,7.41,8.9,1.38,,Wood
PR3821,1.85,4.16,4.99,1.13,,Wood
PR3831,7.54,13.19,15.83,1.75,,Wood
PR3832,7.54,13.19,15.83,1.75,,Wood
PR3952,3.94,7.08,8.5,2,,Wood
PR4001,4.59,8.23,9.88,1.25,,Wood
PR4002,4.59,8.23,9.88,1.25,,Wood
PR4022,2.83,5.18,6.22,1.5,,Wood
PR4121,3.18,6.46,7.74,1.13,,Wood
PR4131,3.71,6.55,7.85,0.88,,Wood
PR4132,3.71,6.55,7.85,0.88,,Wood
PR4133,3.71,6.55,7.85,0.88,,Wood
PR4145,4.3,7.52,9.03,0.75,,Wood
PR4151,3.76,6.59,7.91,0.75,,Wood
PR4152,3.76,6.59,7.91,0.75,,Wood
PR4153,3.76,6.59,7.91,0.75,,Wood
PR4154,3.76,6.59,7.91,0.75,,Wood
PR4155,3.76,6.59,7.91,0.75,,Wood
PR4171,4.94,8.65,10.37,0.75,,Wood
PR4172,4.94,8.65,10.37,0.75,,Wood
PR4173,4.94,8.65,10.37,0.75,,Wood
PR4174,4.94,8.65,10.37,0.75,,Wood
PR4191,5.83,10.21,12.25,0.75,,Wood
PR4192,5.83,10.21,12.25,0.75,,Wood
PR4221,4.57,7.99,9.58,2,,Wood
PR4231,6.41,11.22,13.46,1.75,,Wood
PR4232,6.41,11.22,13.46,1.75,,Wood
PR4233,6.41,11.22,13.46,0.75,,Wood
PR4245,4.3,7.63,9.16,0.75,,Wood
PR4301,2.95,5.9,7.07,1.25,,Wood
PR4302,2.95,5.9,7.07,1.25,,Wood
PR4322,8.83,15.46,18.55,3.25,,Wood
PR4331,10.07,17.12,20.54,2.75,,Wood
PR4332,10.07,17.12,20.54,2.75,,Wood
PR4333,10.07,17.12,20.54,2.75,,Wood
PR4401,4,6.96,8.36,2,,Wood
PR4402,4,6.96,8.36,2,,Wood
PR4441,7.01,12.27,14.72,1.75,,Wood
PR4442,7.01,12.27,14.72,1.75,,Wood
PR4443,7.01,12.27,14.72,1.75,,Wood
PR4445,5.3,9.28,11.14,0.75,,Wood
PR4446,2.54,5.09,6.12,0.5,,Wood
PR4447,2.54,5.09,6.12,0.5,,Wood
PR4448,2.54,5.09,6.12,0.5,,Wood
PR4452,6.12,10.7,12.85,1.75,,Wood
PR4453,6.12,10.7,12.85,1.75,,Wood
PR4545,5.3,9.28,11.14,0.75,,Wood
PR4546,3.87,7.16,8.59,0.75,,Wood
PR4547,3.87,7.16,8.59,0.75,,Wood
PR4548,3.87,7.16,8.59,0.75,,Wood
PR4621,4.18,7.32,8.78,1.25,,Wood
PR4622,4.18,7.32,8.78,1.25,,Wood
PR4623,4,7.01,8.4,1.25,,Wood
PR4652,4.12,7.22,8.66,1.25,,Wood
PR4653,4.12,7.22,8.66,1.25,,Wood
PR4721,6.53,11.44,13.73,2,,Wood
PR4722,6.53,11.44,13.73,2,,Wood
PR4731,3.48,6.6,7.92,0.88,,Wood
PR4732,3.48,6.6,7.92,0.88,,Wood
PR4733,3.48,6.6,7.92,0.88,,Wood
PR4741,3.06,6.22,7.46,2,,Wood
PR4745,3.06,6.22,7.46,2,,Wood
PR4752,4.59,8.03,9.64,1.75,,Wood
PR4753,4.59,8.03,9.64,1.75,,Wood
PR4821,10.89,18.51,22.22,3.25,,Wood
PR4822,10.89,18.51,22.22,3.25,,Wood
PR4823,9.94,16.91,20.28,3.25,,Wood
PR4831,4.41,7.72,9.26,1.5,,Wood
PR4832,4.41,7.72,9.26,1.5,,Wood
PR4833,4.41,7.72,9.26,1.5,,Wood
PR4852,7.06,12.36,14.84,2.63,,Wood
PR4853,7.06,12.36,14.84,2.63,,Wood
PR4908,1.83,3.98,4.77,0.62,,Wood
PR4909,1.83,3.98,4.77,0.62,,Wood
PR4912,2.23,4.28,5.14,0.75,,Wood
PR4913,2.23,4.28,5.14,0.75,,Wood
PR4915,2,3.89,4.68,0.88,,Wood
PR4916,2,3.89,4.68,0.75,,Wood
PR4917,2,3.89,4.68,0.75,,Wood
PR4918,3.12,5.78,6.93,0.75,,Wood
PR4920,3.12,5.78,6.93,0.75,,Wood
PR4921,3.41,6.75,8.11,1.88,,Wood
PR4925,2.71,5.14,6.16,0.63,,Wood
PR4926,2.71,5.14,6.16,0.63,,Wood
PR4928,3.76,6.77,8.12,1.25,,Wood
PR4930,2.76,5.38,6.46,1.25,,Wood
PR4935,3.88,6.99,8.38,1,,Wood
PR4937,3.88,6.99,8.38,1,,Wood
PR5106,1.62,3.98,4.77,1.25,,Wood
PR5171,5.18,9.06,10.88,1.63,,Wood
PR5172,5.18,9.06,10.88,1.63,,Wood
PR5173,5.18,9.06,10.88,1.63,,Wood
PR5252,3.12,6.09,7.32,1.38,,Wood
PR5253,3.12,6.09,7.32,1.38,,Wood
PR5271,8.06,14.11,16.94,2.63,,Wood
PR5272,8.06,14.11,16.94,2.63,,Wood
PR5273,8.06,14.11,16.94,2.63,,Wood
PR5321,5,8.76,10.51,1.5,,Wood
PR5411,8.42,14.73,17.68,2.75,,Wood
PR5412,8.42,14.73,17.68,2.75,,Wood
PR5413,8.42,14.73,17.68,2.75,,Wood
PR5421,6.77,11.84,14.2,2.25,,Wood
PR5434,8.42,14.73,17.68,1.75,,Wood
PR5435,8.42,14.73,17.68,1.75,,Wood
PR5436,8.42,14.73,17.68,1.75,,Wood
PR5437,8.42,14.73,17.68,1.75,,Wood
PR5452,4.71,8.24,9.89,2.25,,Wood
PR5453,4.71,8.24,9.89,2.25,,Wood
PR5541,3,5.71,6.85,1.13,,Wood
PR5542,3,5.71,6.85,1.13,,Wood
PR5543,3,5.71,6.85,1.13,,Wood
PR5614,2.25,4.71,5.65,1,,Wood
PR5621,3.94,7.1,8.51,1.5,,Wood
PR5641,4.36,7.62,9.15,2.13,,Wood
PR5642,4.36,7.62,9.15,2.13,,Wood
PR5643,4.36,7.62,9.15,2.13,,Wood
PR5751,10.42,18.23,21.87,2.25,,Wood
PR5753,10.42,18.23,21.87,2.25,,Wood
PR5812,5.49,10.27,12.33,2.38,,Wood
PR5813,5.49,10.27,12.33,2.38,,Wood
PR5814,5.49,10.27,12.33,2.38,,Wood
PR5829,3.76,6.96,8.36,1.25,,Wood
PR5851,3.12,5.78,6.93,1.25,,Wood
PR5852,3.12,5.78,6.93,1.25,,Wood
PR5853,3.12,5.78,6.93,1.25,,Wood
PR5911,7.36,12.88,15.46,1.13,,Wood
PR5912,7.36,12.88,15.46,1.13,,Wood
PR5913,7.36,12.88,15.46,1.13,,Wood
PR5914,7.36,12.88,15.46,1.13,,Wood
PR5915,7.36,12.88,15.46,1.13,,Wood
PR5916,7.36,12.88,15.46,1.13,,Wood
PR5951,4.88,8.55,10.25,2.25,,Wood
PR5952,4.88,8.55,10.25,2.25,,Wood
PR5953,4.88,8.55,10.25,2.25,,Wood
PR6001,8.77,15.35,18.41,2.25,,Wood
PR6002,8.77,15.35,18.41,2.25,,Wood
PR6141,3.65,6.75,8.11,0.75,,Wood
PR6142,3.65,6.75,8.11,0.75,,Wood
PR6143,3.65,6.75,8.11,0.75,,Wood
PR6241,5.48,9.59,11.51,1,,Wood
PR6242,5.48,9.59,11.51,1,,Wood
PR6243,5.48,9.59,11.51,1,,Wood
PR6381,3.53,6.53,7.84,0.75,,Wood
PR6382,3.53,6.53,7.84,0.75,,Wood
PR6383,3.53,6.53,7.84,0.75,,Wood
PR6384,3.53,6.53,7.84,0.75,,Wood
PR6451,6.18,10.82,12.99,1.63,,Wood
PR6452,6.18,10.82,12.99,1.63,,Wood
PR6453,6.18,10.82,12.99,1.63,,Wood
PR6471,7.01,12.27,14.72,1.13,,Wood
PR6511,4.12,7.63,9.16,1.38,,Wood
PR6515,4.12,7.63,9.16,1.38,,Wood
PR6516,4.12,7.63,9.16,1.38,,Wood
PR6517,4.12,7.63,9.16,1.38,,Wood
PR6518,4.12,7.63,9.16,1.38,,Wood
PR6531,7.54,13.19,15.83,1.5,,Wood
PR6532,7.54,13.19,15.83,1.5,,Wood
PR6551,9.59,16.79,20.14,2.75,,Wood
PR6552,9.59,16.79,20.14,2.75,,Wood
PR6553,9.59,16.79,20.14,2.75,,Wood
PR6631,13.12,22.31,26.77,2.5,,Wood
PR6632,13.12,22.31,26.77,2.5,,Wood
PR6721,3.17,5.64,6.78,1.75,,Wood
PR6722,3.17,5.64,6.78,1.75,,Wood
PR6751,5.18,9.06,10.88,0.75,,Wood
PR6751CG,5.18,9.06,10.88,0.75,,Wood
PR6752,5.18,9.06,10.88,0.75,,Wood
PR6752CG,5.18,9.06,10.88,0.75,,Wood
PR6773,3.39,5.93,2.71,1.38,,Wood
PR6774,3.39,5.93,2.71,1.38,,Wood
PR6775,3.39,5.93,2.71,1.38,,Wood
PR6776,3.39,5.93,2.71,1.38,,Wood
PR6777,3.39,5.93,2.71,1.38,,Wood
PR6842,5.12,8.95,10.75,1,,Wood
PR6941,7.36,12.88,15.46,1.5,,Wood
PR6942,7.36,12.88,15.46,1.5,,Wood
PR6943,7.36,12.88,15.46,1.5,,Wood
PR6951,11.36,19.32,23.18,2.63,,Wood
PR7111,3.48,6.44,7.72,0.75,,Wood
PR7112,3.48,6.44,7.72,0.75,,Wood
PR7113,3.48,6.44,7.72,0.75,,Wood
PR7114,3.48,6.44,7.72,0.75,,Wood
PR7115,3.48,6.44,7.72,0.75,,Wood
PR7116,3.48,6.44,7.72,0.75,,Wood
PR7117,3.48,6.44,7.72,0.75,,Wood
PR7118,3.48,6.44,7.72,0.75,,Wood
PR7132,4.3,7.52,9.03,0.88,,Wood
PR7133,4.3,7.52,9.03,0.88,,Wood
PR7134,4.3,7.52,9.03,0.88,,Wood
PR7135,4.3,7.52,9.03,0.88,,Wood
PR7152,2.83,5.23,6.27,0.63,,Wood
PR7153,2.83,5.23,6.27,0.63,,Wood
PR7154,2.83,5.23,6.27,0.63,,Wood
PR7211,4,7.21,8.65,1,,Wood
PR7212,4,7.21,8.65,1,,Wood
PR7213,4,7.21,8.65,1,,Wood
PR7214,4,7.21,8.65,1,,Wood
PR7215,4,7.21,8.65,1,,Wood
PR7216,4,7.21,8.65,1,,Wood
PR7217,4,7.21,8.65,1,,Wood
PR7218,4,7.21,8.65,1,,Wood
PR7232,7.18,12.57,15.09,1.5,,Wood
PR7233,7.18,12.57,15.09,1.5,,Wood
PR7234,7.18,12.57,15.09,1.5,,Wood
PR7235,7.18,12.57,15.09,1.5,,Wood
PR7252,3.41,6.31,7.58,1.13,,Wood
PR7253,3.41,6.31,7.58,1.13,,Wood
PR7254,3.41,6.31,7.58,1.13,,Wood
PR7331,2.54,4.95,5.94,0.75,,Wood
PR7332,2.54,4.95,5.94,0.75,,Wood
PR7333,2.54,4.95,5.94,0.75,,Wood
PR7334,2.54,4.95,5.94,0.75,,Wood
PR7352,4.48,7.83,9.39,1.75,,Wood
PR7353,4.48,7.83,9.39,1.76,,Wood
PR7354,4.48,7.83,9.39,1.75,,Wood
PR7412,6.77,11.84,14.2,1,,Wood
PR7413,6.77,11.84,14.2,1,,Wood
PR7452,6.77,11.84,14.2,2.5,,Wood
PR7453,6.77,11.84,14.2,2.5,,Wood
PR7454,6.77,11.84,14.2,2.5,,Wood
PR7493,4.41,7.72,9.26,1,,Wood
PR7512,6.41,11.22,13.46,1.75,,Wood
PR7513,6.41,11.22,13.46,1.75,,Wood
PR7551,7.66,13.4,16.08,1.5,,Wood
PR7552,7.66,13.4,16.08,1.5,,Wood
PR7553,7.66,13.4,16.08,1.5,,Wood
PR7593,6.18,10.82,12.99,2,,Wood
PR7594,6.18,10.82,12.99,2,,Wood
PR7612,10.01,17.02,20.42,3.25,,Wood
PR7631,2.97,5.85,7.02,1.25,,Wood
PR7632,2.97,5.85,7.02,1.25,,Wood
PR7633,2.97,5.85,7.02,1.25,,Wood
PR7634,2.97,5.85,7.02,1.25,,Wood
PR7652,14.07,23.91,28.7,2.63,,Wood
PR7691,5.67,9.54,11.44,3.25,,Wood
PR7693,5.67,9.54,11.44,3.25,,Wood
PR7694,5.67,9.54,11.44,3.25,,Wood
PR7713,1.41,3.17,3.81,0.38,,Wood
PR7714,1.41,3.17,3.81,0.38,,Wood
PR7715,1.35,3.04,3.64,0.38,,Wood
PR7719,1.35,3.04,3.64,0.38,,Wood
PR7741,5.88,10.3,12.35,1.13,,Wood
PR7742,5.88,10.3,12.35,1.13,,Wood
PR7743,5.88,10.3,12.35,1.13,,Wood
PR7744,5.88,10.3,12.35,1.13,,Wood
PR7801,2.35,4.54,5.46,0.63,,Wood
PR7802,2.35,4.54,5.46,0.63,,Wood
PR7818,0.83,2.46,2.96,0.63,,Wood
PR7822,0.83,2.46,2.96,0.63,,Wood
PR7823,1.12,2.63,3.16,0.5,,Wood
PR7824,1.12,2.63,3.16,0.5,,Wood
PR7826,1.33,2.99,3.59,0.38,,Wood
PR7841,8.59,15.04,18.04,1.75,,Wood
PR7842,8.59,15.04,18.04,1.75,,Wood
PR7843,8.59,15.04,18.04,1.75,,Wood
PR7844,8.59,15.04,18.04,1.75,,Wood
PR7901,3.41,6.31,7.58,1,,Wood
PR7902,3.41,6.31,7.58,1,,Wood
PR7911,5.3,9.28,11.14,1.13,,Wood
PR7912,5.3,9.28,11.14,1.13,,Wood
PR7913,5.3,9.28,11.14,1.13,,Wood
PR7914,5.3,9.28,11.14,1.13,,Wood
PR7915,5.3,9.28,11.14,1.13,,Wood
PR7916,5.3,9.28,11.14,1.13,,Wood
PR7917,5.3,9.28,11.14,1.13,,Wood
PR7943,5.76,10.09,12.1,0.75,,Wood
PR7944,5.76,10.09,12.1,0.75,,Wood
PR7951,3.88,6.8,8.16,1.75,,Wood
PR7952,3.88,6.8,8.16,1.75,,Wood
PR7953,3.88,6.8,8.16,1.75,,Wood
PR7954,3.88,6.8,8.16,1.75,,Wood
PR8205,2.95,5.75,6.91,1.13,,Wood
PR8206,2.95,5.75,6.91,1.13,,Wood
PR8213,3.23,6.3,7.57,0.75,,Wood
PR8214,3.23,6.3,7.57,0.75,,Wood
PR8215,3.23,6.3,7.57,0.75,,Wood
PR8216,3.23,6.3,7.57,0.75,,Wood
PR8217,3.23,6.3,7.57,0.75,,Wood
PR8225,4.79,8.13,9.76,1.75,,Wood
PR8305,4.3,7.52,9.03,1.63,,Wood
PR8306,4.3,7.52,9.03,1.63,,Wood
PR8307,4.83,8.45,10.14,1.75,,Wood
PR8308,4.83,8.45,10.14,1.75,,Wood
PR8309,4.83,8.45,10.14,1.75,,Wood
PR8323,3.06,5.96,7.15,1,,Wood
PR8407,5.06,8.86,10.63,1.13,,Wood
PR8408,5.06,8.86,10.63,1.13,,Wood
PR8409,5.06,8.86,10.63,1.13,,Wood
PR8411,4.3,7.52,9.03,1.25,,Wood
PR8501,3.18,6.19,7.44,0.88,,Wood
PR8502,3.18,6.19,7.44,0.88,,Wood
PR8512,6.18,10.82,12.99,2.25,,Wood
PR8513,6.18,10.82,12.99,2.25,,Wood
PR8514,6.18,10.82,12.99,2.25,,Wood
PR8521,3.12,6.09,7.32,1.75,,Wood
PR8522,3.12,6.09,7.32,1.75,,Wood
PR8601,6.01,10.52,12.62,1.38,,Wood
PR8602,6.01,10.52,12.62,1.38,,Wood
PR8621,4.18,7.52,9.03,2.5,,Wood
PR8622,4.18,7.52,9.03,2.5,,Wood
PR8714,1.47,3.31,3.97,0.5,,Wood
PR8721,6.59,11.53,13.84,3.63,,Wood
PR8722,6.59,11.53,13.84,3.63,,Wood
PR8831,5.3,9.28,11.14,1.63,,Wood
PR8832,5.3,9.28,11.14,1.63,,Wood
PR8833,5.3,9.28,11.14,1.63,,Wood
PR8834,5.3,9.28,11.14,1.63,,Wood
PR8915,4.21,7.8,9.36,1.75,,Wood
PR9170,5.06,8.86,10.63,1,,Wood
PR9171,5.06,8.86,10.63,1,,Wood
PR9172,5.06,8.86,10.63,1,,Wood
PR9211,3.06,6.22,7.46,0.75,,Wood
PR9212,3.06,6.22,7.46,0.75,,Wood
PR9222,3.48,6.58,7.9,1,,Wood
PR9313,4.8,8.39,10.08,1.5,,Wood
PR9372,6.29,10.92,13.11,1.63,,Wood
PR9415,2.95,5.6,6.72,1,,Wood
PR9416,2.95,5.6,6.72,1,,Wood
PR9417,2.95,5.6,6.72,1,,Wood
PR9421,7.01,12.27,14.72,2.38,,Wood
PR9422,6.06,10.6,12.73,2.38,,Wood
PR9423,7.01,12.27,14.72,2.38,,Wood
PR9431,7.36,12.88,15.46,1.38,,Wood
PR9432,7.36,12.88,15.46,1.38,,Wood
PR9433,7.36,12.88,15.46,1.38,,Wood
PR9441,6.83,11.96,14.34,1.38,,Wood
PR9461,4.41,7.72,9.26,0.75,,Wood
PR9471,6.18,10.82,12.99,1,,Wood
PR9481,8.36,14.63,17.56,2.13,,Wood
PR9501,3.88,6.99,8.38,0.75,,Wood
PR9502,3.88,6.99,8.38,0.75,,Wood
PR9511,0.98,2.08,2.5,0.25,,Wood
PR9513,0.98,2.08,2.5,0.25,,Wood
PR9514,4.65,8.14,9.77,1.75,,Wood
PR9515,4.65,8.14,9.77,1.75,,Wood
PR9516,4.65,8.14,9.77,1.75,,Wood
PR9531,10.89,18.51,22.22,2.5,,Wood
PR9532,10.89,18.51,22.22,2.5,,Wood
PR9533,10.89,18.51,22.22,2.5,,Wood
PR9570,8.83,15.46,18.55,2.75,,Wood
PR9572,8.83,15.46,18.55,2.75,,Wood
PR9601,4,7.21,8.65,1.13,,Wood
PR9602,4,7.21,8.65,1.13,,Wood
PR9613,2.76,5.24,6.28,0.63,,Wood
PR9614,2.76,5.24,6.28,0.63,,Wood
PR9615,2.76,5.24,6.28,0.63,,Wood
PR9616,2.76,5.24,6.28,0.63,,Wood
PR9617,2.76,5.24,6.28,0.63,,Wood
PR9712,5.15,7.9,9.48,1.25,,Wood
PR9727,5.15,9.01,10.81,2.5,,Wood
PR9993,2.89,5.36,6.42,1.63,,Wood
PR15534,2.95,5.67,6.8,0.75,,Wood
PR45300,4,7.08,8.5,1.25,,Wood
PR50300,4.51,8.12,9.75,2,,Wood
PR155112,4.65,8.23,9.88,1.5,,Wood
PR155118,3.76,6.74,8.1,1.13,,Wood