item,description,cost,Chop,join,WIDTH,rabbet,group
100,GOLD ROUND FILLET,2.05,4.20,5.79, 3/8 , 1/4 ,Fillet
110,SILVER ROUND FILLET,2.05,4.20,5.79, 3/8 , 1/4 ,Fillet
130,SHINY BLACK ROUND FILLET,2.04,4.18,5.77, 3/8 , 1/4 ,Fillet
170,MATT BLACK ,2.00,4.11,5.69, 3/8 , 1/4 ,Fillet
200,GOLD FILLET,2.05,4.20,5.79, 3/8 , 1/8 ,Fillet
210,SILVER FILLET,2.05,4.20,5.79, 3/8 , 1/8 ,Fillet
270,MATT BLACK ,2.04,4.18,5.77, 3/8 , 1/8 ,Fillet
365,CRUSHED GOLD SCOOP FILLET,2.12,4.32,5.93, 3/8 , 1/8 ,Fillet
368,CRUSHED GOLD ROUND FILLET,2.12,4.32,5.93, 3/8 , 1/4 ,Fillet
712,MATT BLACK,1.52,3.20,4.58, 1/2 , 5/8 ,Wood
714,MATT BLACK,2.06,4.22,5.81, 3/4 , 7/8 ,Wood
715,MATT BLACK,2.00,4.11,5.69, 3/4 ,13/16,Wood
716,MATT BLACK,2.01,4.13,5.71,1, 5/8 ,Wood
717,MATT BLACK,3.38,6.41,8.31,1,1  3/8 ,Wood
718,MATT BLACK,3.02,5.85,7.65,1  3/8 , 7/8 ,Wood
1420,B&B SABLE BROWN ,9.77,15.05,17.93,3,1  7/16,Wood
1520,B&B SABLE BROWN ,7.43,11.74,14.31,2  1/8 ,1  7/16,Wood
1620,B&B SABLE BROWN,5.02,8.59,10.85,1  7/16,1  7/16,Wood
1720,B&B SABLE BROWN ,3.66,6.83,8.81, 7/8 ,1  3/8 ,Wood
1820,B&B SABLE BROWN ,3.59,6.72,8.69,1  3/16, 7/8 ,Wood
2511,LIGHT SILVER GRAY ,3.79,7.01,9.04,1  1/4 , 7/8 ,Wood
2512,DARK SILVER GRAY,3.79,7.01,9.04,1  1/4 , 7/8 ,Wood
2611,LIGHT SILVER GRAY ,6.16,9.90,12.30,2,1  1/8 ,Wood
2612,DARK SILVER GRAY ,6.16,9.90,12.30,2,1  1/8 ,Wood
3020,MADERA COFFEE BROWN ,2.44,4.89,6.56, 3/4 , 3/4 ,Wood
3024,MADERA HONEY PECAN ,2.44,4.89,6.56, 3/4 , 3/4 ,Wood
3028,MADERA WALNUT ,2.44,4.89,6.56, 3/4 , 3/4 ,Wood
3029,MADERA NATURAL CLEAR ,2.44,4.89,6.56, 3/4 , 3/4 ,Wood
3059,MADERA BLACK ,2.44,4.89,6.56, 3/4 , 3/4 ,Wood
3120,MADERA COFFEE BROWN ,6.28,10.07,12.49,1,2  1/8 ,Wood
3124,MADERA HONEY PECAN ,6.28,10.07,12.49,1,2  1/8 ,Wood
3125,MADERA CHERRY ,6.28,10.07,12.49,1,2  1/8 ,Wood
3128,MADERA WALNUT ,6.28,10.07,12.49,1,2  1/8 ,Wood
3129,MADERA NATURAL CLEAR ,6.28,10.07,12.49,1,2  1/8 ,Wood
3145,MADERA GRAY ,6.28,10.07,12.49,1,2  1/8 ,Wood
3225,MADERA CHERRY ,4.14,7.50,9.61,1  5/8 , 7/8 ,Wood
3228,MADERA WALNUT ,4.14,7.50,9.61,1  5/8 , 7/8 ,Wood
3229,MADERA NATURAL CLEAR ,4.14,7.50,9.61,1  5/8 , 7/8 ,Wood
3328,MADERA WALNUT ,3.63,6.78,8.76, 3/4 ,1  1/4 ,Wood
3329,MADERA NATURAL ,3.63,6.78,8.76, 3/4 ,1  1/4 ,Wood
3345,MADERA GRAY ,3.63,6.78,8.76, 3/4 ,1  1/4 ,Wood
3358,MADERA WHITEWASH ,3.63,6.78,8.76, 3/4 ,1  1/4 ,Wood
3359,MADERA BLACK ,3.63,6.78,8.76, 3/4 ,1  1/4 ,Wood
4065,ELEVE GOLD ,4.87,8.41,10.66,1  5/16,13/16,Wood
4075,ELEVE SILVER ,4.87,8.41,10.66,1  5/16,13/16,Wood
4085,ELEVE DARK SILVER ,4.87,8.41,10.66,1  5/16,13/16,Wood
4120,ETUDE DARK BROWN ,4.13,7.48,9.59,1  3/16, 7/8 ,Wood
4124,ETUDE PECAN ,4.13,7.48,9.59,1  3/16, 7/8 ,Wood
4128,ETUDE WALNUT ,4.13,7.48,9.59,1  3/16, 7/8 ,Wood
4134,ETUDE MAHOGANY ,4.13,7.48,9.59,1  3/16, 7/8 ,Wood
4165,ELEVE GOLD ,4.87,8.41,10.66,13/16,1  5/16,Wood
4175,ELEVE SILVER ,4.87,8.41,10.66,13/16,1  5/16,Wood
4185,ELEVE DARK SILVER ,4.87,8.41,10.66,13/16,1  5/16,Wood
4220,ETUDE DARK BROWN ,6.05,9.73,12.12,2, 7/8 ,Wood
4224,ETUDE PECAN ,6.05,9.73,12.12,2, 7/8 ,Wood
4228,ETUDE WALNUT ,6.05,9.73,12.12,2, 7/8 ,Wood
4234,ETUDE MAHOGANY ,6.05,9.73,12.12,2, 7/8 ,Wood
4324,ETUDE PECAN ,8.33,13.01,15.70,2  9/16,1  1/8 ,Wood
4520,ADAGIO I DARK BROWN ,3.73,6.93,8.93,1, 3/4 ,Wood
4524,ADAGIO I PECAN ,3.73,6.93,8.93,1, 3/4 ,Wood
4528,ADAGIO I WALNUT ,3.73,6.93,8.93,1, 3/4 ,Wood
4534,ADAGIO I MAHOGANY ,3.73,6.93,8.93,1, 3/4 ,Wood
4545,ADAGIO I DARK ,3.73,6.93,8.93,1, 3/4 ,Wood
4620,ADAGIO II DARK BROWN ,5.18,8.77,11.05,1  1/2 ,1,Wood
4624,ADAGIO II PECAN,5.18,8.77,11.05,1  1/2 ,1,Wood
4628,ADAGIO II WALNUT ,5.18,8.77,11.05,1  1/2 ,1,Wood
4634,ADAGIO II MAHOGANY ,5.18,8.77,11.05,1  1/2 ,1,Wood
4645,ADAGIO II DARK GRAY ,5.18,8.77,11.05,1  1/2 ,1,Wood
4720,FORTE COFFEE ,8.81,13.67,16.42,3,1  1/8 ,Wood
4728,FORTE WALNUT ,8.81,13.67,16.42,3,1  1/8 ,Wood
4734,FORTE MAHOGANY ,8.81,13.67,16.42,3,1  1/8 ,Wood
4745,FORTE GRAY ,8.81,13.67,16.42,3,1  1/8 ,Wood
4820,FORTE COFFEE ,6.76,10.78,13.26,2  3/8 , 7/8 ,Wood
4828,FORTE WALNUT ,6.76,10.78,13.26,2  3/8 , 7/8 ,Wood
4834,FORTE MAHOGANY ,6.76,10.78,13.26,2  3/8 , 7/8 ,Wood
4845,FORTE GRAY ,6.76,10.78,13.26,2  3/8 , 7/8 ,Wood
4920,FORTE COFFEE ,5.04,8.61,10.88,1  3/4 , 7/8 ,Wood
4928,FORTE WALNUT ,5.04,8.61,10.88,1  3/4 , 7/8 ,Wood
4934,FORTE MAHOGANY ,5.04,8.61,10.88,1  3/4 , 7/8 ,Wood
4945,FORTE GRAY ,5.04,8.61,10.88,1  3/4 , 7/8 ,Wood
5020,B&B II SABLE BROWN ,4.29,7.70,9.83, 7/8 ,1  1/2 ,Wood
5120,B&B II SABLE BROWN ,5.88,9.51,11.87,1,1  7/8 ,Wood
5201,GILT GOLD,3.64,6.80,8.78,13/16,1  1/8 ,Wood
5202,GILT SILVER ,3.64,6.80,8.78,13/16,1  1/8 ,Wood
5220,B&B II SABLE BROWN ,7.25,11.48,14.03,1  1/8 ,2  5/16,Wood
5301,GILT GOLD ,4.82,8.36,10.59,1,1  5/16 ,Wood
5302,GILT SILVER ,4.82,8.36,10.59,1,1  5/16 ,Wood
5320,B&B II SABLE BROWN ,6.24,10.01,12.43,1  5/8 ,1  3/8 ,Wood
5401,GILT GOLD ,5.90,9.54,11.90,1  1/16,1  3/4 ,Wood
5402,GILT SILVER ,5.90,9.54,11.90,1  1/16,1  3/4 ,Wood
5420,B&B II SABLE BROWN ,4.82,8.36,10.59,1  3/4 , 7/8 ,Wood
5520,B&B II SABLE BROWN ,6.16,9.90,12.30,2  1/4 , 7/8 ,Wood
6201,SABI GREEN ,4.90,8.45,10.70,1  5/16,13/16,Wood
6202,SABI BLUE ,4.90,8.45,10.70,1  5/16,13/16,Wood
6203,SABI BROWN ,4.90,8.45,10.70,1  5/16,13/16,Wood
6204,SABI BLACK ,4.90,8.45,10.70,1  5/16,13/16,Wood
6301,SABI GREEN ,4.90,8.45,10.70,13/16,1  5/16,Wood
6302,SABI BLUE ,4.90,8.45,10.70,13/16,1  5/16,Wood
6303,SABI BROWN ,4.90,8.45,10.70,13/16,1  5/16,Wood
6304,SABI BLACK ,4.90,8.45,10.70,13/16,1  5/16,Wood
7130,FLEUR SILVER,4.75,8.28,10.50, 5/8 , 5/16,Wood
7135,FLEUR PEWTER,4.75,8.28,10.50, 5/8 , 5/16,Wood
7140,FLEUR GOLD,4.75,8.28,10.50, 5/8 , 5/16,Wood
7145,FLEUR ANTIQUE GOLD,4.75,8.28,10.50, 5/8 , 5/16,Wood
7159,FLEUR BLACK,4.75,8.28,10.50, 5/8 , 5/16,Wood
7160,FLEUR WHITE,4.75,8.28,10.50, 5/8 , 5/16,Wood
7160,ASTER WHITE,4.75,8.28,10.50, 5/8 ,1,Wood
7230,ASTER SILVER,4.75,8.28,10.50, 5/8 ,1,Wood
7240,ASTER GOLD,4.75,8.28,10.50, 5/8 ,1,Wood
7259,ASTER BLACK,4.75,8.28,10.50, 5/8 ,1,Wood
20101,ST FLOATER MATT BLACK ,6.91,10.99,13.50,1  3/4 ,2  5/8 ,Wood
20103,ST FLOATER BLACK ,7.07,11.23,13.75,1  3/4 ,2  5/8 ,Wood
20108,ST FLOATER SOFT GOLD ,8.14,12.65,15.30,1  3/4 ,2  5/8 ,Wood
20109,ST FLOATER SOFT SILVER ,8.14,12.65,15.30,1  3/4 ,2  5/8 ,Wood
20140,ST FLOATER GOLD LEAF ,8.51,13.26,15.97,1  3/4 ,2  5/8 ,Wood
20150,ST FLOATER SILVER LEAF,8.51,13.26,15.97,1  3/4 ,2  5/8 ,Wood
20160,ST FLOATER MATT WHITE ,6.91,10.99,13.50,1  3/4 ,2  5/8 ,Wood
20210,ST LISO FLT CHP SIL ,8.14,12.75,15.41,1  3/4 ,2  5/8 ,Wood
20220,ST LISO FLT GUNMETAL ,8.14,12.75,15.41,1  3/4 ,2  5/8 ,Wood
20230,ST LISO FLT SILVER,8.14,12.75,15.41,1  3/4 ,2  5/8 ,Wood
20240,ST LISO FLT GOLD ,8.14,12.75,15.41,1  3/4 ,2  5/8 ,Wood
20250,ST LISO FLT BRASS,8.14,12.75,15.41,1  3/4 ,2  5/8 ,Wood
20280,ST LISO FLT SOFT ,8.14,12.75,15.41,1  3/4 ,2  5/8 ,Wood
20290,ST LISO FLT ARCTIC ,8.14,12.75,15.41,1  3/4 ,2  5/8 ,Wood
21501,MATT BLACK ,3.22,6.17,8.02,1  1/8 ,13/16,Wood
21560,MATT WHITE,3.22,6.17,8.02,1  1/8 ,1  3/16,Wood
21601,MATT BLACK ,5.03,8.60,10.87,1  3/4 ,1  3/8 ,Wood
21701,MATT BLACK,3.13,6.03,7.85, 7/8 ,1  3/8 ,Wood
21760,MATT WHITE,3.13,6.03,7.85, 7/8 ,1  3/8 ,Wood
21801,MATT BLACK ,4.63,8.13,10.33,1,1  7/8 ,Wood
21860,MATT WHITE,4.63,8.13,10.33,1,1  7/8 ,Wood
22001,MATT BLACK ,2.72,5.36,7.10,1  1/4 , 7/8 ,Wood
22010,LUMIERE CHAMP SILVER ,6.18,9.93,12.33,15/16,2  1/4 ,Wood
22020,LUMIERE GUNMETAL ,6.18,9.93,12.33,15/16,2  1/4 ,Wood
22030,LUMIERE SILVER ,6.18,9.93,12.33,15/16,2  1/4 ,Wood
22040,LUMIERE GOLD ,6.18,9.93,12.33,15/16,2  1/4 ,Wood
22050,LUMIERE BRASS ,6.18,9.93,12.33,15/16,2  1/4 ,Wood
22080,LUMIERE SOFT GOLD ,6.18,9.93,12.33,15/16,2  1/4 ,Wood
22090,LUMIERE ARCTIC SILVER ,6.18,9.93,12.33,15/16,2  1/4 ,Wood
22101,MATT BLACK 07 ,3.21,6.15,8.00,1  5/8 , 13/16,Wood
22160,MATT WHITE,3.21,6.15,8.00,1  5/8 ,13/16,Wood
22201,MATT BLACK 07,3.32,6.32,8.20,1,1  3/8 ,Wood
22260,MATT WHITE,3.32,6.32,8.20,1,1  3/8 ,Wood
22301,MATT BLACK 07 ,3.22,6.17,8.02,1  1/2 , 7/8,Wood
22360,MATT WHITE,3.22,6.17,8.02,1  1/2 , 7/8 ,Wood
22401,MATT BLACK 07  ,2.23,4.52,6.15, 7/8 , 7/8,Wood
22460,MATT WHITE,2.23,4.52,6.15, 7/8 , 7/8 ,Wood
22501,MATT BLACK 07  ,6.67,10.65,13.12,3  1/2 , 7/8,Wood
22701,MATT BLACK,5.58,9.19,11.52,15/16,2  1/4 ,Wood
22760,MATT WHITE,5.58,9.19,11.52,15/16,2  1/4 ,Wood
23101,MATT BLACK ,2.45,4.91,6.58, 5/8 ,1  1/4 ,Wood
23160,MATT WHITE,2.45,4.91,6.58, 5/8 ,1  1/4 ,Wood
23201,MATT BLACK ,2.25,4.56,6.19, 7/8 , 7/8,Wood
23260,MATT WHITE,2.25,4.56,6.19, 7/8 , 7/8 ,Wood
23301,MATT BLACK ,5.34,8.94,11.25,2,1  3/8 ,Wood
23360,MATT WHITE,5.34,8.94,11.25,2,1  3/8 ,Wood
23501,MATT BLACK ,1.81,3.76,5.26, 3/4 , 5/8,Wood
23601,MATT BLACK ,5.15,8.73,11.02,1  1/8 ,2,Wood
23701,MATT BLACK ,4.26,7.66,9.79, 3/4 ,2,Wood
23760,MATT WHITE,4.26,7.66,9.79, 3/4 ,2,Wood
23901,MVP MATT BLACK ,3.54,6.65,8.60, 5/8 ,1  3/4 ,Wood
23910,LISO CHAMPAGNE SILVER ,4.42,7.86,10.03, 5/8 ,1  3/4 ,Wood
23920,LISO GUNMETAL ,4.42,7.86,10.03, 5/8 ,1  3/4 ,Wood
23930,LISO SILVER ,4.42,7.86,10.03, 5/8 ,1  3/4 ,Wood
23950,LISO BRASS ,4.42,7.86,10.03, 5/8 ,1  3/4 ,Wood
23960,MATT WHITE,3.54,6.65,8.60, 5/8 ,1  3/4 ,Wood
23980,LISO VI SOFT GOLD ,4.42,7.86,10.03, 5/8 ,1  3/4 ,Wood
23990,LISO ARCTIC SILVER ,4.42,7.86,10.03, 5/8 ,1  3/4 ,Wood
24101,MATT BLACK FLOATER ,4.16,7.52,9.64,1  5/16,1  3/16,Wood
24160,MATT WHITE,4.16,7.52,9.64,1  5/16,1  3/16,Wood
24301,BLACK 06  ,8.00,12.55,15.20,2  1/2 ,1  7/8 ,Wood
24401,BLACK 06  ,7.61,12.00,14.59,3,1  3/8 ,Wood
24501,BLACK 06  ,5.31,8.91,11.21,2  3/4 ,7/8,Wood
24560,MATT WHITE,5.31,8.91,11.21,2  3/4 , 7/8 ,Wood
24601,BLACK 06 ,4.15,7.51,9.62,2,7/8,Wood
24610,LISO CHAMPAGNE SILVER ,4.93,8.48,10.74,2, 7/8 ,Wood
24620,LISO GUNMETAL ,4.93,8.48,10.74,2, 7/8 ,Wood
24630,LISO SILVER ,4.93,8.48,10.74,2, 7/8 ,Wood
24650,LISO BRASS ,4.93,8.48,10.74,2, 7/8 ,Wood
24660,MATT WHITE,4.15,7.51,9.62,2, 7/8 ,Wood
24680,LISO VI SOFT GOLD ,4.93,8.48,10.74,2, 7/8 ,Wood
24690,LISO ARCTIC SILVER ,4.93,8.48,10.74,2, 7/8 ,Wood
24701,BLACK 06  ,4.24,7.63,9.76,1,1  7/8 ,Wood
24710,LISO CHAMPAGNE SILVER ,5.59,9.20,11.53,1,1  7/8 ,Wood
24720,LISO GUNMETAL ,5.59,9.20,11.53,1,1  7/8 ,Wood
24730,LISO SILVER,5.59,9.20,11.53,1,1  7/8 ,Wood
24740,LISO GOLD ,5.59,9.20,11.53,1,1  7/8 ,Wood
24750,LISO BRASS ,5.59,9.20,11.53,1,1  7/8 ,Wood
24760,MATT WHITE,4.24,7.63,9.76,1,1  7/8 ,Wood
24780,LISO VI SOFT GOLD ,5.59,9.20,11.53,1,1  7/8 ,Wood
24790,LISO ARCTIC SILVER ,5.59,9.20,11.53,1,1  7/8 ,Wood
24801,MATT BLACK,3.12,6.01,7.83, 3/4 ,1  1/2 ,Wood
24860,MATT WHITE,3.12,6.01,7.83, 3/4 ,1  1/2 ,Wood
24901,MATT BLACK ,5.44,9.05,11.36,74/91,2  5/8 ,Wood
24960,MATT WHITE,5.44,9.05,11.36,13/16,2  5/8 ,Wood
25001,MATT BLACK ,7.61,12.00,14.59,1  1/8 ,3  1/8 ,Wood
25060,MATT WHITE,7.61,12.00,14.59,1  1/8 ,3  1/8 ,Wood
25101,MATT BLACK FLOATER ,5.05,8.62,10.89,1  1/2 ,1  7/8 ,Wood
25110,LISO CHAMPAGNE SILVER FLOATER,6.39,10.24,12.67,1  1/2 ,1  7/8 ,Wood
25120,LISO GUNMETAL FLOATER ,6.39,10.24,12.67,1  1/2 ,1  7/8 ,Wood
25130,LISO SILVER FLOATER ,6.39,10.24,12.67,1  1/2 ,1  7/8 ,Wood
25140,LISO GOLD FLOATER ,6.39,10.24,12.67,1  1/2 ,1  7/8 ,Wood
25150,LISO BRASS FLOATER ,6.39,10.24,12.67,1  1/2 ,1  7/8 ,Wood
25160,MATT WHITE,5.05,8.62,10.89,1  1/2 ,1  7/8 ,Wood
25180,LISO VI SOFT GOLD FLOATER,6.39,10.24,12.67,1  1/2 ,1  7/8 ,Wood
25190,LISO ARCTIC SILVER FLOATER,6.39,10.24,12.67,1  1/2 ,1  7/8 ,Wood
25201,MATT BLACK FLOATER ,4.34,7.76,9.91,1  3/4 ,1  1/4 ,Wood
25220,COFFEE BROWN FLOATER ,4.34,7.76,9.91,1  3/4 ,1  1/4 ,Wood
25230,SILVER FLOATER ,5.14,8.72,11.00,1  3/4 ,1  1/4 ,Wood
25240,GOLD FLOATER ,5.14,8.72,11.00,1  3/4 ,1  1/4 ,Wood
25260,MATT WHITE FLOATER ,4.34,7.76,9.91,1  3/4 ,1  1/4 ,Wood
25301,MATT BLACK,3.56,6.68,8.64,1  7/16,1  3/16,Wood
25401,MATT BLACK ,5.67,9.28,11.62,2  5/8 ,1  1/8 ,Wood
25501,MATT BLACK,5.54,9.15,11.48,2  3/8 ,1  1/4 ,Wood
25801,MATT BLACK,2.46,4.92,6.60, 7/8 ,1  1/16,Wood
26001,MVP MATT BLACK/EMBOSSED ,3.51,6.61,8.55,1  3/8 ,15/16,Wood
26101,MATT BLACK ,2.35,4.73,6.39,1  3/16,7/8,Wood
26110,LISO CHAMPAGNE SILVER ,3.34,6.35,8.24,1  3/16, 7/8 ,Wood
26120,LISO GUNMETAL ,3.34,6.35,8.24,1  3/16, 7/8 ,Wood
26130,LISO SILVER ,3.34,6.35,8.24,1  3/16, 7/8 ,Wood
26140,LISO GOLD ,3.34,6.35,8.24,1  3/16, 7/8 ,Wood
26150,LISO BRASS,3.34,6.35,8.24,1  3/16, 7/8 ,Wood
26160,MATT WHITE,2.35,4.73,6.39,1  3/16, 7/8 ,Wood
26180,LISO VI SOFT GOLD ,3.34,6.35,8.24,1  3/16, 7/8 ,Wood
26190,LISO ARCTIC SILVER ,3.34,6.35,8.24,1  3/16, 7/8 ,Wood
26201,MATT BLACK ,3.53,6.64,8.58,1 74/91, 7/8,Wood
26260,MATT WHITE,3.53,6.64,8.58,1 13/16, 7/8 ,Wood
26401,MATT BLACK,5.42,9.03,11.34,2  1/2 ,1  1/8 ,Wood
26501,MATT BLACK ,1.83,3.79,5.30, 9/16, 7/8,Wood
26560,MATT WHITE,1.83,3.79,5.30, 9/16, 7/8 ,Wood
26601,MATT BLACK 24,2.99,5.80,7.59, 7/8 ,1  1/4 ,Wood
26660,MATT  WHITE 24,2.99,5.80,7.59, 7/8 ,1  1/4 ,Wood
26701,MATT BLACK,2.17,4.41,6.03,1,3/4,Wood
26710,LISO CHAMPAGNE SILVER ,2.83,5.55,7.30,1, 3/4 ,Wood
26720,LISO GUNMETAL,2.83,5.55,7.30,1, 3/4 ,Wood
26730,LISO SILVER ,2.83,5.55,7.30,1, 3/4 ,Wood
26750,LISO BRASS ,2.83,5.55,7.30,1, 3/4 ,Wood
26760,MATT WHITE,2.17,4.41,6.03,1, 3/4 ,Wood
26780,LISO VI SOFT GOLD ,2.83,5.55,7.30,1, 3/4 ,Wood
26790,LISO ARCTIC SILVER ,2.83,5.55,7.30,1, 3/4 ,Wood
26800,POEMS II BLACK ,2.96,5.76,7.54,11/16,1  3/8 ,Wood
26801,MATT BLACK ,6.66,10.63,13.10, 7/8 ,3,Wood
26856,POEMS II RED ,3.66,6.83,8.81,11/16,1  3/8 ,Wood
26857,POEMS II BLUE ,3.66,6.83,8.81,11/16,1  3/8 ,Wood
26858,POEMS II GREEN,3.66,6.83,8.81,11/16,1  3/8 ,Wood
26859,POEMS II YELLOW ,3.66,6.83,8.81,11/16,1  3/8 ,Wood
26860,POEMS II WHITE ,2.96,5.76,7.54,11/16,1  3/8 ,Wood
26865,POEMS II CHINA RED ,3.66,6.83,8.81,11/16,1  3/8 ,Wood
26866,POEMS II ORANGE ,3.66,6.83,8.81,11/16,1  3/8 ,Wood
26867,POEMS II CANARY YELLOW ,3.66,6.83,8.81,11/16,1  3/8 ,Wood
26868,POEMS II AQUA GREEN ,3.66,6.83,8.81,11/16,1  3/8 ,Wood
26870,POEMS II CERULEAN BLUE ,3.66,6.83,8.81,11/16,1  3/8 ,Wood
26871,POEMS II VIOLET,3.66,6.83,8.81,11/16,1  3/8 ,Wood
26901,MATT BLACK ,1.86,3.85,5.37, 3/4 ,7/8,Wood
26910,LISO CHAMPAGNE SILVER,2.86,5.59,7.35, 3/4 , 7/8 ,Wood
26920,LISO GUNMETAL ,2.86,5.59,7.35, 3/4 , 7/8 ,Wood
26930,LISO SILVER ,2.86,5.59,7.35, 3/4 , 7/8 ,Wood
26950,LISO BRASS ,2.86,5.59,7.35, 3/4 , 7/8 ,Wood
26951,POEMS GOLD ,2.69,5.31,7.04, 3/4 ,7/8,Wood
26954,POEMS METALLIC GREEN ,2.69,5.31,7.04, 3/4 ,7/8,Wood
26955,POEMS METALLIC BLUE ,2.69,5.31,7.04, 3/4 ,7/8,Wood
26956,POEMS RED ,2.69,5.31,7.04, 3/4 ,7/8,Wood
26957,POEMS BLUE ,2.69,5.31,7.04, 3/4 ,7/8,Wood
26958,POEMS GREEN ,2.69,5.31,7.04, 3/4 ,7/8,Wood
26959,POEMS YELLOW ,2.69,5.31,7.04, 3/4 ,7/8,Wood
26960,POEM WHITE ,1.86,3.85,5.37, 3/4 ,7/8,Wood
26961,POEMS METALLIC BLACK ,2.69,5.31,7.04, 3/4 ,7/8,Wood
26964,POEMS SILVER ,2.69,5.31,7.04, 3/4 ,7/8,Wood
26965,POEMS CHINA RED ,2.69,5.31,7.04, 3/4 ,7/8,Wood
26966,POEMS ORANGE ,2.69,5.31,7.04, 3/4 ,7/8,Wood
26967,POEMS CANARY YELLOW ,2.69,5.31,7.04, 3/4 ,7/8,Wood
26968,POEMS AQUA GREEN ,2.69,5.31,7.04, 3/4 ,7/8,Wood
26970,POEMS CERULEAN BLUE ,2.69,5.31,7.04, 3/4 ,7/8,Wood
26971,POEMS VIOLET ,2.69,5.31,7.04, 3/4 ,7/8,Wood
26980,LISO VI SOFT GOLD ,2.86,5.59,7.35, 3/4 , 7/8 ,Wood
26990,LISO ARCTIC SILVER ,2.86,5.59,7.35, 3/4 , 7/8 ,Wood
27001,MVP MATT BLACK ,2.67,5.28,7.00,1  1/8 ,7/8,Wood
27060,MATT WHITE ,2.67,5.28,7.00,1  1/8 ,7/8,Wood
27101,WILLOW MATT BLACK ,6.35,10.18,12.60,2  3/16,1  7/16,Wood
27160,WILLOW MATT WHITE ,6.35,10.18,12.60,2  3/16,1  7/16,Wood
27201,WILLOW MATT BLACK,3.63,6.78,8.76,1  3/8 ,1  3/16,Wood
27235,OPUS MATT BLACK/SILVER,3.75,6.96,8.97, 3/4 ,1  1/8 ,Wood
27245,OPUS MATT  BLACK/GOLD,3.75,6.96,8.97, 3/4 ,1  1/8 ,Wood
27255,OPUS MATT BLACK/COPPER ,3.75,6.96,8.97, 3/4 ,1  1/8 ,Wood
27260,WILLOW MATT WHITE,3.63,6.78,8.76,1  3/8 ,1  3/16,Wood
27265,OPUS MATT BLACK/GUNMETAL,3.75,6.96,8.97, 3/4 ,1  1/8 ,Wood
27301,MATT BLACK 24,4.23,7.62,9.74,1  1/8 , 1  1/2 ,Wood
27360,MATT  WHITE 24,4.23,7.62,9.74,1  1/8 ,1  1/2 ,Wood
27401,MATT BLACK,3.38,6.41,8.31,1  1/4 ,1  1/8 ,Wood
27460,MATT WHITE ,3.38,6.41,8.31,1  1/4 ,1  1/8 ,Wood
27501,MATT BLACK,4.25,7.64,9.77,1  5/8 ,1  3/8 ,Wood
27510,LISO CHAMPAGNE SILVER ,5.38,8.98,11.29,1  5/8 ,1  3/8 ,Wood
27520,LISO GUNMETAL ,5.38,8.98,11.29,1  5/8 ,1  3/8 ,Wood
27530,LISO SILVER ,5.38,8.98,11.29,1  5/8 ,1  3/8 ,Wood
27550,LISO BRASS,5.38,8.98,11.29,1  5/8 ,1  3/8 ,Wood
27560,MATT WHITE,4.25,7.64,9.77,1  5/8 ,1  3/8 ,Wood
27580,LISO VI SOFT GOLD ,5.38,8.98,11.29,1  5/8 ,1  3/8 ,Wood
27590,LISO ARCTIC SILVER ,5.38,8.98,11.29,1  5/8 ,1  3/8 ,Wood
27601,MATT BLACK,5.33,8.93,11.23,2,1  5/16,Wood
27660,MATT WHITE,5.33,8.93,11.23,2,1  5/16,Wood
27701,MATT BLACK ,2.26,4.57,6.21, 3/4 ,1  1/8 ,Wood
27710,LISO CHAMPAGNE SILVER ,3.30,6.29,8.17, 3/4 ,1  1/8 ,Wood
27720,LISO GUNMETAL ,3.30,6.29,8.17, 3/4 ,1  1/8 ,Wood
27730,LISO SILVER ,3.30,6.29,8.17, 3/4 ,1  1/8 ,Wood
27740,LISO GOLD ,3.30,6.29,8.17, 3/4 ,1  1/8 ,Wood
27750,LISO BRASS ,3.30,6.29,8.17, 3/4 ,1  1/8 ,Wood
27760,MATT WHITE ,2.26,4.57,6.21, 3/4 ,1  1/8 ,Wood
27780,LISO VI SOFT GOLD ,3.30,6.29,8.17, 3/4 ,1  1/8 ,Wood
27790,LISO ARCTIC SILVER ,3.30,6.29,8.17, 3/4 ,1  1/8 ,Wood
27801,MATT BLACK,6.60,10.54,13.00,1  1/2 ,2  1/4 ,Wood
27810,LISO CHAMPAGNE SILVER ,7.70,12.13,14.73,1  1/2 ,2  1/4 ,Wood
27820,LISO GUNMETAL ,7.70,12.13,14.73,1  1/2 ,2  1/4 ,Wood
27830,LISO SILVER ,7.70,12.13,14.73,1  1/2 ,2  1/4 ,Wood
27850,LISO BRASS ,7.70,12.13,14.73,1  1/2 ,2  1/4 ,Wood
27860,MATT WHITE,6.60,10.54,13.00,1  1/2 ,2  1/4 ,Wood
27880,LISO VI SOFT GOLD ,7.70,12.13,14.73,1  1/2 ,2  1/4 ,Wood
27890,LISO ARCTIC SILVER ,7.70,12.13,14.73,1  1/2 ,2  1/4 ,Wood
27901,MATT BLACK ,5.46,9.07,11.39,1,2  1/4 ,Wood
27960,MATT WHITE ,5.46,9.07,11.39,1,2  1/4 ,Wood
28103,OMNI BLACK /GOLD LIP ,3.98,7.28,9.36,1  1/2 ,7/8,Wood
28104,OMNI BLACK/SILVER LIP ,3.98,7.28,9.36,1  1/2 ,7/8,Wood
28105,OMNI BLACK/GUNMETAL LIP ,3.98,7.28,9.36,1  1/2 ,7/8,Wood
28201,MATT BLACK 24,6.14,9.87,12.26,1  1/4 ,2  1/2 ,Wood
28203,OMNI BLACK/GOLD LIP ,6.38,10.22,12.65,2  1/4 ,1  1/8 ,Wood
28204,OMNI BLACK/SILVER LIP,6.38,10.22,12.65,2  1/4 ,1  1/8 ,Wood
28205,OMNI BLACK/GUNMETAL LIP ,6.38,10.22,12.65,2  1/4 ,1  1/8 ,Wood
28235,OPUS MATT BLACK/SILVER,4.19,7.56,9.68,1,1  1/8 ,Wood
28245,OPUS MATT BLACK/GOLD ,4.19,7.56,9.68,1,1  1/8 ,Wood
28255,OPUS MATT BLACK/COPPER ,4.19,7.56,9.68,1,1  1/8 ,Wood
28260,MATT WHITE 24,6.14,9.87,12.26,1  1/4 ,2  1/2 ,Wood
28265,OPUS MATT BLACK/GUNMETAL ,4.19,7.56,9.68,1,1  1/8 ,Wood
28303,OMNI BLACK/GOLD LIP,9.00,13.93,16.71,3,1  3/8 ,Wood
28304,OMNI BLACK/SILVER LIP,9.00,13.93,16.71,3,1  3/8 ,Wood
28305,OMNI BLACK/GUNMETAL LIP,9.00,13.93,16.71,3,1  3/8 ,Wood
28701,MVP MATT BLACK/EMBOSSED,3.96,7.25,9.33,1  5/8 ,1,Wood
28901,MVP MATT BLACK/EMBOSSED,4.55,8.03,10.21,1  5/8 ,1  3/16,Wood
28960,MATT WHITE ,4.55,8.03,10.21,1  5/8 ,1  3/16,Wood
29201,MVP MATT BLACK ,4.64,8.14,10.34,2  3/8 ,7/8,Wood
29301,MATT BLACK 24,6.29,10.09,12.51,1  7/16,1  7/16,Wood
29360,MATT  WHITE 24,6.29,10.09,12.51,1  7/16,1  7/16,Wood
29601,MATT BLACK 24,2.84,5.56,7.32,1,1  1/8 ,Wood
29660,MATT  WHITE 24,2.84,5.56,7.32,1,1  1/8 ,Wood
29701,MATT BLACK 24,4.28,7.68,9.82,2  1/16,1  1/8 ,Wood
29760,MATT  WHITE 24,4.28,7.68,9.82,2  1/16,1  1/8 ,Wood
30040,HONORS GLOSS MAHOGANY ,4.21,7.59,9.71,1  3/16, 7/8 ,Wood
30045,HONORS GLOSS MAHOGANY/GOLD ,4.39,7.82,9.98,1  3/16, 7/8 ,Wood
30050,HONORS MATT MAHOGANY ,3.77,6.98,9.00,1  3/16, 7/8 ,Wood
30055,HONORS MATT MHGNY/GOLD ,4.01,7.32,9.41,1  3/16, 7/8 ,Wood
30075,HONORS GLOSS BLACK/GOLD ,4.21,7.59,9.71,1  3/16, 7/8 ,Wood
30120,KOTA COFFEE BROWN ,3.07,5.93,7.74,13/16,13/16,Wood
30124,KOTA PECAN ,3.07,5.93,7.74,13/16,13/16,Wood
30125,KOTA CHERRY ,3.07,5.93,7.74,13/16,13/16,Wood
30128,KOTA WALNUT ,3.07,5.93,7.74,13/16,13/16,Wood
30129,KOTA NATURAL ,3.07,5.93,7.74,13/16,13/16,Wood
30159,KOTA BLACK ,3.07,5.93,7.74,13/16,13/16,Wood
30220,KOTA COFFEE ,6.23,10.00,12.41,1  3/4 ,13/16,Wood
30224,KOTA PECAN,6.23,10.00,12.41,1  3/4 ,13/16,Wood
30225,KOTA CHERRY ,6.23,10.00,12.41,1  3/4 ,13/16,Wood
30228,KOTA WALNUT ,6.23,10.00,12.41,1  3/4 ,13/16,Wood
30229,KOTA NATURAL ,6.23,10.00,12.41,1  3/4 ,13/16,Wood
30259,KOTA BLACK ,6.23,10.00,12.41,1  3/4 ,13/16,Wood
30320,KOTA COFFEE BROWN ,4.79,8.32,10.55,1  5/16,13/16,Wood
30324,KOTA PECAN ,4.79,8.32,10.55,1  5/16,13/16,Wood
30325,KOTA CHERRY,4.79,8.32,10.55,1  5/16,13/16,Wood
30328,KOTA WALNUT ,4.79,8.32,10.55,1  5/16,13/16,Wood
30329,KOTA NATURAL ,4.79,8.32,10.55,1  5/16,13/16,Wood
30359,KOTA BLACK ,4.79,8.32,10.55,1  5/16,13/16,Wood
30420,KOTA COFFEE BROWN ,4.79,8.32,10.55,13/16,1  5/16,Wood
30424,KOTA PECAN ,4.79,8.32,10.55,13/16,1  5/16,Wood
30425,KOTA CHERRY ,4.79,8.32,10.55,13/16,1  5/16,Wood
30428,KOTA WALNUT ,4.79,8.32,10.55,13/16,1  5/16,Wood
30429,KOTA NATURAL ,4.79,8.32,10.55,13/16,1  5/16,Wood
30459,KOTA BLACK ,4.79,8.32,10.55,13/16,1  5/16,Wood
30520,KOTA COFFEE BROWN ,7.09,11.25,13.78,1,1  3/4 ,Wood
30524,KOTA PECAN ,7.09,11.25,13.78,1,1  3/4 ,Wood
30525,KOTA CHERRY ,7.09,11.25,13.78,1,1  3/4 ,Wood
30528,KOTA WALNUT,7.09,11.25,13.78,1,1  3/4 ,Wood
30529,KOTA NATURAL ,7.09,11.25,13.78,1,1  3/4 ,Wood
30559,KOTA BLACK,7.09,11.25,13.78,1,1  3/4 ,Wood
30620,KOTA COFFEE BROWN ,8.01,12.56,15.21,2  3/8 , 7/8 ,Wood
30624,KOTA PECAN ,8.01,12.56,15.21,2  3/8 , 7/8 ,Wood
30625,KOTA CHERRY ,8.01,12.56,15.21,2  3/8 , 7/8 ,Wood
30628,KOTA WALNUT ,8.01,12.56,15.21,2  3/8 , 7/8 ,Wood
30629,KOTA NATURAL ,8.01,12.56,15.21,2  3/8 , 7/8 ,Wood
30659,KOTA BLACK ,8.01,12.56,15.21,2  3/8 , 7/8 ,Wood
31040,HONORS GLOSS MAHOGANY ,5.11,8.69,10.97,1  3/4 , 7/8 ,Wood
31045,HONORS GLOSS MAHOGANY/GOLD LINE,5.16,8.75,11.03,1  3/4 , 7/8 ,Wood
31050,HONORS MATT MAHOGANY ,4.44,7.89,10.05,1  3/4 , 7/8 ,Wood
31055,HONORS MATT MAHOGANY/GOLD LINE,4.98,8.54,10.80,1  3/4 , 7/8 ,Wood
31065,HONORS GLOSS WALNUT/GOLD LINE,5.17,8.76,11.04,1  3/4 , 7/8 ,Wood
31075,HONORS GLOSS BLACK/GOLD LINE,5.13,8.71,10.99,1  3/4 , 7/8 ,Wood
32026,CHALET LIGHT WALNUT ,5.66,9.27,11.61,15/16,2  1/4 ,Wood
32027,CHALET BUFF ,5.66,9.27,11.61,15/16,2  1/4 ,Wood
32055,CHALET CAROB ,5.66,9.27,11.61,15/16,2  1/4 ,Wood
32059,CHALET OPAQUE BLACK ,5.66,9.27,11.61,15/16,2  1/4 ,Wood
32060,CHALET WHITE ,5.66,9.27,11.61,15/16,2  1/4 ,Wood
33011,ASH WHITE ,5.35,8.95,11.26,1,1  7/16,Wood
33012,ASH NATURAL,5.35,8.95,11.26,1,1  7/16,Wood
33013,ASH LIGHT WALNUT ,5.35,8.95,11.26,1,1  7/16,Wood
33014,ASH DARK BROWN,5.35,8.95,11.26,1,1  7/16,Wood
33015,ASH GRAY,5.35,8.95,11.26,1,1  7/16,Wood
33016,ASH BROWN ,5.35,8.95,11.26,1,1  7/16,Wood
33017,ASH BLACK,5.35,8.95,11.26,1,1  7/16,Wood
34120,KOTA FLOATER COFFEE ,4.34,7.76,9.91,1  3/8 ,1  1/4 ,Wood
34125,KOTA FLOATER CHERRY,4.34,7.76,9.91,1  3/8 ,1  1/4 ,Wood
34128,KOTA FLOATER WALNUT,4.34,7.76,9.91,1  3/8 ,1  1/4 ,Wood
34129,KOTA FLOATER NATURAL,4.34,7.76,9.91,1  3/8 ,1  1/4 ,Wood
34159,KOTA FLOATER BLACK,4.34,7.76,9.91,1  3/8 ,1  1/4 ,Wood
35120,KOTA FLOATER COFFEE BROWN ,6.52,10.43,12.88,1  1/2 ,2,Wood
35125,KOTA FLOATER CHERRY ,6.52,10.43,12.88,1  1/2 ,2,Wood
35128,KOTA FLOATER WALNUT ,6.52,10.43,12.88,1  1/2 ,2,Wood
35129,KOTA FLOATER NATURAL,6.52,10.43,12.88,1  1/2 ,2,Wood
35159,KOTA FLOATER BLACK ,6.52,10.43,12.88,1  1/2 ,2,Wood
35320,ST KOTA FLOATER COFFEE BROWN,7.96,12.50,15.14,1  3/4 ,2  5/8 ,Wood
35325,ST KOTA FLOATER CHERRY,7.96,12.50,15.14,1  3/4 ,2  5/8 ,Wood
35328,ST KOTA FLOATER  WALNUT,7.96,12.50,15.14,1  3/4 ,2  5/8 ,Wood
35329,ST KOTA FLOATER  NATURAL,7.96,12.50,15.14,1  3/4 ,2  5/8 ,Wood
35359,ST KOTA FLOATER  BLACK,7.96,12.50,15.14,1  3/4 ,2  5/8 ,Wood
36120,SIERRA FLOATER WALNUT,4.42,7.86,10.03,1  5/8 ,1  1/4 ,Wood
36124,SIERRA FLOATER PECAN,4.42,7.86,10.03,1  5/8 ,1  1/4 ,Wood
36127,SIERRA FLOATER BUFF,4.42,7.86,10.03,1  5/8 ,1  1/4 ,Wood
36145,SIERRA FLOATER GRAY ,4.42,7.86,10.03,1  5/8 ,1  1/4 ,Wood
36158,SIERRA FLOATER BEIGE ,4.42,7.86,10.03,1  5/8 ,1  1/4 ,Wood
36220,SIERRA FLOATER WALNUT ,6.60,10.54,13.00,1  3/4 ,2,Wood
36224,SIERRA FLOATER PECAN ,6.60,10.54,13.00,1  3/4 ,2,Wood
36227,SIERRA FLOATER BUFF ,6.60,10.54,13.00,1  3/4 ,2,Wood
36245,SIERRA FLOATER GRAY ,6.60,10.54,13.00,1  3/4 ,2,Wood
36258,SIERRA FLOATER BEIGE ,6.60,10.54,13.00,1  3/4 ,2,Wood
36320,SIERRA WALNUT,4.42,7.86,10.03,1,1,Wood
36324,SIERRA PECAN,4.42,7.86,10.03,1,1,Wood
36327,SIERRA BUFF ,4.42,7.86,10.03,1,1,Wood
36345,SIERRA GRAY,4.42,7.86,10.03,1,1,Wood
36358,SIERRA BEIGE,4.42,7.86,10.03,1,1,Wood
36420,SIERRA III WALNUT ,2.33,4.70,6.35, 3/4 ,3/4,Wood
36424,SIERRA III PECAN ,2.33,4.70,6.35, 3/4 ,3/4,Wood
36427,SIERRA III BUFF,2.33,4.70,6.35, 3/4 ,3/4,Wood
36445,SIERRA III GRAY ,2.33,4.70,6.35, 3/4 ,3/4,Wood
36458,SIERRA III BEIGE ,2.33,4.70,6.35, 3/4 ,3/4,Wood
36520,SIERRA III WALNUT ,4.35,7.77,9.92,13/16,1  5/16,Wood
36524,SIERRA III PECAN ,4.35,7.77,9.92,13/16,1  5/16,Wood
36527,SIERRA III BUFF,4.35,7.77,9.92,13/16,1  5/16,Wood
36545,SIERRA III GRAY,4.35,7.77,9.92,13/16,1  5/16,Wood
36558,SIERRA III BEIGE,4.35,7.77,9.92,13/16,1  5/16,Wood
36620,SIERRA WALNUT,6.26,10.04,12.46,1  9/16,1  1/16,Wood
36624,SIERRA PECAN ,6.26,10.04,12.46,1  9/16,1  1/16,Wood
36627,SIERRA BUFF ,6.26,10.04,12.46,1  9/16,1  1/16,Wood
36645,SIERRA GRAY,6.26,10.04,12.46,1  9/16,1  1/16,Wood
36658,SIERRA BEIGE ,6.26,10.04,12.46,1  9/16,1  1/16,Wood
36720,SIERRA II WALNUT,4.95,8.51,10.76,1,1  5/16,Wood
36724,SIERRA II PECAN ,4.95,8.51,10.76,1,1  5/16,Wood
36727,SIERRA II BUFF,4.95,8.51,10.76,1,1  5/16,Wood
36745,SIERRA II GRAY,4.95,8.51,10.76,1,1  5/16,Wood
36758,SIERRA II BEIGE ,4.95,8.51,10.76,1,1  5/16,Wood
36820,SIERRA II WALNUT,7.19,11.40,13.94,1  9/16,1  1/4 ,Wood
36824,SIERRA II PECAN ,7.19,11.40,13.94,1  9/16,1  1/4 ,Wood
36827,SIERRA II BUFF ,7.19,11.40,13.94,1  9/16,1  1/4 ,Wood
36845,SIERRA II GRAY,7.19,11.40,13.94,1  9/16,1  1/4 ,Wood
36858,SIERRA II BEIGE ,7.19,11.40,13.94,1  9/16,1  1/4 ,Wood
37010,HARMONY SAND,5.31,8.91,11.21,1,1  3/8 ,Wood
37024,HARMONY PECAN ,5.31,8.91,11.21,1,1  3/8 ,Wood
37043,HARMONY COFFEE ,5.31,8.91,11.21,1,1  3/8 ,Wood
37110,HARMONY SAND,8.17,12.79,15.46,1  9/16,1  1/2 ,Wood
37124,HARMONY PECAN ,8.17,12.79,15.46,1  9/16,1  1/2 ,Wood
37143,HARMONY COFFEE ,8.17,12.79,15.46,1  9/16,1  1/2 ,Wood
38029,BEECH NATURAL ,4.89,8.44,10.68,1  3/8 ,13/16,Wood
38058,BEECH WHITEWASH ,4.89,8.44,10.68,1  3/8 ,13/16,Wood
38129,BEECH NATURAL,5.71,9.32,11.67,1  3/4 ,13/16,Wood
38158,BEECH WHITEWASH,5.71,9.32,11.67,1  3/4 ,13/16,Wood
38229,BEECH NATURAL ,4.82,8.36,10.59, 3/4 ,1  1/2 ,Wood
38258,BEECH WHITEWASH ,4.82,8.36,10.59, 3/4 ,1  1/2 ,Wood
38329,BEECH NATURAL FLOATER ,6.33,10.15,12.57,1  1/2 ,2,Wood
38358,BEECH WHITEWASH FLOATER,6.33,10.15,12.57,1  1/2 ,2,Wood
39128,ST WALNUT,5.48,9.09,11.41,1  3/16, 3/4 ,Wood
39228,ST WALNUT,7.99,12.54,15.18,2,1,Wood
39328,ST WALNUT,7.36,11.64,14.20,1,1  3/4 ,Wood
39428,ST WALNUT,9.44,14.57,17.41,1  9/16,1  5/8 ,Wood
39528,ST WALNUT,10.80,16.55,19.55,1  1/2 ,2  1/4 ,Wood
40140,AEGIS GOLD ,4.38,7.81,9.97,1  1/8 , 13/16,Wood
40150,AEGIS SILVER ,4.38,7.81,9.97,1  1/8 , 13/16,Wood
40240,AEGIS GOLD ,6.61,10.56,13.02,2, 13/16,Wood
40812,REGIA DARK GOLD ,5.73,9.34,11.69,1  1/2 ,1,Wood
40814,REGIA DARK SILVER ,5.73,9.34,11.69,1  1/2 ,1,Wood
40822,REGIA GOLD ,5.73,9.34,11.69,1  1/2 ,1,Wood
40824,REGIA SILVER ,5.73,9.34,11.69,1  1/2 ,1,Wood
40912,REGIA DARK ,4.06,7.39,9.49,1, 7/8 ,Wood
40914,REGIA DARK SILVER ,4.06,7.39,9.49,1, 7/8 ,Wood
40922,REGIA GOLD ,4.06,7.39,9.49,1, 7/8 ,Wood
40924,REGIA SILVER ,4.06,7.39,9.49,1, 7/8 ,Wood
41012,REGIA DARK GOLD ,4.19,7.56,9.68, 3/4 ,1,Wood
41014,REGIA DARK SILVER ,4.19,7.56,9.68, 3/4 ,1,Wood
41022,REGIA GOLD,4.19,7.56,9.68, 3/4 ,1,Wood
41024,REGIA SILVER ,4.19,7.56,9.68, 3/4 ,1,Wood
41481,PLACER GOLD ,4.93,8.48,10.74,1,1  1/4 ,Wood
41491,PLACER SILVER ,4.93,8.48,10.74,1,1  1/4 ,Wood
41581,PLACER GOLD ,5.29,8.89,11.19,1  1/2 ,7/8,Wood
41591,PLACER SILVER ,5.29,8.89,11.19,1  1/2 ,7/8,Wood
41681,PLACER GOLD ,7.06,11.21,13.73,2,1,Wood
41691,PLACER SILVER ,7.06,11.21,13.73,2,1,Wood
41803,PLATA SMOKEY GREEN,4.13,7.48,9.59,1,7/8,Wood
42001,POMPEYA GREEN,9.95,15.30,18.21,1  3/8 ,1  5/8 ,Wood
42002,POMPEYA ANTIQUE GOLD,9.95,15.30,18.21,1  3/8 ,1  5/8 ,Wood
42003,POMPEYA DEEP ROSE GOLD,9.95,15.30,18.21,1  3/8 ,1  5/8 ,Wood
42004,POMPEYA SILVER,9.95,15.30,18.21,1  3/8 ,1  5/8 ,Wood
42005,POMPEYA BLACK,9.95,15.30,18.21,1  3/8 ,1  5/8 ,Wood
43021,ARRAY EBONY BROWN ,4.83,8.37,10.60,1 31/99,1  5/16,Wood
43121,ARRAY EBONY BROWN ,5.40,9.01,11.32,1 74/91,1,Wood
43139,ARRAY SILVER ,5.78,9.39,11.74,1 74/91,1,Wood
43239,ARRAY SILVER ,7.66,12.07,14.67,2  1/2 ,1,Wood
44140,ARIA II GOLD,6.37,10.21,12.64,1  3/4 ,1  1/4 ,Wood
44150,ARIA II SILVER ,6.37,10.21,12.64,1  3/4 ,1  1/4 ,Wood
44240,ARIA II GOLD ,8.68,13.49,16.23,2  1/2 ,1  3/8 ,Wood
44250,ARIA II SILVER,8.68,13.49,16.23,2  1/2 ,1  3/8 ,Wood
44708,ASTI SOFT GOLD ,5.30,8.90,11.20,1,1  7/8 ,Wood
44709,ASTI SOFT SILVER ,5.30,8.90,11.20,1,1  7/8 ,Wood
44722,VIRTU GOLD,4.30,7.71,9.85,1,1  1/8 ,Wood
44732,VIRTU SILVER,4.30,7.71,9.85,1,1  1/8 ,Wood
44822,VIRTU GOLD ,10.83,16.60,19.60,3  1/4 ,1  5/8 ,Wood
44832,VIRTU SILVER ,10.83,16.60,19.60,3  1/4 ,1  5/8 ,Wood
45622,VIRTU GOLD ,5.33,8.93,11.23,1  9/16,1,Wood
45632,VIRTU SILVER ,5.33,8.93,11.23,1  9/16,1,Wood
45722,VIRTU GOLD,6.91,10.99,13.50,2  1/16,1  1/8 ,Wood
45732,VIRTU SILVER ,6.91,10.99,13.50,2  1/16,1  1/8 ,Wood
45822,VIRTU GOLD,8.32,13.00,15.68,2  1/2 ,1  1/4 ,Wood
45832,VIRTU SILVER ,8.32,13.00,15.68,2  1/2 ,1  1/4 ,Wood
46029,STERLING SILKY GOLD ,4.69,8.20,10.41,1,1  1/8 ,Wood
46039,STERLING SILKY SILVER ,4.69,8.20,10.41,1,1  1/8 ,Wood
46108,ASTI SOFT GOLD,3.50,6.59,8.53,1  3/16,7/8,Wood
46109,ASTI SOFT SILVER ,3.50,6.59,8.53,1  3/16, 7/8,Wood
47508,ASTI SOFT GOLD ,5.50,9.11,11.43,1  5/8 ,1  3/8 ,Wood
47509,ASTI SOFT SILVER ,5.50,9.11,11.43,1  5/8 ,1  3/8 ,Wood
47708,ASTI SOFT GOLD ,3.30,6.29,8.17, 3/4 ,1  1/8 ,Wood
47709,ASTI SOFT SILVER,3.30,6.29,8.17, 3/4 ,1  1/8 ,Wood
48012,LUISANT ANTIQUE GOLD ,8.65,13.45,16.18,2  3/16,1  7/16,Wood
48013,LUISANT ANTIQUE SILVER ,8.65,13.45,16.18,2  3/16,1  7/16,Wood
48022,LUISANT DARK COPPER ,8.65,13.45,16.18,2  3/16,1  7/16,Wood
48023,LUISANT DARK SILVER ,8.65,13.45,16.18,2  3/16,1  7/16,Wood
48101,ELEMENTS GOLD ,8.25,12.90,15.58,2,13/16,Wood
48102,ELEMENTS  SILVER ,8.25,12.90,15.58,2, 13/16,Wood
48103,ELEMENTS BLACK ,8.25,12.90,15.58,2,13/16,Wood
48112,LUISANT ANTIQUE GOLD ,5.45,9.06,11.37,1  3/8 , 13/16,Wood
48113,LUISANT ANTIQUE SILVER ,5.45,9.06,11.37,1  3/8 , 13/16,Wood
48122,LUISANT DARK COPPER ,5.45,9.06,11.37,1  3/8 , 13/16,Wood
48123,LUISANT DARK SILVER,5.45,9.06,11.37,1  3/8 , 13/16,Wood
48201,ELEMENTS GOLD ,14.00,21.24,24.56,2  3/4 ,1  1/2 ,Wood
48202,ELEMENTS SILVER ,14.00,21.24,24.56,2  3/4 ,1  1/2 ,Wood
48203,ELEMENTS BLACK ,14.00,21.24,24.56,2  3/4 ,1  1/2 ,Wood
48301,ASTORIA GOLD ,7.48,11.81,14.39,1  7/16,1  7/16,Wood
48302,ASTORIA DARK GOLD ,7.48,11.81,14.39,1  7/16,1  7/16,Wood
48303,ASTORIA SILVER ,7.48,11.81,14.39,1  7/16,1  7/16,Wood
48304,ASTORIA ARCTIC,7.48,11.81,14.39,1  7/16,1  7/16,Wood
48305,ASTORIA DARK SILVER ,7.48,11.81,14.39,1  7/16,1  7/16,Wood
48306,ASTORIA  BLACK  ,7.48,11.81,14.39,1  7/16,1  7/16,Wood
48401,CASCADE GOLD  ,6.61,10.56,13.02,1  3/16,1  3/16,Wood
48402,CASCADE LIGHT  BRONZE   ,6.61,10.56,13.02,1  3/16,1  3/16,Wood
48403,CASCADE PLATINUM   ,6.61,10.56,13.02,1  3/16,1  3/16,Wood
48404,CASCADE DARK SILVER   ,6.61,10.56,13.02,1  3/16,1  3/16,Wood
48405,CASCADE BLACK   ,6.61,10.56,13.02,1  3/16,1  3/16,Wood
48501,CASCADE GOLD ,7.50,11.84,14.42,1  7/8 ,1,Wood
48502,CASCADE LIGHT BRONZE,7.50,11.84,14.42,1  7/8 ,1,Wood
48503,CASCADE PLATINUM ,7.50,11.84,14.42,1  7/8 ,1,Wood
48504,CASCADE DARK SILVER  ,7.50,11.84,14.42,1  7/8 ,1,Wood
48505,CASCADE BLACK ,7.50,11.84,14.42,1  7/8 ,1,Wood
48601,CASCADE II GOLD ,7.50,11.84,14.42,1,1  7/8 ,Wood
48602,CASCADE II LIGHT BRONZE ,7.50,11.84,14.42,1,1  7/8 ,Wood
48603,CASCADE II PLATINUM ,7.50,11.84,14.42,1,1  7/8 ,Wood
48604,CASCADE II DARK SILVER ,7.50,11.84,14.42,1,1  7/8 ,Wood
48605,CASCADE II BLACK ,7.50,11.84,14.42,1,1  7/8 ,Wood
48701,CASADE II GOLD ,9.27,14.32,17.14,2  1/2 ,1  1/8 ,Wood
48702,CASCADE II LIGHT BRONZE ,9.27,14.32,17.14,2  1/2 ,1  1/8 ,Wood
48703,CASCADE II PLATINUM ,9.27,14.32,17.14,2  1/2 ,1  1/8 ,Wood
48704,CASCADE II DARK SILVER ,9.27,14.32,17.14,2  1/2 ,1  1/8 ,Wood
48705,CASCADE II BLACK ,9.27,14.32,17.14,2  1/2 ,1  1/8 ,Wood
49140,ARIA GOLD/BLACK LIP ,8.68,13.49,16.23,2  1/2 ,1  3/8 ,Wood
49150,ARIA SILVER/BLACK LIP ,8.68,13.49,16.23,2  1/2 ,1  3/8 ,Wood
49240,ARIA GOLD/BLACK LIP ,6.37,10.21,12.64,1  3/4 ,1  1/4 ,Wood
49250,ARIA SILVER/BLACK LIP ,6.37,10.21,12.64,1  3/4 ,1  1/4 ,Wood
51020,OLEA COFFEE BROWN ,4.52,7.99,10.17, 3/4 ,1  1/16,Wood
51024,OLEA PECAN ,4.52,7.99,10.17, 3/4 ,1  1/16,Wood
51025,OLEA CHERRY ,4.52,7.99,10.17, 3/4 ,1  1/16,Wood
51040,OLEA TAUPE ,4.52,7.99,10.17, 3/4 ,1  1/16,Wood
51045,OLEA GRAY ,4.52,7.99,10.17, 3/4 ,1  1/16,Wood
52020,OLEA COFFEE BROWN ,6.53,10.44,12.89,1  3/8 ,1  1/8 ,Wood
52024,OLEA PECAN ,6.53,10.44,12.89,1  3/8 ,1  1/8 ,Wood
52025,OLEA CHERRY ,6.53,10.44,12.89,1  3/8 ,1  1/8 ,Wood
52040,OLEA TAUPE ,6.53,10.44,12.89,1  3/8 ,1  1/8 ,Wood
52045,OLEA GRAY ,6.53,10.44,12.89,1  3/8 ,1  1/8 ,Wood
53020,OLEA COFFEE BROWN ,13.44,20.42,23.69,2  3/4 ,1  3/8 ,Wood
53024,OLEA PECAN ,13.44,20.42,23.69,2  3/4 ,1  3/8 ,Wood
53025,OLEA CHERRY ,13.44,20.42,23.69,2  3/4 ,1  3/8 ,Wood
53040,OLEA TAUPE ,13.44,20.42,23.69,2  3/4 ,1  3/8 ,Wood
53045,OLEA GRAY ,13.44,20.42,23.69,2  3/4 ,1  3/8 ,Wood
53103,ONYX SEMI GLOSS BLACK,3.46,6.53,8.46, 5/8 ,1  1/2 ,Wood
54020,OLEA COFFEE ,7.25,11.48,14.03,1 49/87,1  1/16,Wood
54024,OLEA PECAN ,7.25,11.48,14.03,1 49/87,1  1/16,Wood
54025,OLEA CHERRY ,7.25,11.48,14.03,1 49/87,1  1/16,Wood
54040,OLEA TAUPE ,7.25,11.48,14.03,1 49/87,1  1/16,Wood
54045,OLEA GRAY ,7.25,11.48,14.03,1 49/87,1  1/16,Wood
54703,ONYX SEMI GLOSS BLACK,5.10,8.68,10.95,1,1  7/8 ,Wood
54720,PLUME COFFEE BROWN ,7.37,11.66,14.22,1  3/4 ,1  1/16,Wood
54724,PLUME PECAN ,7.37,11.66,14.22,1  3/4 ,1  1/16,Wood
54725,PLUME CHERRY ,7.37,11.66,14.22,1  3/4 ,1  1/16,Wood
54740,PLUME TAUPE ,7.37,11.66,14.22,1  3/4 ,1  1/16,Wood
54745,PLUME GRAY,7.37,11.66,14.22,1  3/4 ,1  1/16,Wood
56020,D'ORME COFFEE,6.02,9.69,12.07,1  3/16,1  1/16,Wood
56023,D'ORME LT PECAN ,6.02,9.69,12.07,1  3/16,1  1/16,Wood
56025,D'ORME CHERRY,6.02,9.69,12.07,1  3/16,1  1/16,Wood
56040,D'ORME TAUPE,6.02,9.69,12.07,1  3/16,1  1/16,Wood
56045,D'ORME GRAY ,6.02,9.69,12.07,1  3/16,1  1/16,Wood
56103,ONYX SEMI GLOSS BLACK,3.19,6.12,7.97,1  3/16,7/8,Wood
56303,ONYX SEMI GLOSS BLACK,4.41,7.85,10.01,1  3/4 ,7/8,Wood
57020,D'ORME COFFEE ,7.54,11.90,14.48,1 49/87,1  1/16,Wood
57023,D'ORME LT PECAN ,7.54,11.90,14.48,1 49/87,1  1/16,Wood
57025,D'ORME CHERRY ,7.54,11.90,14.48,1 49/87,1  1/16,Wood
57040,D'ORME TAUPE ,7.54,11.90,14.48,1 49/87,1  1/16,Wood
57045,D'ORME GRAY ,7.54,11.90,14.48,1 49/87,1  1/16,Wood
57503,ONYX SEMI GLOSS BLACK,5.36,8.96,11.27,1  5/8 ,1  3/8 ,Wood
57703,ONYX SEMI GLOSS BLACK,3.00,5.82,7.61, 3/4 ,1  1/8 ,Wood
57803,ONYX SEMI GLOSS BLACK,7.49,11.83,14.41,1  1/2 ,2  1/4 ,Wood
58020,D'ORME COFFEE ,14.60,22.13,25.51,2  3/4 ,1  3/8 ,Wood
58023,D'ORME LT PECAN ,14.60,22.13,25.51,2  3/4 ,1  3/8 ,Wood
58025,D'ORME CHERRY ,14.60,22.13,25.51,2  3/4 ,1  3/8 ,Wood
58040,D'ORME TAUPE ,14.60,22.13,25.51,2  3/4 ,1  3/8 ,Wood
58045,D'ORME GRAY ,14.60,22.13,25.51,2  3/4 ,1  3/8 ,Wood
60020,LYRA COFFEE,3.65,6.81,8.80,1,7/8,Wood
60026,LYRA GREIGE ,3.65,6.81,8.80,1,7/8,Wood
60045,LYRA TAUPE,3.65,6.81,8.80,1,7/8,Wood
60058,LYRA IVORY,3.65,6.81,8.80,1,7/8,Wood
61020,LYRA COFFEE ,5.12,8.70,10.98,1  1/2 ,7/8,Wood
61026,LYRA BEIGE,5.12,8.70,10.98,1  1/2 ,7/8,Wood
61045,LYRA TAUPE,5.12,8.70,10.98,1  1/2 ,7/8,Wood
61058,LYRA IVORY,5.12,8.70,10.98,1  1/2 ,7/8,Wood
61105,AVANT EBONY BROWN ,6.05,9.73,12.12,1  3/4 ,1  1/4 ,Wood
61205,AVANT EBONY BROWN ,7.28,11.53,14.08,2  1/4 ,1  1/4 ,Wood
61305,AVANT EBONY BROWN ,10.49,16.10,19.07,3,1  5/8 ,Wood
62320,ARMOUR GUNMETAL ,5.42,9.03,11.34,1  1/4 ,1  3/8 ,Wood
62330,ARMOUR SILVER ,5.42,9.03,11.34,1  1/4 ,1  3/8 ,Wood
62340,ARMOUR BRONZE ,5.42,9.03,11.34,1  1/4 ,1  3/8 ,Wood
62350,ARMOUR COPPER ,5.42,9.03,11.34,1  1/4 ,1  3/8 ,Wood
63320,ARMOUR GUNMETAL ,5.87,9.50,11.86,1  3/4 ,1  1/4 ,Wood
63330,ARMOUR SILVER ,5.87,9.50,11.86,1  3/4 ,1  1/4 ,Wood
63340,ARMOUR BRONZE ,5.87,9.50,11.86,1  3/4 ,1  1/4 ,Wood
63350,ARMOUR COPPER ,5.87,9.50,11.86,1  3/4 ,1  1/4 ,Wood
64010,DUNE SAND ,4.04,7.36,9.45,1  3/16, 7/8 ,Wood
65010,DUNE SAND ,4.00,7.31,9.39, 3/4 ,1  1/8 ,Wood
66010,DUNE SAND ,6.04,9.72,12.10,1,1  7/8 ,Wood
66030,DUNE BARK ,6.04,9.72,12.10,1,1  7/8 ,Wood
67024,WILLOW PECAN,4.36,7.79,9.94,1  3/8 ,1  3/16,Wood
67028,WILLOW WALNUT ,4.36,7.79,9.94,1  3/8 ,1  3/16,Wood
67045,WILLOW GRAY ,4.36,7.79,9.94,1  3/8 ,1  3/16,Wood
67058,WILLOW IVORY,4.36,7.79,9.94,1  3/8 ,1  3/16,Wood
67124,WILLOW PECAN ,7.32,11.59,14.14,2  3/16,1  7/16,Wood
67128,WILLOW WALNUT ,7.32,11.59,14.14,2  3/16,1  7/16,Wood
67145,WILLOW GRAY  ,7.32,11.59,14.14,2  3/16,1  7/16,Wood
67158,WILLOW IVORY ,7.32,11.59,14.14,2  3/16,1  7/16,Wood
68030,PIATTO SILVER,7.99,12.54,15.18,1  7/8 ,1  3/16,Wood
68040,PIATTO GOLD,7.99,12.54,15.18,1  7/8 ,1  3/16,Wood
68059,PIATTO BLACK ,7.47,11.80,14.38,1  7/8 ,1  3/16,Wood
68060,PIATTO WHITE ,7.47,11.80,14.38,1  7/8 ,1  3/16,Wood
68130,PIATTO SILVER,13.31,20.24,23.49,2  3/4 ,1  1/2 ,Wood
68140,PIATTO GOLD,13.31,20.24,23.49,2  3/4 ,1  1/2 ,Wood
68159,PIATTO BLACK ,12.44,18.97,22.13,2  3/4 ,1  1/2 ,Wood
68160,PIATTO WHITE ,12.44,18.97,22.13,2  3/4 ,1  1/2 ,Wood
68230,PIATTO SILVER,5.83,9.45,11.80,1  3/16,1  3/16,Wood
68240,PIATTO GOLD,5.83,9.45,11.80,1  3/16,1  3/16,Wood
68259,PIATTO BLACK ,5.30,8.90,11.20,1  3/16,1  3/16,Wood
71402,BLACK LACQUER ,3.08,5.95,7.76, 3/4 ,7/8,Wood
71460,MATT WHITE,2.06,4.22,5.81, 3/4 ,7/8,Wood
71502,BLACK LACQUER ,3.14,6.04,7.87, 3/4 ,13/16,Wood
71602,BLACK LACQUER ,3.33,6.34,8.22,1, 5/8,Wood
71702,BLACK LACQUER ,5.22,8.81,11.10,1,1  3/8 ,Wood
71802,BLACK LACQUER ,4.64,8.14,10.34,1  3/8 , 7/8,Wood
72302,BLACK LACQUER ,4.88,8.43,10.67,1  3/8 ,3/4,Wood
72402,BLACK LACQUER ,7.90,12.41,15.04,2  1/4 ,1  1/8 ,Wood
72850,PRIMA WHITE LACQUER ,6.91,10.99,13.50,1  3/4 ,1  1/2 ,Wood
73102,MIORE BLACK LACQUER ,5.18,8.77,11.05,1  5/8 ,7/8,Wood
73150,PRIMA WHITE LACQUER 24 ,5.18,8.77,11.05,1  5/8 ,7/8,Wood
73202,MIORE BLACK LACQUER ,5.51,9.12,11.44,1, 1  3/8 ,Wood
73250,PRIMA WHITE LACQUER 24,5.51,9.12,11.44,1,1  3/8 ,Wood
73502,MIORE BLACK LACQUER ,3.03,5.87,7.66, 3/4 ,5/8,Wood
74502,MIORE BLACK LACQUER ,7.62,12.01,14.61,2 50/89,7/8,Wood
74650,PRIMA WHITE LACQUER ,6.18,9.93,12.33,2,7/8,Wood
74702,MIORE BLACK LACQUER ,7.60,11.98,14.58,1, 2  1/8 ,Wood
74750,PRIMA WHITE LACQUER ,6.43,10.29,12.73,1,1  7/8 ,Wood
75702,MIORE BLACK LACQUER 24,6.34,10.16,12.59,1, 1  7/8 ,Wood
75750,PRIMA WHITE LACQUER 24 ,7.60,11.98,14.58,1,2  1/8 ,Wood
76102,MIORE BLACK LACQUER ,4.16,7.52,9.64,1  3/16,7/8,Wood
76150,PRIMA WHITE LACQUER ,4.22,7.60,9.73,1  3/16,7/8,Wood
77502,MIORE BLACK LACQUER ,6.84,10.89,13.39,1  5/8 , 1  3/8 ,Wood
77550,PRIMA WHITE LACQUER ,6.55,10.47,12.92,1  5/8 , 1  3/8 ,Wood
77702,MIORE BLACK LAQUER ,3.94,7.22,9.29, 3/4 , 1  1/8 ,Wood
77750,PRIMA WHITE LACQUER ,4.01,7.32,9.41, 3/4 , 1  1/8 ,Wood
77850,PRIMA WHITE LACQUER ,8.35,13.04,15.73,1  1/2 , 2  1/4 ,Wood
78002,LUXOR BLACK ,5.97,9.62,12.00,1  3/16,1 13/16,Wood
78050,LUXOR WHITE,5.97,9.62,12.00,1  3/16,1 13/16,Wood
78102,LUXOR BLACK ,6.83,10.88,13.37,2,7/8,Wood
78150,LUXOR WHITE,6.83,10.88,13.37,2,7/8,Wood
78202,LUXOR BLACK FLOATER,8.12,12.72,15.38,1  9/16,2,Wood
78250,LUXOR WHITE FLOATER,8.12,12.72,15.38,1  9/16,2,Wood
80041,EOS GRAY ,5.59,9.20,11.53,1  1/2 ,15/16,Wood
80104,ETHOS MAPLE VENEER,7.24,11.47,14.02, 3/4 ,2,Wood
80204,ETHOS MAPLE VENEER,5.57,9.18,11.51, 3/4 ,1  1/2 ,Wood
80304,ETHOS MAPLE VENEER,4.47,7.93,10.10, 5/8 ,1  5/16,Wood
84104,ETHOS MAPLE VENEER,4.71,8.22,10.44,1  3/8 ,1  1/4 ,Wood
85104,ETHOS MAPLE VENEER,7.16,11.36,13.89,1  1/2 ,2,Wood
90030,SERENE SILVER,7.75,12.20,14.81,1 15/16,1  3/16,Wood
90040,SERENE GOLD,7.75,12.20,14.81,1 15/16,1  3/16,Wood
90050,SERENE BRASS,7.75,12.20,14.81,1 15/16,1  3/16,Wood
90059,SERENE BLACK,7.75,12.20,14.81,1 15/16,1  3/16,Wood
90130,SERENE SILVER,10.50,16.25,19.21,2 15/16,1  3/8 ,Wood
90140,SERENE GOLD,10.50,16.25,19.21,2 15/16,1  3/8 ,Wood
90150,SERENE BRASS,10.50,16.25,19.21,2 15/16,1  3/8 ,Wood
90159,SERENE BLACK,10.50,16.25,19.21,2 15/16,1  3/8 ,Wood
240-134,ELAN MAHOGANY,4.90,8.45,10.70,1  1/2 ,15/16,Wood
241-120,ELAN COFFEE ,6.16,9.90,12.30,2,15/16,Wood
241-134,ELAN MAHOGANY ,6.16,9.90,12.30,2,15/16,Wood
277-120R,COFFEE BROWN STAIN,4.65,8.15,10.35, 3/4 ,1  1/4 ,Wood
277-124R,HONEY MAPLE STAIN ,4.65,8.15,10.35,  3/4 ,1  1/4 ,Wood
277-125R,CHERRY STAIN ,4.65,8.15,10.35,  3/4 ,1  1/4 ,Wood
277-128R,WALNUT STAIN ,4.65,8.15,10.35,  3/4 ,1  1/4 ,Wood
277-129R,CLEAR STAIN ,4.65,8.15,10.35,  3/4 ,1  1/4 ,Wood
277-134R,MAHOGANY STAIN ,4.65,8.15,10.35,  3/4 ,1  1/4 ,Wood
277-145R,CHARCOAL STAIN ,4.65,8.15,10.35,  3/4 ,1  1/4 ,Wood
277-158R,WHITEWASH STAIN ,4.65,8.15,10.35,  3/4 ,1  1/4 ,Wood
277-159R,BLACK STAIN,4.65,8.15,10.35,  3/4 ,1  1/4 ,Wood
321-128,NUANCE WALNUT,4.20,7.58,9.70,1,1  1/4 ,Wood
321-145,NUANCE GRAY,4.20,7.58,9.70,1,1  1/4 ,Wood
322-124,NUANCE HONEY MAPLE,4.52,7.99,10.17,1  1/2 ,7/8,Wood
322-125,NUANCE CHERRY,4.52,7.99,10.17,1  1/2 ,7/8,Wood
361-120R,COFFEE BROWN STAIN ,4.47,7.93,10.10,1  3/16 , 3/4 ,Wood
361-124R,HONEY MAPLE STAIN ,4.47,7.93,10.10,1  3/16 , 3/4 ,Wood
361-125R,CHERRY STAIN ,4.47,7.93,10.10,1  3/16 , 3/4 ,Wood
361-128R,WALNUT STAIN ,4.47,7.93,10.10,1  3/16 , 3/4 ,Wood
361-129R,CLEAR STAIN ,4.47,7.93,10.10,1  3/16 , 3/4 ,Wood
361-135R,DARK MAHOGANY STAIN,4.47,7.93,10.10,1  3/16 , 3/4 ,Wood
361-142R,WHITEWASH STAIN ,4.47,7.93,10.10,1  3/16 , 3/4 ,Wood
361-145R,CHARCOAL STAIN ,4.47,7.93,10.10,1  3/16 , 3/4 ,Wood
361-159R,BLACK STAIN,4.47,7.93,10.10,1  3/16 , 3/4 ,Wood
369-120R,COFFEE BROWN ,3.05,5.90,7.70,  3/4 , 3/4 ,Wood
369-124R,HONEY PECAN STAIN ,3.05,5.90,7.70,  3/4 , 3/4 ,Wood
369-125R,CHERRY STAIN ,3.05,5.90,7.70,  3/4 , 3/4 ,Wood
369-128R,WALNUT STAIN ,3.05,5.90,7.70,  3/4 , 3/4 ,Wood
369-129R,CLEAR STAIN ,3.05,5.90,7.70,  3/4 , 3/4 ,Wood
369-134R,MAHOGANY STAIN,3.05,5.90,7.70,  3/4 , 3/4 ,Wood
369-145R,CHARCOAL STAIN ,3.05,5.90,7.70,  3/4 , 3/4 ,Wood
369-158R,WHITEWASH STAIN ,3.05,5.90,7.70,  3/4 , 3/4 ,Wood
369-159R,OPAQUE BLACK ,3.05,5.90,7.70,  3/4 , 3/4 ,Wood
370-120R,COFFEE BROWN STAIN ,4.44,7.89,10.05,1  1/8 , 3/4 ,Wood
370-124R,HONEY PECAN STAIN ,4.44,7.89,10.05,1  1/8 , 3/4 ,Wood
370-125R,CHERRY STAIN ,4.44,7.89,10.05,1  1/8 , 3/4 ,Wood
370-128R,WALNUT STAIN,4.44,7.89,10.05,1  1/8 , 3/4 ,Wood
370-134R,MAHOGANY STAIN ,4.44,7.89,10.05,1  1/8 , 3/4 ,Wood
370-159R,OPAQUE BLACK STAIN ,4.44,7.89,10.05,1  1/8 , 3/4 ,Wood
393-159,AINTREE BLACK,2.65,5.25,6.96,1  1/4 ,3/4,Wood
394-159,AINTREE BLACK ,3.74,6.94,8.95,1  3/4 ,1,Wood
403-002,MATT BLACK W/GOLD TRIM,3.05,5.90,7.70, 7/8 ,3/4,Wood
405-002,MATT BLACK W/GOLD TRIM ,3.89,7.15,9.21,1  3/8 ,11/16,Wood
501-128,GROVE WALNUT ,5.01,8.58,10.84, 3/4 ,1  1/8 ,Wood
501-129,GROVE NATURAL ,5.01,8.58,10.84, 3/4 ,1  1/8 ,Wood
501-141,GROVE WENGE ,5.01,8.58,10.84, 3/4 ,1  1/8 ,Wood
501-144,GROVE LT GRAY ,5.01,8.58,10.84, 3/4 ,1  1/8 ,Wood
501-158,GROVE WHITE ,5.01,8.58,10.84, 3/4 ,1  1/8 ,Wood
502-128,GROVE WALNUT ,7.16,11.36,13.89,1  1/2 ,1  1/8 ,Wood
502-129,GROVE NATURAL ,7.16,11.36,13.89,1  1/2 ,1  1/8 ,Wood
502-141,GROVE WENGE ,7.16,11.36,13.89,1  1/2 ,1  1/8 ,Wood
502-144,GROVE LT GRAY ,7.16,11.36,13.89,1  1/2 ,1  1/8 ,Wood
502-158,GROVE WHITE ,7.16,11.36,13.89,1  1/2 ,1  1/8 ,Wood
601-124,MILAN  PECAN  ,4.44,7.89,10.05,1  3/16, 3/4 ,Wood
601-127,MILAN  LT WALNUT,4.44,7.89,10.05,1  3/16, 3/4 ,Wood
601-128,MILAN  WALNUT ,4.44,7.89,10.05,1  3/16, 3/4 ,Wood
601-140,MILAN TAUPE  ,4.44,7.89,10.05,1  3/16, 3/4 ,Wood
601-145,MILAN  CHARCOAL,4.44,7.89,10.05,1  3/16, 3/4 ,Wood
602-124,MILAN  PECAN,8.23,12.87,15.55,2,1,Wood
602-127,MILAN  LT WALNUT ,8.23,12.87,15.55,2,1,Wood
602-128,MILAN  WALNUT,8.23,12.87,15.55,2,1,Wood
602-140,MILAN TAUPE  ,8.23,12.87,15.55,2,1,Wood
602-145,MILAN  CHARCOAL,8.23,12.87,15.55,2,1,Wood
F020,OLEA COFFEE BROWN FILLET,2.40,4.82,6.49, 9/16, 1/4 ,Fillet
F024,OLEA PEACAN FILLET,2.40,4.82,6.49, 9/16, 1/4 ,Fillet
F025,OLEA CHERRY FILLET,2.40,4.82,6.49, 9/16, 1/4 ,Fillet
F040,OLEA TAUPE FILLET,2.12,4.32,5.93, 9/16, 1/4 ,Fillet
F20,B&B FILLET SABLE BROWN,2.12,4.32,5.93, 5/8 , 1/8 ,Fillet
F2143,UTOPIA GOLD FILLET,2.28,4.61,6.25, 1/2 , 3/16,Fillet
F2233,SILVER BEAD FILLET,2.28,4.61,6.25, 1/2 , 3/16,Fillet
F2243,GOLD BEAD FILLET,2.28,4.61,6.25, 1/2 , 3/16,Fillet
F2259,BLACK BEAD FILLET,2.28,4.61,6.25, 1/2 , 3/16,Fillet
F2333,SILVER BEAD FILLET,2.28,4.61,6.25, 1/2 , 3/16,Fillet
F2343,GOLD BEAD FILLET,2.28,4.61,6.25, 1/2 , 3/16,Fillet
F2359,BLACK BEAD FILLET,2.28,4.61,6.25, 1/2 , 3/16,Fillet
F240,ARIA GOLD FILLET,2.22,4.50,6.13, 1/2 , 3/16,Fillet
F2433,SILVER BEAD FILLET,2.24,4.54,6.17, 1/2 , 3/16,Fillet
F2443,GOLD BEAD FILLET,2.24,4.54,6.17, 1/2 , 3/16,Fillet
F250,ARIA SILVER FILLET,2.22,4.50,6.13, 1/2 , 3/16,Fillet
F320,GLOSSY COFFEE BROWN FILLET,2.30,4.65,6.29, 7/16, 3/16,Fillet
F322,VIRTU GOLD FILLET,2.26,4.57,6.21, 5/8 , 1/8 ,Fillet
F332,VIRTU SILVER FILLET,2.26,4.57,6.21, 5/8 , 1/8 ,Fillet
F345,GLOSSY GRAY FILLET,2.30,4.65,6.29, 3/8 , 3/16,Fillet
F35,SILVER FILLET,2.28,4.61,6.25, 3/8 , 3/16,Fillet
F370,MATT BLACK FILLET,2.00,4.11,5.69, 9/16, 1/8 ,Fillet
F45,GOLD FILLET,2.28,4.61,6.25, 3/8 , 3/16,Fillet
F55,SABI ANTIQUE GOLD FILLET,2.28,4.61,6.25, 3/8 , 3/16,Fillet
F65,ELEVE GOLD FILLET,2.28,4.61,6.25, 3/8 , 1/8 ,Fillet
F75,ELEVE SILVER FILLET,2.28,4.61,6.25, 3/8 , 1/8 ,Fillet
F81,PLACER GOLD FILLET,2.28,4.61,6.25, 3/8 , 3/16,Fillet
F812,REGIA DARK GOLD FILLET,2.28,4.61,6.25, 7/16, 3/16,Fillet
F814,REGIA DARK SILVER FILLET,2.22,4.50,6.13, 7/16, 3/16,Fillet
F822,REGIA GOLD FILLET,2.24,4.54,6.17, 7/16, 3/16,Fillet
F824,REGIA SILVER FILLET,2.24,4.54,6.17, 7/16, 3/16,Fillet
F85,ELEVE DARK SILVER FILLET,2.22,4.50,6.13, 3/8 , 1/8 ,Fillet
F91,PLACER SILVER FILLET,2.30,4.65,6.29, 3/8 , 3/16,Fillet
FL10,LISO CHAMPAGNE SILVER FILLET,2.12,4.32,5.93, 3/8 , 3/16,Fillet
FL20,LISO GUNMETAL FILLET,2.12,4.32,5.93, 3/8 , 3/16,Fillet
FL30,LISO SILVER FILLET,2.12,4.32,5.93, 3/8 , 3/16,Fillet
FL50,LISO BRASS FILLET,2.12,4.32,5.93, 3/8 , 3/16,Fillet
FL80,LISO VI GOLD FILLET,2.12,4.32,5.93, 3/8 , 3/16,Fillet
FL90,LISO ARCTIC SILVER FILLET,2.12,4.32,5.93, 3/8 , 3/16,Fillet
STRCH-A,STRETCHER BAR,2.48,4.96,6.64,2.13, 7/16,Extender
STRCH-B,STRETCHER BAR,1.31,2.79,4.12,1.38, 3/4 ,Extender