category,item,description, cost , dimensions 
BAINBRIDGE,8570B4060,40X60 ICE BLUE ALPHA,  53.10 , 40x60 
BAINBRIDGE,TM8321VB4060,40X60 SPANISH WHITE BC VELLUM,  92.40 , 40x60 
BAINBRIDGE,TM8463VB4060,40X60 SPANISH WHITE VELLUM,  83.30 , 40x60 
BAINBRIDGE,TM8517B4060,40X60 IVORY BLACK,  83.30 , 40x60 
BAINBRIDGE,8260B4060,40X60 ICE WHITE,  53.10 , 40x60 
BAINBRIDGE,8301B4060,40X60 IVORY BLACK SABLE,  64.30 , 40x60 
BAINBRIDGE,8313B4060,40X60 SNOWFLAKE SABLE,  64.30 , 40x60 
BAINBRIDGE,8321B4060,40X60 BRUSHED ONYX SABLE CORE,  64.30 , 40x60 
BAINBRIDGE,8445B4060,40X60 FIDDLEHEAD,  53.10 , 40x60 
BAINBRIDGE,8448B4060,40X60 JALAPENO,  53.10 , 40x60 
BAINBRIDGE,8450B4060,40X60 DENIM BLUE,  53.10 , 40x60 
BAINBRIDGE,8462VB4060,40x60 WHEAT,  53.10 , 40x60 
BAINBRIDGE,8463B4060,40X60 SPANISH WHITE,  53.10 , 40x60 
BAINBRIDGE,8464B4060,40X60 MATTE WHITE,  53.10 , 40x60 
BAINBRIDGE,8465VB4060,40X60 IGLOO,  53.10 , 40x60 
BAINBRIDGE,8466B4060,40X60 FROST,  53.10 , 40x60 
BAINBRIDGE,8479B4060,40X60 IMPERIAL PLUM,  53.10 , 40x60 
BAINBRIDGE,8505B4060,40X60 TEAL GRAY ALPHA,  53.10 , 40x60 
BAINBRIDGE,8506B4060,40X60 TUSCAN BROWN,  53.10 , 40x60 
BAINBRIDGE,8509B4060,40X60 MALACCA ALPHA,  53.10 , 40x60 
BAINBRIDGE,8515B4060,40X60 DOVER GREY,  53.10 , 40x60 
BAINBRIDGE,8517B4060,40X60 IVORY BLACK ALPHA,  53.10 , 40x60 
BAINBRIDGE,8518B4060,40X60 ASH ALPHA,  53.10 , 40x60 
BAINBRIDGE,8519B4060,40X60 SNOWFLAKE ALPHA,  53.10 , 40x60 
BAINBRIDGE,8520B4060,40X60 TALC ALPHA,  53.10 , 40x60 
BAINBRIDGE,8526B4060,40X60 INDIGO ALPHA,  53.10 , 40x60 
BAINBRIDGE,8527B4060,40X60 ALMANDINE ALPHA,  53.10 , 40x60 
BAINBRIDGE,8540B4060,40X60 TARTAN GREEN,  53.10 , 40x60 
BAINBRIDGE,8559B4060,40X60 PHOTO WHITE ALPHA,  53.10 , 40x60 
BAINBRIDGE,8634.8B4060,40X60 WHITE 8PLY ALPHARAG,  160.50 , 40x60 
BAINBRIDGE,8634B4060,40x60 WHITE 4PLY ALPHARAG,  70.70 , 40x60 
BAINBRIDGE,8644B4060,40X60 EBONY,  107.00 , 40x60 
BAINBRIDGE,8647.8B4060,40X60 PEARL WHT 8 PLY ALPHARAG,  160.50 , 40x60 
BAINBRIDGE,8647B4060,40X60 PEARL WHITE,  70.70 , 40x60 
BAINBRIDGE,8655B4060,40X60 PURE WHITE 4PLY,  70.70 , 40x60 
BAINBRIDGE,8667B4060,40X60 COLONIAL CREAM,  73.60 , 40x60 
BAINBRIDGE,8740.8B4060,40X60 SOLID WHITE 8PLY ALPHA E,  135.00 , 40x60 
BAINBRIDGE,8740B4060,40X60 SOLID WHITE ALPHA ESSENT,  65.10 , 40x60 
BAINBRIDGE,8741B4060,40X60 SOLID BLACK ALPHA ESSENT,  65.10 , 40x60 
BAINBRIDGE,4097B4060,40X60 CAMEL NEW THREADS,  114.50 , 40x60 
BAINBRIDGE,4099B4060,40X60 NIGHTSHADE BASICS NEW TH,  114.50 , 40x60 
BAINBRIDGE,4101B4060,40X60 NAVY BASICS NEW THREADS,  114.50 , 40x60 
BAINBRIDGE,4104B4060,40X60 WHITE BASICS NEW THREADS,  114.50 , 40x60 
BAINBRIDGE,4113B4060,40X60 AUTUMN FROST NEW THREADS,  114.50 , 40x60 
BAINBRIDGE,4115B4060,40X60 FOREST FLOOR BASICS NEW,  114.50 , 40x60 
BAINBRIDGE,4126B4060,40X60 MAJESTIC BROWN BASICS N,  114.50 , 40x60 
BAINBRIDGE,4127B4060,40X60 BRICK OVEN BASICS NEW TH,  114.50 , 40x60 
BAINBRIDGE,4135B4060,40X60 CAFE AU LAIT NEW TH BASI,  114.50 , 40x60 
BAINBRIDGE,4150B4060,40X60 MIDNIGHT SUEDE BASICS,  90.70 , 40x60 
BAINBRIDGE,4165B4060,40X60 COAL SUEDE BASICS,  90.70 , 40x60 
BAINBRIDGE,4176B4060,40X60 WHITE SUEDE BASICS,  90.70 , 40x60 
BAINBRIDGE,4180B4060,40X60 CABERNET SUEDE,  90.70 , 40x60 
BAINBRIDGE,4183B4060,40X60 PERSIMMON SUEDE,  90.70 , 40x60 
BAINBRIDGE,4216B4060,40X60 VIVID PURPLE SUEDE,  90.70 , 40x60 
BAINBRIDGE,4223B4060,40X60 BLAZE BASICS SUEDE,  90.70 , 40x60 
BAINBRIDGE,4233B4060,40X60 BALSAM SUEDE BASICS,  90.70 , 40x60 
BAINBRIDGE,4236B4060,40X60 BLUEBERRY SUEDE BASICS,  90.70 , 40x60 
BAINBRIDGE,12058B,MOSAIC BLUE SELECT ORIG BAIN,  16.50 , 32x40 
BAINBRIDGE,12087B,BRIGHTEST WHITE SELECT BAIN,  16.50 , 32x40 
BAINBRIDGE,12091B,CHARTREUSE SELECT ORIG BAIN,  16.50 , 32x40 
BAINBRIDGE,12094B,ULTRA VIOLET SELECT OG BAIN,  16.50 , 32x40 
BAINBRIDGE,4415B,BONSAI BROWN TATAMI SILK,  86.70 , 32x40 
BAINBRIDGE,TM8012B,ONYX 8 PLY,  55.00 , 32x40 
BAINBRIDGE,TM8321VB,SPANISH WHITE BC VELLUM,  42.60 , 32x40 
BAINBRIDGE,TM8463VB,SPANISH WHITE VELLUM,  37.90 , 32x40 
BAINBRIDGE,TM8464VB,MATTE WHITE VELLUM,  37.90 , 32x40 
BAINBRIDGE,TM8465VB,IGLOO VELLUM,  37.90 , 32x40 
BAINBRIDGE,TM8466B,FROST,  37.90 , 32x40 
BAINBRIDGE,TM8517B,IVORY BLACK,  37.90 , 32x40 
BAINBRIDGE,TM8519B,SNOWFLAKE,  37.90 , 32x40 
BAINBRIDGE,TM8520B,TALC,  37.90 , 32x40 
BAINBRIDGE,TM8559VB,PHOTO WHITE VELLUM,  37.90 , 32x40 
BAINBRIDGE,TM8744B,MALACCA 8PLY,  60.30 , 32x40 
BAINBRIDGE,TM8749B,CHROME 8PLY,  60.30 , 32x40 
BAINBRIDGE,TM8751B,ASH 8PLY,  60.30 , 32x40 
BAINBRIDGE,108506B,CHOCOLATE SWIRL ALPHA HERITAGE,  32.40 , 32x40 
BAINBRIDGE,468085B,FORGED IRON ALPHA,  40.20 , 32x40 
BAINBRIDGE,608155B,TORNADO VINTAGE,  32.40 , 32x40 
BAINBRIDGE,608181B,BLACK DENIM VINTAGE,  32.40 , 32x40 
BAINBRIDGE,608512B,JAVA VINTAGE,  32.40 , 32x40 
BAINBRIDGE,648442B,BLACK ASH ALPHA,  32.40 , 32x40 
BAINBRIDGE,768528B,BARNYARD,  32.40 , 32x40 
BAINBRIDGE,8002B,SILVER,  31.50 , 32x40 
BAINBRIDGE,8003B,GOLD,  31.50 , 32x40 
BAINBRIDGE,8004B,WARM GOLD,  31.50 , 32x40 
BAINBRIDGE,8006B,BRUSHED SILVER,  31.50 , 32x40 
BAINBRIDGE,8007B,BRUSHED PALE GOLD,  31.50 , 32x40 
BAINBRIDGE,8008B,BRUSHED GOLD,  31.50 , 32x40 
BAINBRIDGE,8012B,BRUSHED ONYX,  31.50 , 32x40 
BAINBRIDGE,8013B,MATADOR,  24.00 , 32x40 
BAINBRIDGE,8014B,GREY QUARTZ,  31.50 , 32x40 
BAINBRIDGE,8015B,SMOKEY TOPAZ,  31.50 , 32x40 
BAINBRIDGE,8020B,RED RAVE,  31.50 , 32x40 
BAINBRIDGE,8022B,LEMONDROP,  31.50 , 32x40 
BAINBRIDGE,8027B,MANGO,  31.50 , 32x40 
BAINBRIDGE,8037B,LIME,  31.50 , 32x40 
BAINBRIDGE,8042B,LIGHT MARINE,  31.50 , 32x40 
BAINBRIDGE,8052B,PRECIOUS PINK,  24.00 , 32x40 
BAINBRIDGE,8055B,ARDENT BLUE,  24.00 , 32x40 
BAINBRIDGE,8056B,BALMY BLUE,  24.00 , 32x40 
BAINBRIDGE,8061B,URBAN BLACK,  31.50 , 32x40 
BAINBRIDGE,8083B,GOLDEN MOCHA ALPHA PREC METAL,  31.50 , 32x40 
BAINBRIDGE,8085B,NICKEL ALPHA PRECIOUS METAL,  31.50 , 32x40 
BAINBRIDGE,8086B,BRASS BAND ALPHA PRECIOUS META,  31.50 , 32x40 
BAINBRIDGE,8093B,REAL RED,  31.50 , 32x40 
BAINBRIDGE,8094B,PATRIOT BLUE,  31.50 , 32x40 
BAINBRIDGE,8096B,BRONZE,  31.50 , 32x40 
BAINBRIDGE,8097B,ALUMINUM,  31.50 , 32x40 
BAINBRIDGE,8108B,SHERRY,  24.00 , 32x40 
BAINBRIDGE,8140B,TOPAZ,  29.80 , 32x40 
BAINBRIDGE,8142B,AZURITE,  29.80 , 32x40 
BAINBRIDGE,8151B,PALM,  24.00 , 32x40 
BAINBRIDGE,8153B,JUTE,  24.00 , 32x40 
BAINBRIDGE,8155VB,FIORI,  24.00 , 32x40 
BAINBRIDGE,8156VB,PRATO,  24.00 , 32x40 
BAINBRIDGE,8157VB,VERDE,  24.00 , 32x40 
BAINBRIDGE,8158VB,SOLE,  24.00 , 32x40 
BAINBRIDGE,8159VB,MARE,  24.00 , 32x40 
BAINBRIDGE,8160VB,LUNA,  24.00 , 32x40 
BAINBRIDGE,8162VB,FANGO,  24.00 , 32x40 
BAINBRIDGE,8180VB,MOCHA,  24.00 , 32x40 
BAINBRIDGE,8181VB,MATTE BLACK,  24.00 , 32x40 
BAINBRIDGE,8182VB,RAINFOREST GREEN,  24.00 , 32x40 
BAINBRIDGE,8183VB,DARKEST BLUE,  24.00 , 32x40 
BAINBRIDGE,8189VB,TOASTED ALMOND,  24.00 , 32x40 
BAINBRIDGE,8192B,FIERY RED,  24.00 , 32x40 
BAINBRIDGE,8254B,COWHIDE LEATHER,  31.50 , 32x40 
BAINBRIDGE,8260B,ICE WHITE,  24.00 , 32x40 
BAINBRIDGE,8262B,POLAR WHITE,  24.00 , 32x40 
BAINBRIDGE,8264B,WILD OLIVE,  24.00 , 32x40 
BAINBRIDGE,8265B,TABASCO,  24.00 , 32x40 
BAINBRIDGE,8267B,CRYSTAL BLUE ALPHA,  24.00 , 32x40 
BAINBRIDGE,8268B,MOONROCK ALPHA,  24.00 , 32x40 
BAINBRIDGE,8269B,CLARET ALPHA,  24.00 , 32x40 
BAINBRIDGE,8270B,CLEMENTINE ALPHA,  24.00 , 32x40 
BAINBRIDGE,8271B,DREAMWEAVER ALPHA,  24.00 , 32x40 
BAINBRIDGE,8272B,GOLDENROD ALPHA,  24.00 , 32x40 
BAINBRIDGE,8273B,BERYL ALPHA,  24.00 , 32x40 
BAINBRIDGE,8274B,DAWN ALPHA,  24.00 , 32x40 
BAINBRIDGE,8275B,DRIED SAGE ALPHA,  24.00 , 32x40 
BAINBRIDGE,8276B,PALOMA ALPHA,  24.00 , 32x40 
BAINBRIDGE,8277B,PAGODA ALPHA,  24.00 , 32x40 
BAINBRIDGE,8278B,BIJOU ALPHA,  24.00 , 32x40 
BAINBRIDGE,8301B,IVORY BLK/BLK CORE,  29.80 , 32x40 
BAINBRIDGE,8304B,FLINT/BLK CORE,  29.80 , 32x40 
BAINBRIDGE,8305B,FEATHERSTONE/BLK CORE,  29.80 , 32x40 
BAINBRIDGE,8306B,MATTE WHITE/BLK CORE,  29.80 , 32x40 
BAINBRIDGE,8307B,FROST/BLK CORE,  29.80 , 32x40 
BAINBRIDGE,8308B,SEA MIST/BLK CORE,  29.80 , 32x40 
BAINBRIDGE,8313B,SNOWFLAKE BLK CORE,  29.80 , 32x40 
BAINBRIDGE,8314B,TALC BLACK CORE,  29.80 , 32x40 
BAINBRIDGE,8315B,FAIRFIELD WHT BLK CORE,  29.80 , 32x40 
BAINBRIDGE,8317B,STEEL GRAY BLACK CORE,  29.80 , 32x40 
BAINBRIDGE,8318B,MALACCA BLACK CORE,  29.80 , 32x40 
BAINBRIDGE,8319B,TEAL GRAY BLK CORE,  29.80 , 32x40 
BAINBRIDGE,8320B,TAUPE BLACK CORE,  29.80 , 32x40 
BAINBRIDGE,8321B,BRUSHED ONYX SABLE CORE,  29.80 , 32x40 
BAINBRIDGE,8401B,BISCOTTI,  24.00 , 32x40 
BAINBRIDGE,8409B,AMBER,  24.00 , 32x40 
BAINBRIDGE,8412B,GREEN OLIVE,  24.00 , 32x40 
BAINBRIDGE,8417B,VENETIAN BLUE,  24.00 , 32x40 
BAINBRIDGE,8420B,SOFTLY PINK,  24.00 , 32x40 
BAINBRIDGE,8425B,SEA GREEN,  24.00 , 32x40 
BAINBRIDGE,8426B,PARAKEET,  24.00 , 32x40 
BAINBRIDGE,8428B,PAPAYA,  24.00 , 32x40 
BAINBRIDGE,8431VB,ANTIQUE VELLUM ALPHMAT,  24.00 , 32x40 
BAINBRIDGE,8432VB,ANGORA VELLUM ALPHMAT,  24.00 , 32x40 
BAINBRIDGE,8433VB,JET VELLUM ALPHAMAT,  24.00 , 32x40 
BAINBRIDGE,8435VB,CHROME VELLUM ALPHAMAT,  24.00 , 32x40 
BAINBRIDGE,8437VB,CLOVER VELLUM ALPHAMAT,  24.00 , 32x40 
BAINBRIDGE,8438VB,CHALK VELLUM ALPHAMAT,  24.00 , 32x40 
BAINBRIDGE,8440B,AUBERGINE,  24.00 , 32x40 
BAINBRIDGE,8442B,KONA,  24.00 , 32x40 
BAINBRIDGE,8443B,TEAK,  24.00 , 32x40 
BAINBRIDGE,8444B,PECAN,  24.00 , 32x40 
BAINBRIDGE,8445B,FIDDLEHEAD,  24.00 , 32x40 
BAINBRIDGE,8446B,RAFFIA,  24.00 , 32x40 
BAINBRIDGE,8447B,BLACK SPRUCE,  24.00 , 32x40 
BAINBRIDGE,8448B,JALAPENO,  24.00 , 32x40 
BAINBRIDGE,8450B,DENIM BLUE,  24.00 , 32x40 
BAINBRIDGE,8451B,MULBERRY,  24.00 , 32x40 
BAINBRIDGE,8453B,CAYENNE,  24.00 , 32x40 
BAINBRIDGE,8454B,MARIGOLD,  24.00 , 32x40 
BAINBRIDGE,8455B,MAIZE,  24.00 , 32x40 
BAINBRIDGE,8456B,FOG,  24.00 , 32x40 
BAINBRIDGE,8458B,SMOKE,  24.00 , 32x40 
BAINBRIDGE,8460B,QUAKER GREY,  24.00 , 32x40 
BAINBRIDGE,8461B,GUN METAL,  24.00 , 32x40 
BAINBRIDGE,8462B,WHEAT,  24.00 , 32x40 
BAINBRIDGE,8463B,SPANISH WHITE,  24.00 , 32x40 
BAINBRIDGE,8464B,MATTE WHITE,  24.00 , 32x40 
BAINBRIDGE,8465B,IGLOO,  24.00 , 32x40 
BAINBRIDGE,8466B,FROST,  24.00 , 32x40 
BAINBRIDGE,8467B,FRENCH WHITE,  24.00 , 32x40 
BAINBRIDGE,8468B,MEDIEVAL FOREST,  24.00 , 32x40 
BAINBRIDGE,8470B,ETRUSCAN BRONZE,  24.00 , 32x40 
BAINBRIDGE,8471B,DYNASTY CELADON,  24.00 , 32x40 
BAINBRIDGE,8473B,FLORENTINE LAPIS,  24.00 , 32x40 
BAINBRIDGE,8474B,PERSIAN SAPPHIRE,  24.00 , 32x40 
BAINBRIDGE,8475B,OLYMPIAN BLUE,  24.00 , 32x40 
BAINBRIDGE,8478B,ROMANESQUE GRAPE,  24.00 , 32x40 
BAINBRIDGE,8479B,IMPERIAL PLUM,  24.00 , 32x40 
BAINBRIDGE,8483B,BAROQUE RUBY,  24.00 , 32x40 
BAINBRIDGE,8484B,VENETIAN GARNET,  24.00 , 32x40 
BAINBRIDGE,848443B,ANTIQUE SIENNA,  32.40 , 32x40 
BAINBRIDGE,8485B,RENAISSANCE GOLD,  24.00 , 32x40 
BAINBRIDGE,848512B,EMPIRE GOLD,  32.40 , 32x40 
BAINBRIDGE,848539B,BRONZED MAPLE ALPHA HERITAGE,  32.40 , 32x40 
BAINBRIDGE,8486B,ARABIAN WHITE,  24.00 , 32x40 
BAINBRIDGE,8487B,PALOMINO ALPHA,  24.00 , 32x40 
BAINBRIDGE,8488B,SAND DUNE ALPHA,  24.00 , 32x40 
BAINBRIDGE,8500B,SHELL,  24.00 , 32x40 
BAINBRIDGE,8503B,CHAMOIS ALPHA,  24.00 , 32x40 
BAINBRIDGE,8504B,SHADOW BLUE ALPHA,  24.00 , 32x40 
BAINBRIDGE,8505B,TEAL GRAY ALPHA,  24.00 , 32x40 
BAINBRIDGE,8506B,TUSCAN BROWN,  24.00 , 32x40 
BAINBRIDGE,8509B,MALACCA ALPHA,  24.00 , 32x40 
BAINBRIDGE,8510B,ANNAPOLIS BLUE ALPHA,  24.00 , 32x40 
BAINBRIDGE,8511B,SEA MIST ALPHA,  24.00 , 32x40 
BAINBRIDGE,8512B,SORREL ALPHA,  24.00 , 32x40 
BAINBRIDGE,8514B,SONORA ALPHA,  24.00 , 32x40 
BAINBRIDGE,8515B,DOVER GRAY ALPHA,  24.00 , 32x40 
BAINBRIDGE,8516B,PAMPAS ALPHA,  24.00 , 32x40 
BAINBRIDGE,8517B,IVORY BLACK ALPHA,  24.00 , 32x40 
BAINBRIDGE,8518B,ASH ALPHA,  24.00 , 32x40 
BAINBRIDGE,8519B,SNOWFLAKE ALPHA,  24.00 , 32x40 
BAINBRIDGE,8520B,TALC ALPHA,  24.00 , 32x40 
BAINBRIDGE,8521B,FAIRFIELD ALPHA,  24.00 , 32x40 
BAINBRIDGE,8522B,COBBLESTONE ALPHA,  24.00 , 32x40 
BAINBRIDGE,8525B,ALMOND ALPHA,  24.00 , 32x40 
BAINBRIDGE,8526B,INDIGO ALPHA,  24.00 , 32x40 
BAINBRIDGE,8527B,ALMANDINE ALPHA,  24.00 , 32x40 
BAINBRIDGE,8528B,GARNET ALPHA,  24.00 , 32x40 
BAINBRIDGE,8531B,SPICE ALPHA,  24.00 , 32x40 
BAINBRIDGE,8535B,MOROCCAN SAND ALPHA,  24.00 , 32x40 
BAINBRIDGE,8536B,HEATHER MIST ALPHA,  24.00 , 32x40 
BAINBRIDGE,8539B,BRIARWOOD ALPHA,  24.00 , 32x40 
BAINBRIDGE,8540B,TARTAN GREEN ALPHA,  24.00 , 32x40 
BAINBRIDGE,8545B,CATAWBA ALPHA,  24.00 , 32x40 
BAINBRIDGE,8552B,CARMINE ALPHA,  24.00 , 32x40 
BAINBRIDGE,8555B,NIMBUS ALPHA,  24.00 , 32x40 
BAINBRIDGE,8556B,KIRKWOOD ALPHA,  24.00 , 32x40 
BAINBRIDGE,8559B,PHOTO WHITE ALPHA,  24.00 , 32x40 
BAINBRIDGE,8560B,SULTAN SAND ALPHA,  24.00 , 32x40 
BAINBRIDGE,8563B,TAUPE ALPHA,  24.00 , 32x40 
BAINBRIDGE,8564B,POWDER ROSE ALPHA,  24.00 , 32x40 
BAINBRIDGE,8565B,OLDE ROSE ALPHA,  24.00 , 32x40 
BAINBRIDGE,8567B,DUSK GRAY ALPHA,  24.00 , 32x40 
BAINBRIDGE,8570B,ICE BLUE ALPHA,  24.00 , 32x40 
BAINBRIDGE,8571B,HUNTER GREEN ALPHA,  24.00 , 32x40 
BAINBRIDGE,8572B,BLUE SPRUCE ALPHA,  24.00 , 32x40 
BAINBRIDGE,8573B,TAPESTRY ALPHA,  24.00 , 32x40 
BAINBRIDGE,8574B,SAPPHIRE ALPHA,  24.00 , 32x40 
BAINBRIDGE,8583B,PALE MAUVE,  24.00 , 32x40 
BAINBRIDGE,8584B,PERIWINKLE,  24.00 , 32x40 
BAINBRIDGE,8585B,JONQUIL,  24.00 , 32x40 
BAINBRIDGE,8586B,IRIS,  24.00 , 32x40 
BAINBRIDGE,8589B,TEAL BLUE,  24.00 , 32x40 
BAINBRIDGE,8591B,RIGHT RED,  24.00 , 32x40 
BAINBRIDGE,8592B,BORDEAUX,  24.00 , 32x40 
BAINBRIDGE,8593B,STEEL GREY,  24.00 , 32x40 
BAINBRIDGE,8597B,FLAGSTONE,  24.00 , 32x40 
BAINBRIDGE,8629B,FRESH HAY,  42.70 , 32x40 
BAINBRIDGE,8632B,WHITE 2PLY ALPHARAG,  19.30 , 32x40 
BAINBRIDGE,8634B,WHITE 4PLY ALPHARAG,  33.70 , 32x40 
BAINBRIDGE,8640.8B,ANTIQUE WHITE 8PLY,  75.00 , 32x40 
BAINBRIDGE,8640B,ANTQ WHT 4PLY ALPHRAG,  33.70 , 32x40 
BAINBRIDGE,8642B,CREAM 4PLY ALPHARAG,  35.70 , 32x40 
BAINBRIDGE,8643B,DOVE GRAY 4PLY ALPHRAG,  35.70 , 32x40 
BAINBRIDGE,8644B,EBONY 4PLY ALPHARAG,  42.70 , 32x40 
BAINBRIDGE,8645B,IVORY 4PLY ALPHARAG,  35.70 , 32x40 
BAINBRIDGE,8646.8B,KHAKI 8PLY,  79.10 , 32x40 
BAINBRIDGE,8646B,KHAKI 4PLY ALPHARAG,  35.70 , 32x40 
BAINBRIDGE,8647.8B,PEARL WHITE 8PLY,  75.00 , 32x40 
BAINBRIDGE,8647B,PEARL WHT 4PLY ALPHRAG,  33.70 , 32x40 
BAINBRIDGE,8653.8B,PURE WHITE 8PLY,  72.15 , 32x40 
BAINBRIDGE,8654B,PURE WHITE 2PLY,  19.30 , 32x40 
BAINBRIDGE,8655B,PURE WHITE 4PLY,  33.70 , 32x40 
BAINBRIDGE,8656B,NATURAL WHITE 4PLY,  33.70 , 32x40 
BAINBRIDGE,8660.8B,8 PLY WHITE ALPHA RAG,  72.15 , 32x40 
BAINBRIDGE,8663B,NATURAL BLACK 4PLY,  42.70 , 32x40 
BAINBRIDGE,8664B,SPECIAL CREAM 4PLY,  35.70 , 32x40 
BAINBRIDGE,8665B,TUMBLEWEED,  35.70 , 32x40 
BAINBRIDGE,8666B,SAND,  35.70 , 32x40 
BAINBRIDGE,8667B,COLONIAL CREAM 4PLY,  35.70 , 32x40 
BAINBRIDGE,8668B,ECRU 4PLY,  35.70 , 32x40 
BAINBRIDGE,8669B,BLACK SHADOW 4PLY,  42.70 , 32x40 
BAINBRIDGE,8673B,DEEP SAGE,  42.70 , 32x40 
BAINBRIDGE,8674B,STONE 4PLY,  35.70 , 32x40 
BAINBRIDGE,8678B,COIR,  42.70 , 32x40 
BAINBRIDGE,8688B,GLACIER WHITE,  33.70 , 32x40 
BAINBRIDGE,8690B,TOASTED WHEAT,  42.70 , 32x40 
BAINBRIDGE,8740.8B,SOLID WHITE 8PLY ALPHA ESSENTI,  60.30 , 32x40 
BAINBRIDGE,8740B,SOLID WHITE ALPHA ESSENTIALS,  29.60 , 32x40 
BAINBRIDGE,8741.8B,SOLID BLACK 8PLY ALPHA ESSENTI,  60.30 , 32x40 
BAINBRIDGE,8741B,SOLID BLACK ALPHA ESSENTIALS,  29.60 , 32x40 
BAINBRIDGE,8742.8B,WHEAT 8PLY,  60.30 , 32x40 
BAINBRIDGE,8742B,SOLID WHEAT ALPHA ESSENTIALS,  29.60 , 32x40 
BAINBRIDGE,8743B,SOLID SAND ALPHA ESSENTIALS,  29.60 , 32x40 
BAINBRIDGE,8744B,SOLID MALACCA ALPHA ESSENTIALS,  29.60 , 32x40 
BAINBRIDGE,8745B,SOLID PAMPAS ALPHA ESSENTIALS,  29.60 , 32x40 
BAINBRIDGE,8747.8B,GREY 8PLY,  60.30 , 32x40 
BAINBRIDGE,8747B,SOLID GREY ALPHA ESSENTIALS,  29.60 , 32x40 
BAINBRIDGE,8748B,SOLID PRATO ALPHA ESSENTIALS,  29.60 , 32x40 
BAINBRIDGE,8749B,SOLID CHROME ALPHA ESSENTIALS,  29.60 , 32x40 
BAINBRIDGE,8750B,SOLID LOAM ALPHA ESSENTIALS,  29.60 , 32x40 
BAINBRIDGE,8751B,SOLID ASH ALPHA ESSENTIALS,  29.60 , 32x40 
BAINBRIDGE,8752B,SOLID FANGO ALPHA ESSENTIALS,  29.60 , 32x40 
BAINBRIDGE,8755B,SOLID KHAKI,  29.60 , 32x40 
BAINBRIDGE,8756B,SOLID ECRU,  29.60 , 32x40 
BAINBRIDGE,8757B,SOLID EBONY,  29.60 , 32x40 
BAINBRIDGE,8758B,SOLID IVORY,  29.60 , 32x40 
BAINBRIDGE,8759B,SOLID SLATE,  29.60 , 32x40 
BAINBRIDGE,8760B,SOLID PEARL,  29.60 , 32x40 
BAINBRIDGE,878455B,APPLE CIDER,  32.40 , 32x40 
BAINBRIDGE,878503B,ROCOCO CREAM,  32.40 , 32x40 
BAINBRIDGE,878526B,RENAISSANCE BLUE,  32.40 , 32x40 
BAINBRIDGE,878540B,GOTHIC GREEN,  32.40 , 32x40 
BAINBRIDGE,878559B,VICTORIAN CAMEO,  32.40 , 32x40 
BAINBRIDGE,8801B,EARTHSTONE-FEATHERSTONE,  29.80 , 32x40 
BAINBRIDGE,8805B,EARTHSTONE-FLINT,  29.80 , 32x40 
BAINBRIDGE,8809B,FELDSPAR,  29.80 , 32x40 
BAINBRIDGE,8812B,ZINC,  29.80 , 32x40 
BAINBRIDGE,8815B,MUSLIN,  29.80 , 32x40 
BAINBRIDGE,8841B,PHOTO GREY ALPHA -ASH/GREY,  29.80 , 32x40 
BAINBRIDGE,928155B,FIORI GROTTO,  32.40 , 32x40 
BAINBRIDGE,928158B,SOLE GROTTO,  32.40 , 32x40 
BAINBRIDGE,998008B,GOLD BULLION,  32.40 , 32x40 
BAINBRIDGE,998741B,OLD BRONZE RUSTIC ESSENTIALS,  39.20 , 32x40 
BAINBRIDGE,998743B,VINTAGE OAK RUSTIC ESSENTIALS,  39.20 , 32x40 
BAINBRIDGE,998747B,WEATHERED ZINC RUSTIC ESSENTIA,  39.20 , 32x40 
BAINBRIDGE,998751B,IRONWORK RUSTIC ESSENTIALS,  39.20 , 32x40 
BAINBRIDGE,998752B,DARK CLAY RUSTIC,  39.20 , 32x40 
BAINBRIDGE,4008B,GOLD DUST RICE PAPER,  70.40 , 32x40 
BAINBRIDGE,4013B,CANDLELIGHT SILVER RICE PAPER,  74.10 , 32x40 
BAINBRIDGE,4020B,RAPHAEL CLOUD ALPHA LINEN,  82.60 , 32x40 
BAINBRIDGE,4021B,MONET LILY ALPHA LINEN,  82.60 , 32x40 
BAINBRIDGE,4022B,SEURAT SAND ALPHA LINEN,  82.60 , 32x40 
BAINBRIDGE,4023B,REMBRANDT SHADOW ALPHA LINEN,  82.60 , 32x40 
BAINBRIDGE,4024B,VERMEER BLACK ALPHA LINEN,  82.60 , 32x40 
BAINBRIDGE,4025B,TITIAN GOLD ALPHA LINEN,  82.60 , 32x40 
BAINBRIDGE,4027B,GAUGUIN GREEN ALPHA LINEN,  82.60 , 32x40 
BAINBRIDGE,4075B,PEATMOSS GLAZED LINEN,  74.10 , 32x40 
BAINBRIDGE,4079B,OATMEAL GLAZED LINEN,  74.10 , 32x40 
BAINBRIDGE,4080B,CHARRED BLACK GLAZED LINEN,  74.10 , 32x40 
BAINBRIDGE,4091B,MERINGUE NEW THREADS,  57.10 , 32x40 
BAINBRIDGE,4097B,CAMEL NEW THREADS LINEN,  57.10 , 32x40 
BAINBRIDGE,4099B,NIGHTSHADE BASICS NEW THREADS,  57.10 , 32x40 
BAINBRIDGE,4101B,NAVY BASICS NEW THREADS,  57.10 , 32x40 
BAINBRIDGE,4104B,WHITE BASICS NEW THREADS,  57.10 , 32x40 
BAINBRIDGE,4111B,SCARLET BASICS NEW THREADS,  57.10 , 32x40 
BAINBRIDGE,4112B,WATCHET BLUE NEW THREADS,  57.10 , 32x40 
BAINBRIDGE,4113B,AUTUMN FROST NEW THREADS,  57.10 , 32x40 
BAINBRIDGE,4114B,ENCHANTED PURPLE NEW THREADS,  57.10 , 32x40 
BAINBRIDGE,4115B,FOREST FLOOR BASICS NEW THREAD,  57.10 , 32x40 
BAINBRIDGE,4116B,COURTYARD BASICS NEW THREADS,  57.10 , 32x40 
BAINBRIDGE,4117B,GRECIAN WHITE NEW THREADS,  57.10 , 32x40 
BAINBRIDGE,4119B,GRAPPA NEW THREADS,  57.10 , 32x40 
BAINBRIDGE,4121B,ORANGE ZEST NEW THREADS,  57.10 , 32x40 
BAINBRIDGE,4125B,ANCIENT STONE NEW THREADS,  57.10 , 32x40 
BAINBRIDGE,4126B,MAJESTIC BROWN BASICS NEW THRE,  57.10 , 32x40 
BAINBRIDGE,4127B,BRICK OVEN BASICS NEW THREADS,  57.10 , 32x40 
BAINBRIDGE,4132B,BAMBOO NEW THREADS BASICS,  57.10 , 32x40 
BAINBRIDGE,4135B,CAFE AU LAIT NEW THREADS BASIC,  57.10 , 32x40 
BAINBRIDGE,4146B,WILLOW SUEDE,  47.10 , 32x40 
BAINBRIDGE,4147B,SPRUCE SUEDE,  47.10 , 32x40 
BAINBRIDGE,4149B,WINE BASICS SUEDE,  47.10 , 32x40 
BAINBRIDGE,4150B,MIDNIGHT BASICS SUEDE,  47.10 , 32x40 
BAINBRIDGE,4151B,SONOMA SUEDE,  47.10 , 32x40 
BAINBRIDGE,4153B,JACANA SUEDE,  47.10 , 32x40 
BAINBRIDGE,4157B,GREY SUEDE,  47.10 , 32x40 
BAINBRIDGE,4162B,ROSEWOOD SUEDE,  47.10 , 32x40 
BAINBRIDGE,4165B,COAL SUEDE BASICS,  47.10 , 32x40 
BAINBRIDGE,4169B,LAPIS SUEDE,  47.10 , 32x40 
BAINBRIDGE,4176B,WHITE SUEDE BASICS,  47.10 , 32x40 
BAINBRIDGE,4179B,NOEL SUEDE,  47.10 , 32x40 
BAINBRIDGE,4180B,CABERNET SUEDE,  47.10 , 32x40 
BAINBRIDGE,4183B,PERSIMMON SUEDE,  47.10 , 32x40 
BAINBRIDGE,4197B,SHADOW SUEDE BASICS,  47.10 , 32x40 
BAINBRIDGE,4199B,VERDE SUEDE,  47.10 , 32x40 
BAINBRIDGE,4216B,VIVID PURPLE SUEDE,  47.10 , 32x40 
BAINBRIDGE,4221B,SUNDRENCHED BASICS SUEDE,  47.10 , 32x40 
BAINBRIDGE,4223B,BLAZE BASICS SUEDE,  47.10 , 32x40 
BAINBRIDGE,4228B,RASBERRY FIZZ SUEDE,  47.10 , 32x40 
BAINBRIDGE,4231B,CYBERGREEN SUEDE,  47.10 , 32x40 
BAINBRIDGE,4232B,VIVID TURQUOISE SUEDE,  47.10 , 32x40 
BAINBRIDGE,4233B,BALSAM SUEDE BASICS,  47.10 , 32x40 
BAINBRIDGE,4236B,BLUEBERRY SUEDE BASICS,  47.10 , 32x40 
BAINBRIDGE,4281B,OASIS GLAZED LINEN,  74.10 , 32x40 
BAINBRIDGE,4300B,CINNABAR OLD WORLD METALLICS,  74.10 , 32x40 
BAINBRIDGE,4301B,FABERGE GOLD OLD WORLD METALLI,  74.10 , 32x40 
BAINBRIDGE,4302B,SILVER LEAF OLD WORLD METALLIC,  74.10 , 32x40 
BAINBRIDGE,4303B,ARAGON OLD WORLD METALLICS,  74.10 , 32x40 
BAINBRIDGE,4310B,ASTRO TURF,  84.50 , 32x40 
BAINBRIDGE,4312B,GILDED CREAM OLD WORLD METALLI,  83.40 , 32x40 
BAINBRIDGE,4314B,WORN BRASS OLD WORLD METALLICS,  83.40 , 32x40 
BAINBRIDGE,4315B,TRAVERTINE OLD WORLD METALLICS,  83.40 , 32x40 
BAINBRIDGE,4316B,GREY SLATE OLD WORLD METALLICS,  83.40 , 32x40 
BAINBRIDGE,4340B,ARBOR SMOKEWOOD WOODGRAIN,  43.10 , 32x40 
BAINBRIDGE,4341B,ARBOR COASTAL DRIFT WOODGRAIN,  43.10 , 32x40 
BAINBRIDGE,4342B,ARBOR SUNWASHED WOODGRAIN,  43.10 , 32x40 
BAINBRIDGE,4352B,VERDIGRIS SLATE,  74.10 , 32x40 
BAINBRIDGE,4355B,VERONA SLATE,  74.10 , 32x40 
BAINBRIDGE,4356B,ARBOR SANDALWOOD WOODGRAIN,  43.10 , 32x40 
BAINBRIDGE,4358B,ARBOR TEAK TRAIL WOODGRAIN,  43.10 , 32x40 
BAINBRIDGE,4360B,ARBOR OBSIDIAN BLAZE WOODGRAIN,  43.10 , 32x40 
BAINBRIDGE,4366B,SPUN GOLD OLD WORLD,  74.10 , 32x40 
BAINBRIDGE,4410B,GOLDEN SAMURAI TATAMI SILK,  86.70 , 32x40 
BAINBRIDGE,4411B,CHAI TATAMI SILK,  86.70 , 32x40 
BAINBRIDGE,4412B,SAKE TATAMI SILK,  86.70 , 32x40 
BAINBRIDGE,4413B,SALT GRASS TATAMI SILK,  86.70 , 32x40 
BAINBRIDGE,4417B,HIBACHI TATAMI SILK,  86.70 , 32x40 
BAINBRIDGE,4418B,HARMONY BLUE TATAMI SILK,  86.70 , 32x40 
BAINBRIDGE,4419B,KYOTO PEARL TATAMI SILK,  86.70 , 32x40 
BAINBRIDGE,4421B,FAWN TATAMI SILK,  86.70 , 32x40 
BAINBRIDGE,4423B,CANDLESTICK TATAMI SILK,  86.70 , 32x40 
BAINBRIDGE,4424B,JASPER TATAMI SILK,  86.70 , 32x40 
BAINBRIDGE,4426B,CARAMEL TATAMI SILK,  86.70 , 32x40 
BAINBRIDGE,4427B,CHINO TAILORED TEXTILES,  74.10 , 32x40 
BAINBRIDGE,4428B,HEATHER GREY TAILORED TEXTILES,  74.10 , 32x40 
BAINBRIDGE,4429B,DELFT TATAMI SILK,  86.70 , 32x40 
BAINBRIDGE,4430B,JUNDO TATAMI SILK,  86.70 , 32x40 
BAINBRIDGE,4432B,UMI TATAMI SILK,  86.70 , 32x40 
BAINBRIDGE,4433B,KATANA TATAMI SILK,  86.70 , 32x40 
BAINBRIDGE,4434B,KAZAN TATAMI SILK,  86.70 , 32x40 
BAINBRIDGE,4435B,SUMI TATAMI SILK,  86.70 , 32x40 
BAINBRIDGE,4436B,TORRI TATAMI SILK,  86.70 , 32x40 
BAINBRIDGE,4440B,DILL TATAMI SILK,  86.70 , 32x40 
BAINBRIDGE,4451B,PISTACHIO TATAMI SILK,  86.70 , 32x40 
BAINBRIDGE,4452B,PEACH TATAMI SILK,  86.70 , 32x40 
BAINBRIDGE,4454B,VIOLETTA TATAMI SILK,  86.70 , 32x40 
BAINBRIDGE,4457B,PHANTOM TATAMI SILK,  86.70 , 32x40 
BAINBRIDGE,4459B,NIGHTSHADE TATAMI SILK,  86.70 , 32x40 
BAINBRIDGE,4460B,TOURMALINE TATAMI SILK,  86.70 , 32x40 
BAINBRIDGE,4461B,CHINCHILLA TATAMI SILK,  86.70 , 32x40 
BAINBRIDGE,4700B,WHITE ARMOUR,  74.10 , 32x40 
BAINBRIDGE,4702B,GOLD COIN,  74.10 , 32x40 
BAINBRIDGE,4704B,BRIDAL PATH RICE PAPER,  74.10 , 32x40 
BAINBRIDGE,4705B,CRYSTAL RICE PAPER,  74.10 , 32x40 
BAINBRIDGE,4706B,GENTIAN RICE PAPER,  74.10 , 32x40 
BAINBRIDGE,4707B,NIAGRA RICE PAPER,  74.10 , 32x40 
BAINBRIDGE,4709B,MOONLIGHT RICE PAPER,  74.10 , 32x40 
BAINBRIDGE,4710B,PUMICE RICE PAPER,  74.10 , 32x40 
BAINBRIDGE,4830B,SNOW,  85.60 , 32x40 
BAINBRIDGE,4834B,PETAL GRN SILKENS,  85.60 , 32x40 
BAINBRIDGE,4836B,IMPERIAL BLUE SILKENS,  85.60 , 32x40 
BAINBRIDGE,4837B,BURGUNDY SILKENS,  85.60 , 32x40 
BAINBRIDGE,4838B,DYNASTY RED SILKENS,  85.60 , 32x40 
BAINBRIDGE,4840B,WHITE SILKENS,  85.60 , 32x40 
BAINBRIDGE,4843B,WHEATFIELD,  85.60 , 32x40 
BAINBRIDGE,4844B,BURNT EMBER,  85.60 , 32x40 
BAINBRIDGE,4846B,MOLTEN,  85.60 , 32x40 
BAINBRIDGE,4848B,SHITAKE,  85.60 , 32x40 
BAINBRIDGE,4850B,WASABI,  85.60 , 32x40 
BAINBRIDGE,4851B,TABRIZ,  85.60 , 32x40 
BAINBRIDGE,4853B,DOLPHIN SHANTUNG,  75.20 , 32x40 
BAINBRIDGE,4854B,CAFFE SHANTUNG,  75.20 , 32x40 
BAINBRIDGE,4855B,NEW MOON SHANTUNG,  75.20 , 32x40 
BAINBRIDGE,4960B,OYSTER RAW SILK,  86.50 , 32x40 
BAINBRIDGE,4964B,GREENBRIAR RAW SILK,  86.50 , 32x40 
BAINBRIDGE,4970B,BLACK KNIGHT RAW SILK,  86.50 , 32x40 
CRESCENT ,601C,28X44 POSTER BRD SATIN WHT NS,  8.30 , 28x44 
CRESCENT ,1162C4060,40X60 RAG SLD WHITE,  50.10 , 40x60 
CRESCENT ,2260C4060,40X60 RAG MUS ANTIQUE WHITE,  60.20 , 40x60 
CRESCENT ,2261C4060,40X60 RAG MUS CREAM,  63.60 , 40x60 
CRESCENT ,2262C4060,40X60 RAG MUS WHITE,  60.20 , 40x60 
CRESCENT ,2268C4060,40X60 RAG MUS WHITE 8PLY,  138.90 , 40x60 
CRESCENT ,81104C4060,40X60 RAG MUS ANTIQUE TAN,  63.60 , 40x60 
CRESCENT ,81105C4060,40X60 RAG MUS DESERT SAND,  63.60 , 40x60 
CRESCENT ,81106C4060,40X60 RAG MUS ANTIQUE GRAY,  63.60 , 40x60 
CRESCENT ,81112C4060,40X60 RAG MUS SOFT WHITE,  60.20 , 40x60 
CRESCENT ,81114C4060,40X60 RAG MUS ALMOND,  63.60 , 40x60 
CRESCENT ,81115C4060,40X60 RAG MUS BLACK,  99.70 , 40x60 
CRESCENT ,81121C4060,40X60 RAG MUS INVERNESS,  63.60 , 40x60 
CRESCENT ,81126C4060,40X60 RAG MUS SAND DOLLAR,  60.20 , 40x60 
CRESCENT ,81150C4060,40X60 RAG SLD WHITE 2 PLY,  30.40 , 40x60 
CRESCENT ,81171C4060,40X60 RAG MUS SILK,  60.20 , 40x60 
CRESCENT ,81188C4060,40X60 RAG MUS WINTER WHITE,  60.20 , 40x60 
CRESCENT ,821112C4060,40X60 RAG MUS SOFT WHITE 8PLY,  138.90 , 40x60 
CRESCENT ,821115C4060,40X60 RAG MUS BLACK 8PLY,  205.70 , 40x60 
CRESCENT ,821171C4060,40X60 RAG MUS SILK 8PLY,  138.90 , 40x60 
CRESCENT ,821188C4060,40X60 RAG MUS WINTER WHITE 8PL,  138.90 , 40x60 
CRESCENT ,82239C4060,40X60 RAG MUS ANTIQUE WHITE 8P,  138.90 , 40x60 
CRESCENT ,8229502C4060,40X60 SEL WHITE SALE 8PLY,  66.50 , 40x60 
CRESCENT ,8229508C4060,40X60 SEL WHITE SANDS 8PLY,  66.50 , 40x60 
CRESCENT ,8229598C4060,40X60 SEL BEFORE DARK 8PLY,  66.50 , 40x60 
CRESCENT ,8229613C4060,40X60 SEL SUPER WHITE 8PLY,  66.50 , 40x60 
CRESCENT ,8229848C4060,40X60 SEL JET BLACK 8PLY,  66.50 , 40x60 
CRESCENT ,825700C4060,40X60 SEL CS VIVID WHITE 8PLY,  86.40 , 40x60 
CRESCENT ,825702C4060,40X60 SEL CS WHITE 8PLY,  86.40 , 40x60 
CRESCENT ,825703C4060,40X60 SEL CS ANTIQUE WHITE 8PL,  86.40 , 40x60 
CRESCENT ,825706C4060,40X60 SEL CS TAN 8PLY,  86.40 , 40x60 
CRESCENT ,825711C4060,40X60 SEL CS DEEP BLACK 8PLY,  95.20 , 40x60 
CRESCENT ,825712C4060,40X60 SEL CS CLOUD GRAY 8PLY,  86.40 , 40x60 
CRESCENT ,85501C4060,40X60 SEL FAB BROOK,  90.70 , 40x60 
CRESCENT ,85533C4060,40X60 SEL FAB VINTAGE WHITE,  114.50 , 40x60 
CRESCENT ,85539C4060,40X60 SEL FAB CREAM JUTE,  124.10 , 40x60 
CRESCENT ,85540C4060,40X60 SEL FAB BARNWOOD JUTE,  124.10 , 40x60 
CRESCENT ,85542C4060,40X60 SEL FAB BLACK JUTE,  124.10 , 40x60 
CRESCENT ,85579C4060,40X60 SEL UB ETCHED BLACK,  58.70 , 40x60 
CRESCENT ,85598C4060,40X60 SEL ETCHED BLACK,  43.00 , 40x60 
CRESCENT ,85636C4060,40X60 SEL FAB PURPLE TORCH,  90.70 , 40x60 
CRESCENT ,85638C4060,40X60 SEL FAB TILE BLUE,  90.70 , 40x60 
CRESCENT ,85654C4060,40X60 SEL FAB NATURAL JUTE,  124.10 , 40x60 
CRESCENT ,85660C4060,40X60 SEL FAB WHITE SHIMMER,  121.80 , 40x60 
CRESCENT ,85661C4060,40X60 SEL FAB IVORY SHIMMER,  121.80 , 40x60 
CRESCENT ,85700C4060,40X60 SEL CS VIVID WHITE,  47.90 , 40x60 
CRESCENT ,85702C4060,40X60 SEL CS WHITE,  47.90 , 40x60 
CRESCENT ,85703C4060,40X60 SEL CS ANTIQUE WHITE,  47.90 , 40x60 
CRESCENT ,85704C4060,40X60 SEL CS CREAM,  47.90 , 40x60 
CRESCENT ,85706C4060,40X60 SEL CS TAN,  47.90 , 40x60 
CRESCENT ,85711C4060,40X60 SEL CS DEEP BLACK,  54.10 , 40x60 
CRESCENT ,85712C4060,40X60 SEL CS CLOUD GRAY,  47.90 , 40x60 
CRESCENT ,85713C4060,40X60 SEL CS NEUTRAL GRAY,  47.90 , 40x60 
CRESCENT ,85714C4060,40X60 SEL CS CLASSIC GRAY,  54.10 , 40x60 
CRESCENT ,85853C4060,40X60 SEL FAB EBONY SHIMMER,  121.80 , 40x60 
CRESCENT ,89500C4060,40X60 SEL WHITE GLOVE,  37.30 , 40x60 
CRESCENT ,89501C4060,40X60 SEL WHITE COLLAR,  37.30 , 40x60 
CRESCENT ,89502C4060,40X60 SEL WHITE SALE,  37.30 , 40x60 
CRESCENT ,89505C4060,40X60 SEL WHITE WASH,  37.30 , 40x60 
CRESCENT ,89506C4060,40X60 SEL EGG WHITE,  37.30 , 40x60 
CRESCENT ,89507C4060,40X60 SEL WHITE ELEPHANT,  37.30 , 40x60 
CRESCENT ,89508C4060,40X60 SEL WHITE SANDS,  37.30 , 40x60 
CRESCENT ,89511C4060,40X60 SEL FOSSIL,  37.30 , 40x60 
CRESCENT ,89514C4060,40X60 SEL TOASTY,  37.30 , 40x60 
CRESCENT ,89516C4060,40X60 SEL TUSK,  37.30 , 40x60 
CRESCENT ,89518C4060,40X60 SEL SUMMER,  37.30 , 40x60 
CRESCENT ,89520C4060,40X60 SEL HAYSTACK,  37.30 , 40x60 
CRESCENT ,89521C4060,40X60 SEL GOLD RUSH,  43.00 , 40x60 
CRESCENT ,89527C4060,40X60 SEL WISE GREEN,  37.30 , 40x60 
CRESCENT ,89533C4060,40X60 SEL BONSAI,  37.30 , 40x60 
CRESCENT ,89542C4060,40X60 SEL BLUE MONDAY,  37.30 , 40x60 
CRESCENT ,89552C4060,40X60 SEL NYPD,  37.30 , 40x60 
CRESCENT ,89553C4060,40X60 SEL MOODY BLUE,  37.30 , 40x60 
CRESCENT ,89554C4060,40X60 SEL PHAROAH,  37.30 , 40x60 
CRESCENT ,89574C4060,40X60 SEL MAROONED,  37.30 , 40x60 
CRESCENT ,89591C4060,40X60 SEL TOP SOIL,  37.30 , 40x60 
CRESCENT ,89592C4060,40X60 SEL BLIZZARD,  37.30 , 40x60 
CRESCENT ,89598C4060,40X60 SEL BEFORE DARK,  37.30 , 40x60 
CRESCENT ,89599C4060,40X60 SEL AFTER DARK,  37.30 , 40x60 
CRESCENT ,89601C4060,40X60 SEL SANDPAPER,  37.30 , 40x60 
CRESCENT ,89610C4060,40X60 SEL CODE RED,  37.30 , 40x60 
CRESCENT ,89613C4060,40X60 SEL SUPER WHITE,  37.30 , 40x60 
CRESCENT ,89614C4060,40X60 SEL GLOW,  37.30 , 40x60 
CRESCENT ,89618C4060,40X60 SEL TATER,  37.30 , 40x60 
CRESCENT ,89632C4060,40X60 SEL BLACK BELT,  37.30 , 40x60 
CRESCENT ,89633C4060,40X60 SEL MORNING,  37.30 , 40x60 
CRESCENT ,89634C4060,40X60 SEL CLOUDBURST,  37.30 , 40x60 
CRESCENT ,89635C4060,40X60 SEL NIGHTFALL,  37.30 , 40x60 
CRESCENT ,89800C4060,40X60 SEL BAKERS WHITE,  37.30 , 40x60 
CRESCENT ,89801C4060,40X60 SEL CHALK,  37.30 , 40x60 
CRESCENT ,89804C4060,40X60 SEL PURE WHITE,  37.30 , 40x60 
CRESCENT ,89806C4060,40X60 SEL DOVE,  37.30 , 40x60 
CRESCENT ,89807C4060,40X60 SEL OFF WHITE,  37.30 , 40x60 
CRESCENT ,89808C4060,40X60 SEL IVORY ART,  37.30 , 40x60 
CRESCENT ,89809C4060,40X60 SEL TWILIGHT,  37.30 , 40x60 
CRESCENT ,89812C4060,40X60 SEL OLD IVORY,  37.30 , 40x60 
CRESCENT ,89813C4060,40X60 SEL SANDSTONE,  37.30 , 40x60 
CRESCENT ,89814C4060,40X60 SEL AUTUMN GOLD,  37.30 , 40x60 
CRESCENT ,89820C4060,40X60 SEL FOREST GREEN,  37.30 , 40x60 
CRESCENT ,89822C4060,40X60 SEL SIERRA OLIVE,  37.30 , 40x60 
CRESCENT ,89826C4060,40X60 SEL MOCHA GREEN,  37.30 , 40x60 
CRESCENT ,89827C4060,40X60 SEL FLAG BLUE,  37.30 , 40x60 
CRESCENT ,89830C4060,40X60 SEL BLUE NIGHT,  37.30 , 40x60 
CRESCENT ,89833C4060,40X60 SEL ORANGE ADE,  37.30 , 40x60 
CRESCENT ,89834C4060,40X60 SEL RUSSET,  37.30 , 40x60 
CRESCENT ,89837C4060,40X60 SEL ALL AMERICAN RED,  37.30 , 40x60 
CRESCENT ,89838C4060,40X60 SEL BRICK,  37.30 , 40x60 
CRESCENT ,89839C4060,40X60 SEL CABERNET,  37.30 , 40x60 
CRESCENT ,89840C4060,40X60 SEL PLUM,  37.30 , 40x60 
CRESCENT ,89846C4060,40X60 SEL DARK SHALE,  37.30 , 40x60 
CRESCENT ,89848C4060,40X60 SEL JET BLACK,  37.30 , 40x60 
CRESCENT ,89849C4060,40X60 SEL ANTWERPEN,  43.00 , 40x60 
CRESCENT ,89850C4060,40X60 SEL SILVER,  43.00 , 40x60 
CRESCENT ,89851C4060,40X60 SEL GOLD NUGGET,  43.00 , 40x60 
CRESCENT ,89853C4060,40X60 SEL BRUXELLES,  43.00 , 40x60 
CRESCENT ,89854C4060,40X60 SEL ROSE,  43.00 , 40x60 
CRESCENT ,89855C4060,40X60 SEL SPANISH GOLD,  43.00 , 40x60 
CRESCENT ,89856C4060,40X60 SEL SUN,  43.00 , 40x60 
CRESCENT ,89861C4060,40X60 SEL YORK,  37.30 , 40x60 
CRESCENT ,89865C4060,40X60 SEL KENSINGTON,  37.30 , 40x60 
CRESCENT ,89866C4060,40X60 SEL PLYMOUTH,  37.30 , 40x60 
CRESCENT ,89870C4060,40X60 SEL SILVER STAR,  43.00 , 40x60 
CRESCENT ,89874C4060,40X60 SEL RED LINE,  37.30 , 40x60 
CRESCENT ,89876C4060,40X60 SEL MANDARIN ORANGE,  37.30 , 40x60 
CRESCENT ,89877C4060,40X60 SEL MIDNIGHT GREEN,  37.30 , 40x60 
CRESCENT ,89881C4060,40X60 SEL REAL TEAL,  37.30 , 40x60 
CRESCENT ,89882C4060,40X60 SEL CORNFLOWER,  37.30 , 40x60 
CRESCENT ,89886C4060,40X60 SEL DARK PURPLE,  37.30 , 40x60 
CRESCENT ,89889C4060,40X60 SEL DEEP BLUE,  37.30 , 40x60 
CRESCENT ,89892C4060,40X60 SEL DEEP ORANGE,  37.30 , 40x60 
CRESCENT ,89894C4060,40X60 SEL GOLDEN,  37.30 , 40x60 
CRESCENT ,89899C4060,40X60 SEL RED HOT,  37.30 , 40x60 
CRESCENT ,89901C4060,40X60 SEL UB CHALK,  50.60 , 40x60 
CRESCENT ,89904C4060,40X60 SEL UB PURE WHITE,  50.60 , 40x60 
CRESCENT ,89944C4060,40X60 SEL UB JET BLACK,  50.60 , 40x60 
CRESCENT ,89948C4060,40X60 SEL UB BLACK BELT,  50.60 , 40x60 
CRESCENT ,BWX8501C,40X60 PAPYRUS WC BASIC,  13.90 , 40x60 
CRESCENT ,BW8038C,40X60 MAROON WC STANDARD,  15.50 , 40x60 
CRESCENT ,BW8131C,40X60 MIDNIGHT BLUE WC PREMIUM,  17.50 , 40x60 
CRESCENT ,BW8148C,40X60 HERBAL WC STANDARD,  15.50 , 40x60 
CRESCENT ,BW8163C,40X60 OYSTER SHELL WC PREMIUM,  17.50 , 40x60 
CRESCENT ,BW8201C,40X60 VERDE WC PREMIUM,  19.70 , 40x60 
CRESCENT ,BW8202C,40X60 COBALT WC PREMIUM,  19.70 , 40x60 
CRESCENT ,BW8203C,40X60 GOLDEN YELLOW WC PREMIUM,  18.60 , 40x60 
CRESCENT ,BW8205C,40X60 VIVID ORANGE WC PREMIUM,  18.60 , 40x60 
CRESCENT ,BW8207C,40X60 ROYAL PURPLE WC PREMIUM,  18.60 , 40x60 
CRESCENT ,BW8221C,40X60 SMOOTH BLACK WC BASIC,  13.90 , 40x60 
CRESCENT ,BW8222C,40X60 SMOOTH WHITE WC BASIC,  13.90 , 40x60 
CRESCENT ,BW8235C,40X60 CHAMOIS WC STANDARD,  15.50 , 40x60 
CRESCENT ,BW8251C,40X60 ANT WHITE WC STANDARD,  15.80 , 40x60 
CRESCENT ,BW8334C,40X60 BOTTLE BLUE WC BASIC,  13.90 , 40x60 
CRESCENT ,BW8402C,40X60 WHITE WC BASIC,  13.90 , 40x60 
CRESCENT ,BW8403C,40X60 PURE WHITE WC BASIC,  13.90 , 40x60 
CRESCENT ,BW8450C,40X60 SPICE WC PREMIUM,  17.50 , 40x60 
CRESCENT ,BW8459C,40X60 DEEP RED WC STANDARD,  15.50 , 40x60 
CRESCENT ,BW8461C,40X60 CRISP WC BASIC,  13.90 , 40x60 
CRESCENT ,BW8472C,40X60 SILVER WC STD METALLIC,  23.70 , 40x60 
CRESCENT ,BW8502C,40X60 CLOUD WC STANDARD,  15.50 , 40x60 
CRESCENT ,BW8508C,40X60 ECRU WC STANDARD,  15.50 , 40x60 
CRESCENT ,BW8514C,40X60 SEASIDE WC PREMIUM,  17.50 , 40x60 
CRESCENT ,BW8524C,40X60 HUNTER GREEN WC PREMIUM,  17.50 , 40x60 
CRESCENT ,BW8535C,40X60 GRAY WC PREMIUM,  17.50 , 40x60 
CRESCENT ,BW8550C,40X60 CARDINAL WC PREMIUM,  17.50 , 40x60 
CRESCENT ,BW8569C,40X60 CINDER WC PREMIUM,  17.50 , 40x60 
CRESCENT ,BW8571C,40X60 PITCH WC PREMIUM,  17.50 , 40x60 
CRESCENT ,BW8577C,40X60 CLASSIC GOLD STD METALLI,  23.70 , 40x60 
CRESCENT ,BW8709C,40X60 SABBIA WC STANDARD,  15.50 , 40x60 
CRESCENT ,BW871C,40X60 BRILLANT WHITE WC STNDRD,  15.50 , 40x60 
CRESCENT ,BW87245C,40X60 BELGIQUE BRUXELLES WC ST,  35.30 , 40x60 
CRESCENT ,BW87246C,40X60 BELGIQUE ANTWERPEN WC ST,  35.30 , 40x60 
CRESCENT ,BW8754C,40X60 PORCELAIN WC STANDARD,  15.50 , 40x60 
CRESCENT ,BW8790C,40X60 EXTREME WHITE WC STANDRD,  15.50 , 40x60 
CRESCENT ,BW8802C,40X60 MID GRAY WC PREMIUM,  18.60 , 40x60 
CRESCENT ,BW897C,40X60 POLAR WHITE WC BASIC,  13.90 , 40x60 
CRESCENT ,BR814921C4060,40X60 BRC BLACK ON BLUE,  64.10 , 40x60 
CRESCENT ,BR814987C4060,40X60 BRC WHITE ON BLUE,  64.10 , 40x60 
CRESCENT ,BR824921C4060,40X60 BRC BLACK ON GREEN,  64.10 , 40x60 
CRESCENT ,BR824987C4060,40X60 BRC WHITE ON GREEN,  64.10 , 40x60 
CRESCENT ,BR834921C4060,40X60 BRC BLACK ON RED,  64.10 , 40x60 
CRESCENT ,BR834987C4060,40X60 BRC WHITE ON RED,  64.10 , 40x60 
CRESCENT ,BR844921C4060,40X60 BRC BLACK ON YELLOW,  64.10 , 40x60 
CRESCENT ,BR844987C4060,40X60 BRC WHITE ON YELLOW,  64.10 , 40x60 
CRESCENT ,OC4060,40X60 MB WHITE MOUNT BOARD DT,  20.20 , 40x60 
CRESCENT ,SC4060,40X60 MB WHITE MOUNT BOARD ST,  11.20 , 40x60 
CRESCENT ,87100C4060,40X60 MRM SDE MOUTARDE,  108.10 , 40x60 
CRESCENT ,87101C4060,40X60 MRM SDE PERLE,  108.10 , 40x60 
CRESCENT ,87102C4060,40X60 MRM SDE DUNE,  108.10 , 40x60 
CRESCENT ,87104C4060,40X60 MRM SDE CHAMOIS,  108.10 , 40x60 
CRESCENT ,87105C4060,40X60 MRM SDE DARK RUST,  108.10 , 40x60 
CRESCENT ,87106C4060,40X60 MRM SDE ANTELOPE,  108.10 , 40x60 
CRESCENT ,87109C4060,40X60 MRM SDE TAUPE,  108.10 , 40x60 
CRESCENT ,87111C4060,40X60 MRM SDE SHAMROCK GREEN,  108.10 , 40x60 
CRESCENT ,87112C4060,40X60 MRM SDE BORDEAUX,  108.10 , 40x60 
CRESCENT ,87113C4060,40X60 MRM SDE MARINE BLUE,  108.10 , 40x60 
CRESCENT ,87114C4060,40X60 MRM SDE CARBON BLACK,  108.10 , 40x60 
CRESCENT ,87115C4060,40X60 MRM SDE MOKA,  108.10 , 40x60 
CRESCENT ,87116C4060,40X60 MRM SDE CHINESE RED,  108.10 , 40x60 
CRESCENT ,87120C4060,40X60 MRM SDE POLARIS,  108.10 , 40x60 
CRESCENT ,87127C4060,40X60 MRM SDE MILKWEED,  108.10 , 40x60 
CRESCENT ,87128C4060,40X60 MRM SDE OFF WHITE,  108.10 , 40x60 
CRESCENT ,87132C4060,40X60 MRM SDE WHISPER,  108.10 , 40x60 
CRESCENT ,87133C4060,40X60 MRM SDE DUSTY GREEN,  108.10 , 40x60 
CRESCENT ,87134C4060,40X60 MRM SDE ASPARAGUS,  108.10 , 40x60 
CRESCENT ,87135C4060,40X60 MRM SDE PINE GREEN,  108.10 , 40x60 
CRESCENT ,87136C4060,40X60 MRM SDE LE BEIGE,  108.10 , 40x60 
CRESCENT ,87139C4060,40X60 MRM SDE ANTHRACITE,  108.10 , 40x60 
CRESCENT ,87141C4060,40X60 MRM SDE PLATINUM,  108.10 , 40x60 
CRESCENT ,87155C4060,40X60 MRM SDE WILDGRASS,  108.10 , 40x60 
CRESCENT ,87157C4060,40X60 MRM SDE CATTAIL,  108.10 , 40x60 
CRESCENT ,87158C4060,40X60 MRM SDE STORM GRAY,  108.10 , 40x60 
CRESCENT ,87163C4060,40X60 MRN SWO RATTAN,  108.10 , 40x60 
CRESCENT ,87164C4060,40X60 MRN SWO MEADOW,  108.10 , 40x60 
CRESCENT ,87166C4060,40X60 MRN SWO NAVY,  108.10 , 40x60 
CRESCENT ,87168C4060,40X60 MRN SWO GRAPHITE,  108.10 , 40x60 
CRESCENT ,87180C4060,40X60 MRM SDE WHITE,  108.10 , 40x60 
CRESCENT ,87182C4060,40X60 MRM SDE BRONZE,  108.10 , 40x60 
CRESCENT ,87183C4060,40X60 MRM SDE MOCCASIN,  108.10 , 40x60 
CRESCENT ,87184C4060,40X60 MRM SDE CINNAMON,  108.10 , 40x60 
CRESCENT ,87185C4060,40X60 MRM SDE CHAMBORD,  108.10 , 40x60 
CRESCENT ,87188C4060,40X60 MRM SDE MERCURY,  108.10 , 40x60 
CRESCENT ,87190C4060,40X60 MRM SDE OLIVE,  108.10 , 40x60 
CRESCENT ,87191C4060,40X60 MRM SDE PFALZGRAFF,  108.10 , 40x60 
CRESCENT ,87193C4060,40X60 MRM SDE TUMBLEWEED,  108.10 , 40x60 
CRESCENT ,87195C4060,40X60 MRM SDE SAPPHIRE,  108.10 , 40x60 
CRESCENT ,87199C4060,40X60 MRM SDE SPRUCE,  108.10 , 40x60 
CRESCENT ,87501C4060,40X60 MRM LIN VINK TWEED,  105.00 , 40x60 
CRESCENT ,87513C4060,40X60 MRM LIN FOREST GREEN,  105.00 , 40x60 
CRESCENT ,87519C4060,40X60 MRM LIN WHITE,  105.00 , 40x60 
CRESCENT ,87522C4060,40X60 MRM LIN BLACK,  105.00 , 40x60 
CRESCENT ,87526C4060,40X60 MRM LIN CREAM,  105.00 , 40x60 
CRESCENT ,87540C4060,40X60 MRM LIN LIGHT BEIGE,  105.00 , 40x60 
CRESCENT ,87541C4060,40X60 MRM LIN SILVER GRAY,  105.00 , 40x60 
CRESCENT ,87542C4060,40X60 MRM LIN RED CARPET,  105.00 , 40x60 
CRESCENT ,87548C4060,40X60 MRM LIN TRUE BLUE,  105.00 , 40x60 
CRESCENT ,87549C4060,40X60 MRM LIN JASPER BROWN,  105.00 , 40x60 
CRESCENT ,87550C4060,40X60 MRM LIN SMOKEY HILL,  105.00 , 40x60 
CRESCENT ,87551C4060,40X60 MRM LIN FLAX,  105.00 , 40x60 
CRESCENT ,87553C4060,40X60 MRM LIN EDELWEISS,  105.00 , 40x60 
CRESCENT ,87554C4060,40X60 MRM LIN NORTH SEA,  105.00 , 40x60 
CRESCENT ,87556C4060,40X60 MRM LIN DUTCH CHOCOLATE,  105.00 , 40x60 
CRESCENT ,87557C4060,40X60 MRM LIN TOPIARY,  105.00 , 40x60 
CRESCENT ,87560C4060,40X60 MRM LIN BASQUE,  105.00 , 40x60 
CRESCENT ,87564C4060,40X60 MRM LIN MAROON,  105.00 , 40x60 
CRESCENT ,87569C4060,40X60 MRM LIN LODEN GREEN,  105.00 , 40x60 
CRESCENT ,87572C4060,40X60 MRM RUSTIC LIN WORN GRAY,  105.00 , 40x60 
CRESCENT ,87580C4060,40X60 MRM LIN BURGUNDY,  105.00 , 40x60 
CRESCENT ,87581C4060,40X60 MRM LIN JEWEL BLUE,  105.00 , 40x60 
CRESCENT ,87582C4060,40X60 MRM LIN LOTUS,  105.00 , 40x60 
CRESCENT ,87586C4060,40X60 MRM LIN SUMI,  105.00 , 40x60 
CRESCENT ,87597C4060,40X60 MRM LIN OFF WHITE,  105.00 , 40x60 
CRESCENT ,87700C4060,40X60 MRM NAT LIN WARM WHITE,  175.50 , 40x60 
CRESCENT ,87705C4060,40X60 MRM NAT LIN STONE,  175.50 , 40x60 
CRESCENT ,87706C4060,40X60 MRM NAT LIN HARVEST,  175.50 , 40x60 
CRESCENT ,87707C4060,40X60 MRM NAT LIN MIDNIGHT,  175.50 , 40x60 
CRESCENT ,22263C4872,48X72 RAG MUS WHITE 8PLY,  247.60 , 48x72 
CRESCENT ,22269C4872,48X72 RAG MUS ANT WHITE 8PLY,  247.60 , 48x72 
CRESCENT ,2263C4872,48X72 RAG MUS WHITE,  111.40 , 48x72 
CRESCENT ,2269C4872,48X72 RAG MUS ANTIQUE WHITE,  111.40 , 48x72 
CRESCENT ,22273C4896,48X96 RAG MUS WHITE 8PLY,  349.40 , 48x96 
CRESCENT ,2273C4896,48X96 RAG MUS WHITE,  143.00 , 48x96 
CRESCENT ,2275C4896,48X96 RAG MUS BLACK,  174.00 , 48x96 
CRESCENT ,2279C4896,48X96 RAG MUS ANTIQUE WHITE,  143.00 , 48x96 
CRESCENT ,2281C60104,60X104 RAG MUS SILK,  207.60 , 60x104 
CRESCENT ,1100C,RAG MUS ARCHIVAL MIST,  31.75 , 32x40 
CRESCENT ,1101C,RAG MUS NEUTRAL GRAY,  31.75 , 32x40 
CRESCENT ,1102C,RAG MUS VINTAGE GRAY,  31.75 , 32x40 
CRESCENT ,1104C,RAG MUS ANTIQUE TAN,  35.00 , 32x40 
CRESCENT ,1105C,RAG MUS DESERT SAND,  31.75 , 32x40 
CRESCENT ,1106C,RAG MUS ANTIQUE GRAY,  31.75 , 32x40 
CRESCENT ,1112C,RAG MUS SOFT WHITE,  30.05 , 32x40 
CRESCENT ,1114C,RAG MUS ALMOND,  31.75 , 32x40 
CRESCENT ,1115C,RAG MUS BLACK,  41.05 , 32x40 
CRESCENT ,1117C,RAG MUS GRAY,  31.75 , 32x40 
CRESCENT ,1121C,RAG MUS INVERNESS,  31.75 , 32x40 
CRESCENT ,1122C,RAG MUS STRATFORD,  31.75 , 32x40 
CRESCENT ,1123C,RAG MUS NEW CASTLE,  41.05 , 32x40 
CRESCENT ,1125C,RAG MUS SHETLAND,  31.75 , 32x40 
CRESCENT ,1126C,RAG MUS SAND DOLLAR,  30.05 , 32x40 
CRESCENT ,1127C,RAG MUS SPROUT,  31.75 , 32x40 
CRESCENT ,1128C,RAG MUS SHORELINE,  31.75 , 32x40 
CRESCENT ,1129C,RAG MUS BLUFF,  31.75 , 32x40 
CRESCENT ,1133C,RAG MUS BRIAR,  31.75 , 32x40 
CRESCENT ,1136C,RAG MUS LOAM,  41.05 , 32x40 
CRESCENT ,1137C,RAG MUS FIELDSTONE,  41.05 , 32x40 
CRESCENT ,1150C,RAG SLD WHITE 2PLY,  13.60 , 32x40 
CRESCENT ,1152C,RAG SLD CREAM 2PLY,  13.60 , 32x40 
CRESCENT ,1153C,RAG SOLID WHITE,  23.70 , 32x40 
CRESCENT ,1157C,RAG SLD ANTIQUE WHITE 2PLY,  13.60 , 32x40 
CRESCENT ,1159C,RAG SLD ANTIQUE WHITE,  23.70 , 32x40 
CRESCENT ,1170C,RAG MUS COOL WHITE,  30.05 , 32x40 
CRESCENT ,1171C,RAG MUS SILK,  30.05 , 32x40 
CRESCENT ,1173C,RAG MUS SOFT CREAM,  31.75 , 32x40 
CRESCENT ,1174C,RAG MUS BEIGE,  31.75 , 32x40 
CRESCENT ,1175C,RAG MUS CLAY,  31.75 , 32x40 
CRESCENT ,1176C,RAG MUS SUNTAN,  31.75 , 32x40 
CRESCENT ,1177C,RAG MUS BROWNSTONE,  41.05 , 32x40 
CRESCENT ,1184C,RAG MUS SABLE,  41.05 , 32x40 
CRESCENT ,1186C,RAG MUS COOL GRAY,  31.75 , 32x40 
CRESCENT ,1187C,RAG MUS ESSENTIAL GRAY,  35.00 , 32x40 
CRESCENT ,1188C,RAG MUS WINTER WHITE,  30.05 , 32x40 
CRESCENT ,1189C,RAG MUS SANGUINE,  41.05 , 32x40 
CRESCENT ,1530C,RAG MUS WHT/ANTIQUE WHT,  26.70 , 32x40 
CRESCENT ,1531C,RAG MUS OFF WHITE/CREAM,  26.70 , 32x40 
CRESCENT ,1536C,RAG MUS WHITE 6PLY,  51.05 , 32x40 
CRESCENT ,21104C,RAG MUS ANTIQUE TAN 8PLY,  73.40 , 32x40 
CRESCENT ,21106C,RAG MUS ANTIQUE GRAY 8PL,  73.40 , 32x40 
CRESCENT ,21112C,RAG MUS SOFT WHITE 8PLY,  70.00 , 32x40 
CRESCENT ,21115C,RAG MUS BLACK 8PLY,  98.00 , 32x40 
CRESCENT ,21126C,RAG MUS SAND DOLLAR 8PLY,  70.00 , 32x40 
CRESCENT ,21171C,RAG MUS SILK 8PLY,  70.00 , 32x40 
CRESCENT ,21188C,RAG MUS WINTER WHITE 8PLY,  70.00 , 32x40 
CRESCENT ,22255C,RAG MUS CREAM 8PLY,  73.40 , 32x40 
CRESCENT ,2238C,RAG MUS WHITE 8PLY,  70.00 , 32x40 
CRESCENT ,2239C,RAG MUS ANTQ WHITE 8PLY,  70.00 , 32x40 
CRESCENT ,2253C,RAG MUS WHITE,  30.05 , 32x40 
CRESCENT ,2255C,RAG MUS CREAM,  31.75 , 32x40 
CRESCENT ,2259C,RAG MUS ANTIQUE WHITE,  30.05 , 32x40 
CRESCENT ,2296C,RAG MUS UNB BLACK,  41.05 , 32x40 
CRESCENT ,2297C,RAG MUS UNB CREAM,  31.75 , 32x40 
CRESCENT ,2298C,RAG MUS UNB ANTIQUE WHT,  30.05 , 32x40 
CRESCENT ,2299C,RAG MUS UNB WHITE,  30.05 , 32x40 
CRESCENT ,229502C,SEL WHITE SALE 8PLY,  29.50 , 32x40 
CRESCENT ,229508C,SEL WHITE SANDS 8PLY,  29.50 , 32x40 
CRESCENT ,229598C,SEL BEFORE DARK 8PLY,  29.50 , 32x40 
CRESCENT ,229613C,SEL SUPER WHITE 8PLY,  29.50 , 32x40 
CRESCENT ,229848C,SEL JET BLACK 8PLY,  29.50 , 32x40 
CRESCENT ,25700C,SEL CS VIVID WHITE 8PLY,  39.60 , 32x40 
CRESCENT ,25702C,SEL CS WHITE 8PLY,  39.60 , 32x40 
CRESCENT ,25703C,SEL CS ANTIQUE WHITE 8PLY,  39.60 , 32x40 
CRESCENT ,25704C,SEL CS CREAM 8PLY,  39.60 , 32x40 
CRESCENT ,25706C,SEL CS TAN 8PLY,  39.60 , 32x40 
CRESCENT ,25711C,SEL CS DEEP BLACK 8PLY,  44.70 , 32x40 
CRESCENT ,25712C,SEL CS CLOUD GRAY 8PLY,  39.60 , 32x40 
CRESCENT ,29301C,EARTHCORE ECLIPSE/SHALE 6PLY,  54.06 , 32x40 
CRESCENT ,29302C,EARTHCORE URBANMOON/SHALE 6PLY,  54.06 , 32x40 
CRESCENT ,29303C,EARTHCORE SHADOWFALL/SHALE 6PL,  54.06 , 32x40 
CRESCENT ,29304C,EARTHCORE JUNIPER/MEADOW 6PLY,  54.06 , 32x40 
CRESCENT ,29305C,EARTHCORE FERN/MEADOW 6PLY,  54.06 , 32x40 
CRESCENT ,29306C,EARTHCORE CYPRESS/MEADOW 6PLY,  54.06 , 32x40 
CRESCENT ,29307C,EARTHCORE CLAYSTONE/DESERT 6PL,  54.06 , 32x40 
CRESCENT ,29308C,EARTHCORE MOSSWOOD/DESERT 6PLY,  54.06 , 32x40 
CRESCENT ,29309C,EARTHCORE SUNBAKED/DESERT 6PLY,  54.06 , 32x40 
CRESCENT ,29500C,SEL WHITE GLOVE 6PLY,  23.60 , 32x40 
CRESCENT ,29502C,SEL WHITE SALE 6PLY,  23.60 , 32x40 
CRESCENT ,29505C,SEL WHITE WASH 6PLY,  23.60 , 32x40 
CRESCENT ,29507C,SEL WHITE ELEPHANT 6PLY,  23.60 , 32x40 
CRESCENT ,29599C,SEL AFTER DARK 6PLY,  23.60 , 32x40 
CRESCENT ,5400C,SEL BRUSHED BRASS ETCH ME,  19.10 , 32x40 
CRESCENT ,5402C,SEL GUNMETAL ETCHED METAL,  19.10 , 32x40 
CRESCENT ,5403C,SEL OIL RUBBED BRONZE ETC,  19.10 , 32x40 
CRESCENT ,5501C,SEL FAB BROOK,  47.10 , 32x40 
CRESCENT ,5512C,SEL FAB CLEMENTINE,  47.10 , 32x40 
CRESCENT ,5515C,SEL FAB THICKET,  47.10 , 32x40 
CRESCENT ,5533C,SEL FAB VINTAGE WHITE,  57.10 , 32x40 
CRESCENT ,5539C,SEL FAB CREAM JUTE,  60.20 , 32x40 
CRESCENT ,5540C,SEL FAB BARNWOOD JUTE,  60.20 , 32x40 
CRESCENT ,5542C,SEL FAB BLACK JUTE,  60.20 , 32x40 
CRESCENT ,5559C,SEL FAB BRITISH TAN,  82.60 , 32x40 
CRESCENT ,5561C,SEL FAB SAHARA SAND,  82.60 , 32x40 
CRESCENT ,5579C,SEL UB ETCHED BLACK,  25.90 , 32x40 
CRESCENT ,5598C,SEL ETCHED BLACK,  19.15 , 32x40 
CRESCENT ,5632C,SEL FAB WARM WHITE,  82.60 , 32x40 
CRESCENT ,5636C,SEL FAB PURPLE TORCH,  47.10 , 32x40 
CRESCENT ,5638C,SEL FAB TILE BLUE,  47.10 , 32x40 
CRESCENT ,5647C,SEL CARNATION,  16.50 , 32x40 
CRESCENT ,5648C,SEL PEONY,  16.50 , 32x40 
CRESCENT ,5651C,SEL BLUEBIRD,  16.50 , 32x40 
CRESCENT ,5654C,SEL FAB NATURAL JUTE,  60.20 , 32x40 
CRESCENT ,5660C,SEL FAB WHITE SHIMMER,  52.20 , 32x40 
CRESCENT ,5661C,SEL FAB IVORY SHIMMER,  52.20 , 32x40 
CRESCENT ,5700C,SEL CS VIVID WHITE,  21.70 , 32x40 
CRESCENT ,5701C,SEL CS ARTIC WHITE,  21.70 , 32x40 
CRESCENT ,5702C,SEL CS WHITE,  21.70 , 32x40 
CRESCENT ,5703C,SEL CS ANTIQUE WHITE,  21.70 , 32x40 
CRESCENT ,5704C,SEL CS CREAM,  21.70 , 32x40 
CRESCENT ,5705C,SEL CS BUFF,  21.70 , 32x40 
CRESCENT ,5706C,SEL CS TAN,  21.70 , 32x40 
CRESCENT ,5708C,SEL CS DARK BROWN,  24.60 , 32x40 
CRESCENT ,5709C,SEL CS GRAY,  24.60 , 32x40 
CRESCENT ,5710C,SEL CS DARK GRAY,  27.80 , 32x40 
CRESCENT ,5711C,SEL CS DEEP BLACK,  24.60 , 32x40 
CRESCENT ,5712C,SEL CS CLOUD GRAY,  21.70 , 32x40 
CRESCENT ,5713C,SEL CS NEUTRAL GRAY,  27.80 , 32x40 
CRESCENT ,5714C,SEL CS CLASSIC GRAY,  24.60 , 32x40 
CRESCENT ,5851C,SEL FAB GOLDEN SHIMMER,  52.20 , 32x40 
CRESCENT ,5852C,SEL FAB SILVER SHIMMER,  52.20 , 32x40 
CRESCENT ,5853C,SEL FAB EBONY SHIMMER,  52.20 , 32x40 
CRESCENT ,69745C,SEL UB FOOTBALL,  35.80 , 32x40 
CRESCENT ,69746C,SEL UB BASKETBALL,  35.80 , 32x40 
CRESCENT ,91545C,SEL LIGHT UMBRIA,  16.50 , 32x40 
CRESCENT ,91604C,SEL WHEAT,  16.50 , 32x40 
CRESCENT ,91650C,SEL WARM WHITE,  16.50 , 32x40 
CRESCENT ,91672C,SEL BARELY PINK,  16.50 , 32x40 
CRESCENT ,91688C,SEL WHISPER WHITE,  16.50 , 32x40 
CRESCENT ,9501C,SEL WHITE COLLAR,  16.50 , 32x40 
CRESCENT ,9503C,SEL WHITE HOT,  16.50 , 32x40 
CRESCENT ,9504C,SEL WHITE LIE,  16.50 , 32x40 
CRESCENT ,9506C,SEL EGG WHITE,  16.50 , 32x40 
CRESCENT ,9507C,SEL WHITE ELEPHANT,  16.50 , 32x40 
CRESCENT ,9508C,SEL WHITE SANDS,  16.50 , 32x40 
CRESCENT ,9509C,SEL HALF & HALF,  16.50 , 32x40 
CRESCENT ,9510C,SEL FROTH,  16.50 , 32x40 
CRESCENT ,9511C,SEL FOSSIL,  16.50 , 32x40 
CRESCENT ,9512C,SEL MUMMY,  16.50 , 32x40 
CRESCENT ,9513C,SEL SAND TRAP,  16.50 , 32x40 
CRESCENT ,9514C,SEL TOASTY,  16.50 , 32x40 
CRESCENT ,9515C,SEL WET SAND,  16.50 , 32x40 
CRESCENT ,9516C,SEL TUSK,  16.50 , 32x40 
CRESCENT ,9518C,SEL SUMMER,  16.50 , 32x40 
CRESCENT ,9519C,SEL CURRY,  16.50 , 32x40 
CRESCENT ,9520C,SEL HAYSTACK,  16.50 , 32x40 
CRESCENT ,9521C,SEL GOLD RUSH,  16.50 , 32x40 
CRESCENT ,9522C,SEL OLEO,  16.50 , 32x40 
CRESCENT ,9523C,SEL OMELET,  16.50 , 32x40 
CRESCENT ,9525C,SEL SAGE ADVICE,  16.50 , 32x40 
CRESCENT ,9526C,SEL PICKLE,  16.50 , 32x40 
CRESCENT ,9527C,SEL WISE GREEN,  16.50 , 32x40 
CRESCENT ,9530C,SEL HEDGE HOG,  16.50 , 32x40 
CRESCENT ,9531C,SEL SPINACH,  16.50 , 32x40 
CRESCENT ,9533C,SEL BONSAI,  16.50 , 32x40 
CRESCENT ,9535C,SEL TURF,  16.50 , 32x40 
CRESCENT ,9536C,SEL FROND,  16.50 , 32x40 
CRESCENT ,9537C,SEL ENVY,  16.50 , 32x40 
CRESCENT ,9538C,SEL DEEP WOODS,  16.50 , 32x40 
CRESCENT ,9539C,SEL RIPTIDE,  16.50 , 32x40 
CRESCENT ,9542C,SEL BLUE MONDAY,  16.50 , 32x40 
CRESCENT ,9544C,SEL CHICAGO BLUES,  16.50 , 32x40 
CRESCENT ,9545C,SEL GLACIER,  16.50 , 32x40 
CRESCENT ,9546C,SEL BLUE SATIN,  16.50 , 32x40 
CRESCENT ,9547C,SEL IN A FOG,  16.50 , 32x40 
CRESCENT ,9548C,SEL BLUE LILAC,  16.50 , 32x40 
CRESCENT ,9549C,SEL INLET,  16.50 , 32x40 
CRESCENT ,9550C,SEL CABANA,  16.50 , 32x40 
CRESCENT ,9551C,SEL BLUE WAVE,  16.50 , 32x40 
CRESCENT ,9552C,SEL NYPD,  16.50 , 32x40 
CRESCENT ,9553C,SEL MOODY BLUE,  16.50 , 32x40 
CRESCENT ,9554C,SEL PHARAOH,  16.50 , 32x40 
CRESCENT ,9555C,SEL STEEL DRUM,  16.50 , 32x40 
CRESCENT ,9556C,SEL TEMPEST,  16.50 , 32x40 
CRESCENT ,9557C,SEL PIGEON,  16.50 , 32x40 
CRESCENT ,9558C,SEL GEODE,  16.50 , 32x40 
CRESCENT ,9560C,SEL EASTER EGG,  16.50 , 32x40 
CRESCENT ,9562C,SEL GRAPE JELLY,  16.50 , 32x40 
CRESCENT ,9564C,SEL PURPLE MOUNTAIN,  16.50 , 32x40 
CRESCENT ,9565C,SEL QUARRY,  16.50 , 32x40 
CRESCENT ,9567C,SEL COTTON CANDY,  16.50 , 32x40 
CRESCENT ,9570C,SEL SUSHI,  16.50 , 32x40 
CRESCENT ,9571C,SEL BANDAGE,  16.50 , 32x40 
CRESCENT ,9574C,SEL MAROONED,  16.50 , 32x40 
CRESCENT ,9576C,SEL VALENTINE,  16.50 , 32x40 
CRESCENT ,9579C,SEL MUDSLIDE,  16.50 , 32x40 
CRESCENT ,9581C,SEL HOT SAUCE,  16.50 , 32x40 
CRESCENT ,9584C,SEL CATCHERS MITT,  16.50 , 32x40 
CRESCENT ,9585C,SEL ROOT BEER,  16.50 , 32x40 
CRESCENT ,9586C,SEL BROWN SUGAR,  16.50 , 32x40 
CRESCENT ,9587C,SEL MILK CHOCOLATE,  16.50 , 32x40 
CRESCENT ,9590C,SEL FRESH BREW,  16.50 , 32x40 
CRESCENT ,9591C,SEL TOP SOIL,  16.50 , 32x40 
CRESCENT ,9592C,SEL BLIZZARD,  16.50 , 32x40 
CRESCENT ,9593C,SEL GRAVEL ROAD,  16.50 , 32x40 
CRESCENT ,9594C,SEL CONCRETE,  16.50 , 32x40 
CRESCENT ,9595C,SEL URBAN,  16.50 , 32x40 
CRESCENT ,9596C,SEL CUBICLE,  16.50 , 32x40 
CRESCENT ,9597C,SEL FIELD MOUSE,  16.50 , 32x40 
CRESCENT ,9598C,SEL BEFORE DARK,  16.50 , 32x40 
CRESCENT ,9600C,SEL BATTER,  16.50 , 32x40 
CRESCENT ,9601C,SEL SANDPAPER,  16.50 , 32x40 
CRESCENT ,9602C,SEL GUACAMOLE,  16.50 , 32x40 
CRESCENT ,9603C,SEL UNDERBRUSH,  16.50 , 32x40 
CRESCENT ,9604C,SEL BLARNEY,  16.50 , 32x40 
CRESCENT ,9605C,SEL TEALY DAN,  16.50 , 32x40 
CRESCENT ,9606C,SEL JAWS,  16.50 , 32x40 
CRESCENT ,9607C,SEL BLUE CHIP,  16.50 , 32x40 
CRESCENT ,9608C,SEL SWEET TART,  16.50 , 32x40 
CRESCENT ,9610C,SEL CODE RED,  16.50 , 32x40 
CRESCENT ,9611C,SEL PEAT MOSS,  16.50 , 32x40 
CRESCENT ,9612C,SEL FUZZ,  16.50 , 32x40 
CRESCENT ,9614C,SEL GLOW,  16.50 , 32x40 
CRESCENT ,9615C,SEL CREAM PUFF,  16.50 , 32x40 
CRESCENT ,9616C,SEL HONEY WHEAT,  16.50 , 32x40 
CRESCENT ,9618C,SEL TATER,  16.50 , 32x40 
CRESCENT ,9621C,SEL BUD,  16.50 , 32x40 
CRESCENT ,9624C,SEL SCRUBS,  16.50 , 32x40 
CRESCENT ,9625C,SEL BLUE MOON,  16.50 , 32x40 
CRESCENT ,9627C,SEL INK SPOT,  16.50 , 32x40 
CRESCENT ,9629C,SEL RHINO,  16.50 , 32x40 
CRESCENT ,9630C,SEL METEORITE,  16.50 , 32x40 
CRESCENT ,9631C,SEL COAL MINE,  16.50 , 32x40 
CRESCENT ,9632C,SEL BLACK BELT,  16.50 , 32x40 
CRESCENT ,9633C,SEL MORNING,  16.50 , 32x40 
CRESCENT ,9634C,SEL CLOUDBURST,  16.50 , 32x40 
CRESCENT ,9635C,SEL NIGHTFALL,  16.50 , 32x40 
CRESCENT ,9744C,SEL GOLF BALL,  28.70 , 32x40 
CRESCENT ,9747C,SEL COPPER METALLICS,  19.10 , 32x40 
CRESCENT ,9749C,SEL ROSE PLATINUM METALLI,  19.10 , 32x40 
CRESCENT ,9800C,SEL BAKERS WHITE,  16.50 , 32x40 
CRESCENT ,9801C,SEL CHALK,  16.50 , 32x40 
CRESCENT ,9802C,SEL WHITE ART,  16.50 , 32x40 
CRESCENT ,9804C,SEL PURE WHITE,  16.50 , 32x40 
CRESCENT ,9805C,SEL COCONUT MILK,  16.50 , 32x40 
CRESCENT ,9806C,SEL DOVE,  16.50 , 32x40 
CRESCENT ,9807C,SEL OFF WHITE,  16.50 , 32x40 
CRESCENT ,9808C,SEL IVORY ART,  16.50 , 32x40 
CRESCENT ,9809C,SEL TWILIGHT,  16.50 , 32x40 
CRESCENT ,9810C,SEL TAWNY,  16.50 , 32x40 
CRESCENT ,9811C,SEL PUTTY,  16.50 , 32x40 
CRESCENT ,9812C,SEL OLD IVORY,  16.50 , 32x40 
CRESCENT ,9813C,SEL SANDSTONE,  16.50 , 32x40 
CRESCENT ,9814C,SEL AUTUMN GOLD,  16.50 , 32x40 
CRESCENT ,9820C,SEL FOREST GREEN,  16.50 , 32x40 
CRESCENT ,9822C,SEL SIERRA OLIVE,  16.50 , 32x40 
CRESCENT ,9826C,SEL MOCHA GREEN,  16.50 , 32x40 
CRESCENT ,9827C,SEL FLAG BLUE,  16.50 , 32x40 
CRESCENT ,9830C,SEL BLUE NIGHT,  16.50 , 32x40 
CRESCENT ,9831C,SEL BLUE IRIS,  16.50 , 32x40 
CRESCENT ,9833C,SEL ORANGE ADE,  16.50 , 32x40 
CRESCENT ,9834C,SEL RUSSET,  16.50 , 32x40 
CRESCENT ,9837C,SEL ALL AMERICAN RED,  16.50 , 32x40 
CRESCENT ,9838C,SEL BRICK,  16.50 , 32x40 
CRESCENT ,9839C,SEL CABERNET,  16.50 , 32x40 
CRESCENT ,9840C,SEL PLUM,  16.50 , 32x40 
CRESCENT ,9846C,SEL DARK SHALE,  16.50 , 32x40 
CRESCENT ,9849C,SEL ANTWERPEN,  19.10 , 32x40 
CRESCENT ,9850C,SEL SILVER,  19.10 , 32x40 
CRESCENT ,9851C,SEL GOLD NUGGET,  19.10 , 32x40 
CRESCENT ,9852C,SEL GOLD,  19.10 , 32x40 
CRESCENT ,9853C,SEL BRUXELLES,  19.10 , 32x40 
CRESCENT ,9854C,SEL ROSE,  19.10 , 32x40 
CRESCENT ,9855C,SEL SPANISH GOLD,  19.10 , 32x40 
CRESCENT ,9856C,SEL SUN,  19.10 , 32x40 
CRESCENT ,9861C,SEL YORK,  16.50 , 32x40 
CRESCENT ,9865C,SEL KENSINGTON,  16.50 , 32x40 
CRESCENT ,9866C,SEL PLYMOUTH,  16.50 , 32x40 
CRESCENT ,9870C,SEL SILVER STAR,  19.10 , 32x40 
CRESCENT ,9872C,SEL IRISH GREEN,  16.50 , 32x40 
CRESCENT ,9874C,SEL RED LINE,  16.50 , 32x40 
CRESCENT ,9875C,SEL SAFFRON,  16.50 , 32x40 
CRESCENT ,9876C,SEL MANDARIN ORANGE,  16.50 , 32x40 
CRESCENT ,9877C,SEL MIDNIGHT GREEN,  16.50 , 32x40 
CRESCENT ,9878C,SEL AQUA GREEN,  16.50 , 32x40 
CRESCENT ,9879C,SEL PURPLE IRIS,  16.50 , 32x40 
CRESCENT ,9880C,SEL ROYAL BLUE,  16.50 , 32x40 
CRESCENT ,9881C,SEL REAL TEAL,  16.50 , 32x40 
CRESCENT ,9882C,SEL CORNFLOWER,  16.50 , 32x40 
CRESCENT ,9884C,SEL NAPA VALLEY RED,  16.50 , 32x40 
CRESCENT ,9885C,SEL JEANS,  16.50 , 32x40 
CRESCENT ,9886C,SEL DARK PURPLE,  16.50 , 32x40 
CRESCENT ,9887C,SEL BLACK-N-BLUE,  16.50 , 32x40 
CRESCENT ,9888C,SEL ELECTRIC BLUE,  16.50 , 32x40 
CRESCENT ,9889C,SEL DEEP BLUE,  16.50 , 32x40 
CRESCENT ,9892C,SEL DEEP ORANGE,  16.50 , 32x40 
CRESCENT ,9893C,SEL BLAZE ORANGE,  16.50 , 32x40 
CRESCENT ,9894C,SEL GOLDEN,  16.50 , 32x40 
CRESCENT ,9895C,SEL PEWTER,  16.50 , 32x40 
CRESCENT ,9896C,SEL LAWN,  16.50 , 32x40 
CRESCENT ,9898C,SEL BURNT ORANGE,  16.50 , 32x40 
CRESCENT ,9899C,SEL RED HOT,  16.50 , 32x40 
CRESCENT ,9900C,SEL UB BAKERS WHITE,  22.30 , 32x40 
CRESCENT ,9901C,SEL UB CHALK,  22.30 , 32x40 
CRESCENT ,9902C,SEL UB WHITE ART,  22.30 , 32x40 
CRESCENT ,9904C,SEL UB PURE WHITE,  22.30 , 32x40 
CRESCENT ,9905C,SEL UB DOVE,  22.30 , 32x40 
CRESCENT ,9906C,SEL UB OFF WHITE,  22.30 , 32x40 
CRESCENT ,9910C,SEL UB ANTWERPEN,  25.90 , 32x40 
CRESCENT ,9911C,SEL UB BRUXELLES,  25.90 , 32x40 
CRESCENT ,9912C,SEL UB SANDSTONE,  22.30 , 32x40 
CRESCENT ,9916C,SEL UB MOCHA GREEN,  22.30 , 32x40 
CRESCENT ,9917C,SEL UB FOREST GREEN,  22.30 , 32x40 
CRESCENT ,9922C,SEL UB FLAG BLUE,  22.30 , 32x40 
CRESCENT ,9923C,SEL UB BLUE NIGHT,  22.30 , 32x40 
CRESCENT ,9926C,SEL UB ALL AMERICAN RED,  22.30 , 32x40 
CRESCENT ,9927C,SEL UB BRICK,  22.30 , 32x40 
CRESCENT ,9928C,SEL UB CABERNET,  22.30 , 32x40 
CRESCENT ,9930C,SEL UB PLUM,  22.30 , 32x40 
CRESCENT ,9934C,SEL UB PUTTY,  22.30 , 32x40 
CRESCENT ,9935C,SEL UB YORK,  22.30 , 32x40 
CRESCENT ,9938C,SEL UB KENSINGTON,  22.30 , 32x40 
CRESCENT ,9942C,SEL UB DARK SHALE,  22.30 , 32x40 
CRESCENT ,9944C,SEL UB JET BLACK,  22.30 , 32x40 
CRESCENT ,9945C,SEL UB SILVER,  25.90 , 32x40 
CRESCENT ,9946C,SEL UB ROSE,  25.90 , 32x40 
CRESCENT ,9947C,SEL UB SPANISH GOLD,  25.90 , 32x40 
CRESCENT ,9948C,SEL UB BLACK BELT,  22.30 , 32x40 
CRESCENT ,9949C,SEL GUNMETAL ETCHED B/C,  25.90 , 32x40 
CRESCENT ,9950C,SEL OIL RUBBED BRONZE B/C,  25.90 , 32x40 
CRESCENT ,9960C,SEL BC NEBULA IGNITE,  56.60 , 32x40 
CRESCENT ,9961C,SEL BC NEBULA SHOCKWAVE,  56.60 , 32x40 
CRESCENT ,9962C,SEL BC NEBULA COSMOS,  56.60 , 32x40 
CRESCENT ,9963C,SEL BC NEBULA INFERNO,  56.60 , 32x40 
CRESCENT ,9964C,SEL BC NEBULA SUPERNOVA,  56.60 , 32x40 
CRESCENT ,9965C,SEL BC NEBULA SOLAR FLARE,  56.60 , 32x40 
CRESCENT ,132C,FLAW BOARD FINAL SALE ITEM,  4.60 , 32x40 
CRESCENT ,BWX501C,PAPYRUS WC BASIC,  6.20 , 32x40 
CRESCENT ,BW038C,MAROON WC STANDARD,  6.80 , 32x40 
CRESCENT ,BW110C,BUTTERCUP WC STANDARD,  6.80 , 32x40 
CRESCENT ,BW120C,PURPLE IRIS WC PREMIUM,  7.90 , 32x40 
CRESCENT ,BW127C,FOREST SHADOW WC PREMIUM,  7.90 , 32x40 
CRESCENT ,BW130C,SILVER MIST WC STANDARD,  6.80 , 32x40 
CRESCENT ,BW131C,MIDNIGHT BLUE WC PREMIUM,  7.90 , 32x40 
CRESCENT ,BW132C,MOJAVE WC STANDARD,  6.80 , 32x40 
CRESCENT ,BW133C,SEASHELL WC STANDARD,  6.80 , 32x40 
CRESCENT ,BW143C,BAY BLUE WC STANDARD,  6.80 , 32x40 
CRESCENT ,BW148C,HERBAL WC STANDARD,  6.80 , 32x40 
CRESCENT ,BW151C,SOFT PINK WC STANDARD,  6.80 , 32x40 
CRESCENT ,BW152C,TANGERINE WC PREMIUM,  7.90 , 32x40 
CRESCENT ,BW155C,PUMICE WC PREMIUM,  7.90 , 32x40 
CRESCENT ,BW161C,GRANITE WC STANDARD,  6.80 , 32x40 
CRESCENT ,BW163C,OYSTER SHELL WC PREMIUM,  7.90 , 32x40 
CRESCENT ,BW169C,BAMBOO WC STANDARD,  6.80 , 32x40 
CRESCENT ,BW201C,VERDE WC PREMIUM,  9.10 , 32x40 
CRESCENT ,BW202C,COBALT WC PREMIUM,  9.10 , 32x40 
CRESCENT ,BW203C,GOLDEN YELLOW WC PREMIUM,  8.40 , 32x40 
CRESCENT ,BW204C,BRITE RED WC PREMIUM,  8.40 , 32x40 
CRESCENT ,BW205C,VIVID ORANGE WC PREMIUM,  8.40 , 32x40 
CRESCENT ,BW206C,SOFT PURPLE WC PREMIUM,  8.40 , 32x40 
CRESCENT ,BW207C,ROYAL PURPLE WC PREMIUM,  8.40 , 32x40 
CRESCENT ,BW208C,COASTAL WC PREMIUM,  8.40 , 32x40 
CRESCENT ,BW221C,SMOOTH BLACK WC BASIC,  6.20 , 32x40 
CRESCENT ,BW222C,SMOOTH WHITE WC BASIC,  6.20 , 32x40 
CRESCENT ,BW235C,CHAMOIS WC STANDARD,  6.80 , 32x40 
CRESCENT ,BW251C,ANTIQUE WHITE WC STANDARD,  6.80 , 32x40 
CRESCENT ,BW253C,PALE LAUREL WC STANDARD,  6.80 , 32x40 
CRESCENT ,BW334C,BOTTLE BLUE WC BASIC,  6.20 , 32x40 
CRESCENT ,BW346C,BRAZILIAN WHITE WC STANDARD,  6.80 , 32x40 
CRESCENT ,BW402C,WHITE WC BASIC,  6.20 , 32x40 
CRESCENT ,BW403C,PURE WHITE WC BASIC,  6.20 , 32x40 
CRESCENT ,BW404C,TEXTURED BLACK WC PREMIUM,  7.90 , 32x40 
CRESCENT ,BW407C,CREAM LINEN WC STANDARD,  6.80 , 32x40 
CRESCENT ,BW41C,CHARCOAL WC STANDARD,  6.80 , 32x40 
CRESCENT ,BW450C,SPICE WC PREMIUM,  7.90 , 32x40 
CRESCENT ,BW453C,DARK OLIVE WC STANDARD,  6.80 , 32x40 
CRESCENT ,BW459C,DEEP RED WC STANDARD,  6.80 , 32x40 
CRESCENT ,BW461C,CRISP WC BASIC,  6.20 , 32x40 
CRESCENT ,BW472C,SILVER WC STANDARD,  10.60 , 32x40 
CRESCENT ,BW500C,CANVAS WC PREMIUM,  7.90 , 32x40 
CRESCENT ,BW501C,WHITE & CREAM WC STANDARD,  6.80 , 32x40 
CRESCENT ,BW502C,CLOUD WC STANDARD,  6.80 , 32x40 
CRESCENT ,BW504C,BUFF WC STANDARD,  6.80 , 32x40 
CRESCENT ,BW505C,WHITE & CREAM PEBBLE WC STNDRD,  6.80 , 32x40 
CRESCENT ,BW507C,SOFT CREAM WC PREMIUM,  7.90 , 32x40 
CRESCENT ,BW5074C,FRSTED SILVER WC PREM METALLIC,  15.80 , 32x40 
CRESCENT ,BW5075C,FROSTED GOLD WC PREM METALLIC,  14.40 , 32x40 
CRESCENT ,BW508C,ECRU WC STANDARD,  6.80 , 32x40 
CRESCENT ,BW511C,BEIGE WC STANDARD,  6.80 , 32x40 
CRESCENT ,BW514C,SEASIDE WC PREMIUM,  7.90 , 32x40 
CRESCENT ,BW516C,HERITAGE GRAY WC PREMIUM,  8.40 , 32x40 
CRESCENT ,BW520C,GOLDEN WC PREMIUM,  7.90 , 32x40 
CRESCENT ,BW522C,PALM WC PREMIUM,  7.90 , 32x40 
CRESCENT ,BW523C,GRASS WC STANDARD,  6.80 , 32x40 
CRESCENT ,BW524C,HUNTER GREEN WC PREMIUM,  7.90 , 32x40 
CRESCENT ,BW526C,CELTIC WC PREMIUM,  7.90 , 32x40 
CRESCENT ,BW527C,BRIGHT GREEN WC PREMIUM,  7.90 , 32x40 
CRESCENT ,BW532C,REEF WC PREMIUM,  7.90 , 32x40 
CRESCENT ,BW533C,OCEAN BLUE WC PREMIUM,  7.90 , 32x40 
CRESCENT ,BW534C,FOUNTAIN BLUE WC STANDARD,  6.80 , 32x40 
CRESCENT ,BW535C,GRAY WC PREMIUM,  7.90 , 32x40 
CRESCENT ,BW536C,CLAPBOARD WC STANDARD,  6.80 , 32x40 
CRESCENT ,BW537C,BLUESTONE WC PREMIUM,  7.90 , 32x40 
CRESCENT ,BW538C,BRITTANY BLUE WC PREMIUM,  7.90 , 32x40 
CRESCENT ,BW540C,LAGOON WC PREMIUM,  7.90 , 32x40 
CRESCENT ,BW542C,BLUE WC PREMIUM,  7.90 , 32x40 
CRESCENT ,BW545C,DEEP BLUE WC PREMIUM,  7.90 , 32x40 
CRESCENT ,BW546C,INK WC STANDARD,  6.80 , 32x40 
CRESCENT ,BW550C,CARDINAL WC PREMIUM,  7.90 , 32x40 
CRESCENT ,BW555C,BURNT SIENNA WC STANDARD,  6.80 , 32x40 
CRESCENT ,BW556C,TERRA-COTTA WC PREMIUM,  7.90 , 32x40 
CRESCENT ,BW5570C,GOLD WC METALLIC STANDARD,  10.60 , 32x40 
CRESCENT ,BW558C,TAWNY WC STANDARD,  6.80 , 32x40 
CRESCENT ,BW562C,DARK BROWN WC PREMIUM,  7.90 , 32x40 
CRESCENT ,BW569C,CINDER WC STANDARD,  6.80 , 32x40 
CRESCENT ,BW571C,PITCH WC PREMIUM,  7.90 , 32x40 
CRESCENT ,BW572C,BLACK PEBBLE WC STANDARD,  6.80 , 32x40 
CRESCENT ,BW574C,SILVER FOIL WC PREM METALLIC,  14.40 , 32x40 
CRESCENT ,BW575C,GOLD FOIL WC PREM METALLIC,  14.40 , 32x40 
CRESCENT ,BW577C,CLASSIC GOLD WC STANDARD,  10.60 , 32x40 
CRESCENT ,BW61C,SUPERWHITE WC STANDARD,  6.80 , 32x40 
CRESCENT ,BW65C,FABRIC WHITE WC STANDARD,  6.80 , 32x40 
CRESCENT ,BW709C,SABBIA WC STANDARD,  6.80 , 32x40 
CRESCENT ,BW71C,BRILLANT WHITE WC STANDARD,  6.80 , 32x40 
CRESCENT ,BW710C,AGED OAK WC STANDARD,  6.80 , 32x40 
CRESCENT ,BW7150C,EARTHEN OFF WHITE WC ACCENT,  16.00 , 32x40 
CRESCENT ,BW7154C,EARTHEN TAUPE WC ACCENT,  16.00 , 32x40 
CRESCENT ,BW7156C,EARTHEN CHARCOAL WC ACCENT,  16.00 , 32x40 
CRESCENT ,BW7245C,BELGIQUE BRUXELLES WC ACCENT,  16.00 , 32x40 
CRESCENT ,BW7246C,BELGIQUE ANTWERPEN WC ACCENT,  16.00 , 32x40 
CRESCENT ,BW7284C,WHITE LINEN WC ACCENT,  16.00 , 32x40 
CRESCENT ,BW754C,PORCELAIN WC STANDARD,  6.80 , 32x40 
CRESCENT ,BW771C,PURE GRAY WC STANDARD,  6.80 , 32x40 
CRESCENT ,BW790C,EXTREME WHITE WC STANDARD,  6.80 , 32x40 
CRESCENT ,BW797C,BEACH WC STANDARD,  6.80 , 32x40 
CRESCENT ,BW802C,MID GRAY PREMIUM,  8.40 , 32x40 
CRESCENT ,BW84C,GRAPE WC PREMIUM,  7.90 , 32x40 
CRESCENT ,BW97C,POLAR WHITE WC BASIC,  6.20 , 32x40 
CRESCENT ,B9124C,ROYAL BLUE SUEDE WC PREMIUM,  27.90 , 32x40 
CRESCENT ,B9125C,WINTER SUEDE WC PREMIUM,  27.90 , 32x40 
CRESCENT ,B9129C,TREELINE SUEDE WC PREMIUM,  27.90 , 32x40 
CRESCENT ,B9130C,PINE SUEDE WC PREMIUM,  27.90 , 32x40 
CRESCENT ,B9132C,BROOK SUEDE WC PREMIUM,  27.90 , 32x40 
CRESCENT ,B9133C,TORRENT SUEDE WC PREMIUM,  27.90 , 32x40 
CRESCENT ,B9134C,BERRY SUEDE WC PREMIUM,  27.90 , 32x40 
CRESCENT ,B9135C,BLAZE SUEDE WC PREMIUM,  27.90 , 32x40 
CRESCENT ,B9136C,FIRELIGHT SUEDE WC PREMIUM,  27.90 , 32x40 
CRESCENT ,B9137C,THICKET SUEDE WC PREMIUM,  27.90 , 32x40 
CRESCENT ,B9140C,SMOKE SUEDE WC PREMIUM,  27.90 , 32x40 
CRESCENT ,B9141C,ASH SUEDE WC PREMIUM,  27.90 , 32x40 
CRESCENT ,B9142C,NIGHT SKY SUEDE WC PREMIUM,  27.90 , 32x40 
CRESCENT ,B9143C,COCOA SUEDE WC PREMIUM,  27.90 , 32x40 
CRESCENT ,B9146C,RED SKY SUEDE WC PREMIUM,  27.90 , 32x40 
CRESCENT ,B9148C,CROCUS SUEDE WC PREMIUM,  27.90 , 32x40 
CRESCENT ,AFX,MB WHT MTG BRD A-FREE ST,  6.60 , 32x40 
CRESCENT ,AF3X,MB WHT MTG BRD A-FREE DT,  12.00 , 32x40 
CRESCENT ,BR14921C,BRC BLUE ON BLACK,  54.70 , 32x40 
CRESCENT ,BR14987C,BRC BLUE ON WHITE,  54.70 , 32x40 
CRESCENT ,BR214921C,BRC BLACK ON BLUE 8PLY,  68.50 , 32x40 
CRESCENT ,BR214987C,BRC WHITE ON BLUE 8PLY,  68.50 , 32x40 
CRESCENT ,BR224921C,BRC BLACK ON GREEN 8PLY,  68.50 , 32x40 
CRESCENT ,BR224987C,BRC WHITE ON GREEN 8PLY,  68.50 , 32x40 
CRESCENT ,BR234921C,BRC BLACK ON RED 8PLY,  68.50 , 32x40 
CRESCENT ,BR234987C,BRC WHITE ON RED 8PLY,  68.50 , 32x40 
CRESCENT ,BR244921C,BRC BLACK ON YELLOW 8PLY,  68.50 , 32x40 
CRESCENT ,BR244987C,BRC WHITE ON YELLOW 8PLY,  68.50 , 32x40 
CRESCENT ,BR24921C,BRC GREEN ON BLACK,  54.70 , 32x40 
CRESCENT ,BR24987C,BRC GREEN ON WHITE,  54.70 , 32x40 
CRESCENT ,BR34921C,BRC RED ON BLACK,  54.70 , 32x40 
CRESCENT ,BR34987C,BRC RED ON WHITE,  54.70 , 32x40 
CRESCENT ,BR44921C,BRC YELLOW ON BLACK,  54.70 , 32x40 
CRESCENT ,BR44987C,BRC YELLOW ON WHITE,  54.70 , 32x40 
CRESCENT ,BR54921C,BRC ORANGE ON BLACK,  54.70 , 32x40 
CRESCENT ,BR54987C,BRC ORANGE ON WHITE,  54.70 , 32x40 
CRESCENT ,BR64921C,BRC PURPLE ON BLACK,  54.70 , 32x40 
CRESCENT ,BR64987C,BRC PURPLE ON WHITE,  54.70 , 32x40 
CRESCENT ,BR74921C,BRC BLACK ON PINK,  54.70 , 32x40 
CRESCENT ,BR74987C,BRC WHITE ON PINK,  54.70 , 32x40 
CRESCENT ,BR84921C,BRC BLACK ON AQUA,  54.70 , 32x40 
CRESCENT ,BR84987C,BRC WHITE ON AQUA,  54.70 , 32x40 
CRESCENT ,PSX,MB PERFECT MOUNT BRD ST,  26.40 , 32x40 
CRESCENT ,PS3X,MB PERFECT MOUNT BRD DT,  33.00 , 32x40 
CRESCENT ,RCXC,MB RECYCLED MTG BRD ST,  5.70 , 32x40 
CRESCENT ,XC,MB WHITE MTG BRD ST,  6.50 , 32x40 
CRESCENT ,11W,MB WHT NEEDLEART MNT BRD,  17.60 , 32x40 
CRESCENT ,3XC,MB WHITE MTG BRD DT,  11.65 , 32x40 
CRESCENT ,40C,MB GRAY NEWS MNT BRD ST,  4.60 , 32x40 
CRESCENT ,5657C,MOONLIT SAND PEBBLE BEACH,  51.05 , 32x40 
CRESCENT ,5658C,BRONZED SAND PEBBLE BEACH,  51.05 , 32x40 
CRESCENT ,5698C,SILVER SAND PEBBLE BEACH,  51.05 , 32x40 
CRESCENT ,5699C,GRAPHITE SAND PEBBLE BEA,  51.05 , 32x40 
CRESCENT ,67101C,MRM SBC PERLE,  59.25 , 32x40 
CRESCENT ,67102C,MRM SBC DUNE,  59.25 , 32x40 
CRESCENT ,67106C,MRM SBC ANTELOPE,  59.25 , 32x40 
CRESCENT ,67111C,MRM SBC SHAMROCK GREEN,  59.25 , 32x40 
CRESCENT ,67112C,MRM SBC BORDEAUX,  59.25 , 32x40 
CRESCENT ,67113C,MRM SBC MARINE BLUE,  59.25 , 32x40 
CRESCENT ,67114C,MRM SBC CARBON BLACK,  59.25 , 32x40 
CRESCENT ,67139C,MRM SBC ANTHRACITE,  59.25 , 32x40 
CRESCENT ,7100C,MRM SDE MOUTARDE,  59.25 , 32x40 
CRESCENT ,7101C,MRM SDE PERLE,  59.25 , 32x40 
CRESCENT ,7102C,MRM SDE DUNE,  59.25 , 32x40 
CRESCENT ,7104C,MRM SDE CHAMOIS,  59.25 , 32x40 
CRESCENT ,7105C,MRM SDE DARK RUST,  59.25 , 32x40 
CRESCENT ,7106C,MRM SDE ANTELOPE,  59.25 , 32x40 
CRESCENT ,7109C,MRM SDE TAUPE,  59.25 , 32x40 
CRESCENT ,7111C,MRM SDE SHAMROCK GREEN,  59.25 , 32x40 
CRESCENT ,7112C,MRM SDE BORDEAUX,  59.25 , 32x40 
CRESCENT ,7113C,MRM SDE MARINE BLUE,  59.25 , 32x40 
CRESCENT ,7114C,MRM SDE CARBON BLACK,  59.25 , 32x40 
CRESCENT ,7115C,MRM SDE MOKA,  59.25 , 32x40 
CRESCENT ,7116C,MRM SDE CHINESE RED,  59.25 , 32x40 
CRESCENT ,7120C,MRM SDE POLARIS,  59.25 , 32x40 
CRESCENT ,7127C,MRM SDE MILKWEED,  59.25 , 32x40 
CRESCENT ,7128C,MRM SDE OFF WHITE,  59.25 , 32x40 
CRESCENT ,7132C,MRM SDE WHISPER,  59.25 , 32x40 
CRESCENT ,7133C,MRM SDE DUSTY GREEN,  59.25 , 32x40 
CRESCENT ,7134C,MRM SDE ASPARAGUS,  59.25 , 32x40 
CRESCENT ,7135C,MRM SDE PINE GREEN,  59.25 , 32x40 
CRESCENT ,7136C,MRM SDE LE BEIGE,  59.25 , 32x40 
CRESCENT ,7139C,MRM SDE ANTHRACITE,  59.25 , 32x40 
CRESCENT ,7140C,MRM SDE WEESP BLUE,  59.25 , 32x40 
CRESCENT ,7141C,MRM SDE PLATINUM,  59.25 , 32x40 
CRESCENT ,7155C,MRM SDE WILDGRASS,  59.25 , 32x40 
CRESCENT ,7156C,MRM SDE SUMMER SKY,  59.25 , 32x40 
CRESCENT ,7157C,MRM SDE CATTAIL,  59.25 , 32x40 
CRESCENT ,7158C,MRM SDE STORM GRAY,  59.25 , 32x40 
CRESCENT ,7159C,MRM SDE COTTAGE STONE,  59.25 , 32x40 
CRESCENT ,7160C,MRM SDE EMBER,  59.25 , 32x40 
CRESCENT ,7162C,MRN SW REED,  59.25 , 32x40 
CRESCENT ,7163C,MRN SW RATTAN,  59.25 , 32x40 
CRESCENT ,7164C,MRN SW MEADOW,  59.25 , 32x40 
CRESCENT ,7165C,MRN SW EVERGREEN,  59.25 , 32x40 
CRESCENT ,7166C,MRN SW NAVY,  59.25 , 32x40 
CRESCENT ,7167C,MRN SW BOULDER,  59.25 , 32x40 
CRESCENT ,7168C,MRN SW GRAPHITE,  59.25 , 32x40 
CRESCENT ,7180C,MRM SDE WHITE,  59.25 , 32x40 
CRESCENT ,7181C,MRM SDE SUNSET,  59.25 , 32x40 
CRESCENT ,7182C,MRM SDE BRONZE,  59.25 , 32x40 
CRESCENT ,7183C,MRM SDE MOCCASIN,  59.25 , 32x40 
CRESCENT ,7184C,MRM SDE CINNAMON,  59.25 , 32x40 
CRESCENT ,7185C,MRM SDE CHAMBORD,  59.25 , 32x40 
CRESCENT ,7186C,MRM SDE FRENCH LAVENDER,  59.25 , 32x40 
CRESCENT ,7187C,MRM SDE CELESTIAL,  59.25 , 32x40 
CRESCENT ,7188C,MRM SDE MERCURY,  59.25 , 32x40 
CRESCENT ,7190C,MRM SDE OLIVE,  59.25 , 32x40 
CRESCENT ,7191C,MRM SDE PFALZGRAFF,  59.25 , 32x40 
CRESCENT ,7193C,MRM SDE TUMBLEWEED,  59.25 , 32x40 
CRESCENT ,7194C,MRM SDE GARNET,  59.25 , 32x40 
CRESCENT ,7195C,MRM SDE SAPPHIRE,  59.25 , 32x40 
CRESCENT ,7196C,MRM SDE TEAL,  59.25 , 32x40 
CRESCENT ,7199C,MRM SDE SPRUCE,  59.25 , 32x40 
CRESCENT ,7310C,MRM ICICLE SHIMMER WOVEN,  118.56 , 32x40 
CRESCENT ,7311C,MRM GOLDEN MOON SHIMMER,  118.56 , 32x40 
CRESCENT ,7312C,MRM MINT JULEP SHIMMER,  118.56 , 32x40 
CRESCENT ,7313C,MRM PRALINE SHIMMER WOV,  118.56 , 32x40 
CRESCENT ,7314C,MRM STARDUST SHIMMER WOV,  118.56 , 32x40 
CRESCENT ,7315C,MRM BLUE GALAXY SHIMMER,  118.56 , 32x40 
CRESCENT ,7501C,MRM LIN VINK TWEED,  51.05 , 32x40 
CRESCENT ,7513C,MRM LIN FOREST GREEN,  51.05 , 32x40 
CRESCENT ,7519C,MRM LIN WHITE,  51.05 , 32x40 
CRESCENT ,7520C,LIN MED GRAY,  51.05 , 32x40 
CRESCENT ,7521C,MRM LIN BLUE GRAY,  51.05 , 32x40 
CRESCENT ,7522C,MRM LIN BLACK,  51.05 , 32x40 
CRESCENT ,7526C,MRM LIN CREAM,  51.05 , 32x40 
CRESCENT ,7531C,MRM LIN LIGHT GRAY,  51.05 , 32x40 
CRESCENT ,7533C,MRM LIN MEDIUM BLUE,  51.05 , 32x40 
CRESCENT ,7536C,MRM LIN BLUE GREEN,  51.05 , 32x40 
CRESCENT ,7537C,MRM LIN LIGHT MOSS,  51.05 , 32x40 
CRESCENT ,7540C,MRM LIN LIGHT BEIGE,  51.05 , 32x40 
CRESCENT ,7541C,MRM LIN SILVER GRAY,  51.05 , 32x40 
CRESCENT ,7542C,MRM LIN RED CARPET,  51.05 , 32x40 
CRESCENT ,7543C,MRM LIN DARK MAUVE,  51.05 , 32x40 
CRESCENT ,7548C,MRM LIN TRUE BLUE,  51.05 , 32x40 
CRESCENT ,7549C,MRM LIN JASPER BROWN,  51.05 , 32x40 
CRESCENT ,7550C,MRM LIN SMOKEY HILL,  51.05 , 32x40 
CRESCENT ,7551C,MRM LIN FLAX,  51.05 , 32x40 
CRESCENT ,7553C,MRM LIN EDELWEISS,  51.05 , 32x40 
CRESCENT ,7554C,MRM LIN NORTH SEA,  51.05 , 32x40 
CRESCENT ,7556C,MRM LIN DUTCH CHOCOLATE,  51.05 , 32x40 
CRESCENT ,7557C,MRM LIN TOPIARY,  51.05 , 32x40 
CRESCENT ,7560C,MRM LIN BASQUE,  51.05 , 32x40 
CRESCENT ,7564C,MRM LIN MAROON,  51.05 , 32x40 
CRESCENT ,7565C,MRM LIN VINTAGE RUBY,  51.05 , 32x40 
CRESCENT ,7566C,MRM LIN AMETHYST LINEN,  51.05 , 32x40 
CRESCENT ,7567C,MRM LIN ULTRAMARINE BLUE,  51.05 , 32x40 
CRESCENT ,7569C,MRM LIN LODEN GREEN,  51.05 , 32x40 
CRESCENT ,7572C,MRM RUSTIC LIN WORN GRAY,  51.05 , 32x40 
CRESCENT ,7580C,MRM LIN BURGUNDY,  51.05 , 32x40 
CRESCENT ,7581C,MRM LIN JEWEL BLUE,  51.05 , 32x40 
CRESCENT ,7582C,MRM LIN LOTUS,  51.05 , 32x40 
CRESCENT ,7583C,MRM LIN SCROLL,  51.05 , 32x40 
CRESCENT ,7584C,MRM LIN HAVANA,  51.05 , 32x40 
CRESCENT ,7586C,MRM LIN SUMI,  51.05 , 32x40 
CRESCENT ,7588C,MRM LIN KHAKI,  51.05 , 32x40 
CRESCENT ,7597C,MRM LIN OFF WHITE,  51.05 , 32x40 
CRESCENT ,7700C,MRM LIN WARM WHITE,  69.75 , 32x40 
CRESCENT ,7701C,MRM LIN CANVAS,  69.75 , 32x40 
CRESCENT ,7702C,MRM LIN PARCHMENT,  69.75 , 32x40 
CRESCENT ,7703C,MRM LIN WILLOW,  69.75 , 32x40 
CRESCENT ,7704C,MRM LIN LAGOON,  69.75 , 32x40 
CRESCENT ,7705C,MRM LIN STONE,  69.75 , 32x40 
CRESCENT ,7706C,MRM LIN HARVEST,  69.75 , 32x40 
CRESCENT ,7707C,MRM LIN MIDNIGHT,  69.75 , 32x40 
CRESCENT ,7801C,MRM SLK ANTIQUE WHITE,  63.50 , 32x40 
CRESCENT ,8C,MB ULTRA-BLACK 8 ST,  12.00 , 32x40 
CRESCENT ,9735C,EARTHEN - DENALI,  27.30 , 32x40 
CRESCENT ,9736C,EARTHEN - SAND DUNE,  27.30 , 32x40 
CRESCENT ,9737C,EARTHEN - GOBI,  27.30 , 32x40 
CRESCENT ,9739C,EARTHEN - MESA,  27.30 , 32x40 
CRESCENT ,9500C,SEL WHITE GLOVE LOW PRICE,  10.99 , 32x40 
CRESCENT ,9502C,SEL WHITE SALE LOW PRICE,  10.99 , 32x40 
CRESCENT ,9505C,SEL WHITE WASH LOW PRICE,  10.99 , 32x40 
CRESCENT ,9599C,SEL AFTER DARK LOW PRICE,  10.99 , 32x40 
CRESCENT ,9613C,SEL SUPER WHITE LOW PRICE,  10.99 , 32x40 
CRESCENT ,9848C,SEL JET BLACK LOW PRICE,  10.99 , 32x40 
RISING,400974R4060,ZINC WHITE 4PLY 40X60,  51.30 , 40x60 
RISING,401701R4060,WHITE 8PLY 40x60,  122.10 , 40x60 
RISING,401711R4060,WARM WHITE 8PLY 40x60,  122.10 , 40x60 
RISING,401755R4060,40X60 WHITE 2PLY,  27.20 , 40x60 
RISING,402490R4060,WHITE 4PLY 40X60,  48.40 , 40x60 
RISING,403196R4060,WARM WHITE 4PLY 40X60,  48.40 , 40x60 
RISING,405603R4060,ANTIQUE 4PLY 40X60,  48.40 , 40x60 
RISING,405721R4060,OLDE WHITE 4PLY 40X60,  48.40 , 40x60 
RISING,405821R4060,BLACK 4PLY 40X60,  63.90 , 40x60 
RISING,405822R4060,BLACK 8PLY 40x60,  145.80 , 40x60 
RISING,405903R4060,POLAR WHITE 4PLY 40X60,  48.40 , 40x60 
RISING,405905R4060,POLAR WHITE 8PLY 40x60,  122.10 , 40x60 
RISING,401810R4872,WHITE 4PLY 48X72,  98.00 , 48x72 
RISING,401705R4896,WHITE 4PLY 48X96 10/CASE,  147.70 , 48x96 
RISING,401805R4896,WARM WHITE 4PLY 48X96,  131.20 , 48x96 
RISING,401722R60104,ANTIQUE WHITE 4PLY 60X104,  219.20 , 60x104 
RISING,402873R60104,WHITE 4PLY 60X104,  219.20 , 60x104 
RISING,402874R60104,BLACK 4PLY 60X104,  248.40 , 60x104 
RISING,400906R,CREAM 4PLY,  25.80 , 32x40 
RISING,400975R,ZINC 4PLY,  27.30 , 32x40 
RISING,401144R,WHITE 1PLY BARRIER PAPER,  7.50 , 32x40 
RISING,401700R,WHITE 8PLY,  65.00 , 32x40 
RISING,401710R,WARM WHITE 8PLY,  65.00 , 32x40 
RISING,401720R,ANTIQUE 8PLY,  65.00 , 32x40 
RISING,401730R,NATURAL 8PLY,  65.00 , 32x40 
RISING,401952R,WHITE 2PLY,  14.50 , 32x40 
RISING,401953R,NATURAL 2PLY,  14.50 , 32x40 
RISING,401956R,NATURAL 4PLY,  25.80 , 32x40 
RISING,402447R,WARM WHITE 4PLY,  25.80 , 32x40 
RISING,402872R,WHITE 4PLY,  25.80 , 32x40 
RISING,403198R,WARM WHITE 2PLY,  14.50 , 32x40 
RISING,405601R,ANTIQUE 2PLY,  14.50 , 32x40 
RISING,405602R,ANTIQUE 4PLY,  25.80 , 32x40 
RISING,405620R,MEDIUM GRAY 4PLY,  27.30 , 32x40 
RISING,405630R,BLACK 2PLY,  19.10 , 32x40 
RISING,405720R,OLDE WHITE 4PLY,  25.80 , 32x40 
RISING,405819R,BLACK 8PLY,  77.60 , 32x40 
RISING,405820R,BLACK 4PLY,  34.00 , 32x40 
RISING,405902R,POLAR WHITE 4PLY,  25.80 , 32x40 
RISING,405904R,POLAR WHITE 8PLY,  65.00 , 32x40 