item,Description,cost,Chop,Join,rabbet fraction,size fraction,group
26B,5/8 SATIN WALNUT POPLAR BURL,2.42,4.48,5.60, 3/8 , 5/8 ,Wood
36C,3/4 SATIN WLNT BURL,2.68,4.96,6.20, 3/8 , 3/4 ,Wood
50F,1 1/4 MAHOGANY VENEER REVERSE,4.40,7.82,9.78, 7/16,1  1/4 ,Wood
52D,1 1/8 SATIN WALNUT POPLAR BURL,3.68,6.57,8.21, 3/8 ,1  1/8 ,Wood
55E,1 1/2 SATIN WALNUT POPLAR BURL,4.50,7.87,9.84, 3/8 ,1  1/2 ,Wood
59C,1/2 BLACK CERTIFICATE,2.31,4.09,5.10, 9/16, 1/2 ,Wood
79A,1/2 ROUND BLACK,1.59,2.88,3.59, 5/16, 1/2 ,Wood
104B,3/4 OG BLACK,1.98,3.56,4.45, 1/4 , 3/4 ,Wood
163A,1/2 OG BLACK,1.74,3.11,3.89, 1/4 , 1/2 ,Wood
024-600,3 ANTIQUE GREY AGED PINE,5.35,10.44,13.57, 1/2 ,3,Wood
024-800,3 ANTIQUE BLACK AGED PINE,5.35,10.44,13.57, 1/2 ,3,Wood
254B,1/2 MAHOGANY VENEER WITH BLACK,2.53,4.69,5.86, 3/8 , 1/2 ,Wood
026-500,2 COFFEE AGED PINE,3.90,7.60,9.88, 1/2 ,2,Wood
026-600,2 GREY AGED PINE,3.90,7.60,9.88, 1/2 ,2,Wood
026-700,2 NATURAL AGED PINE,3.90,7.60,9.88, 1/2 ,2,Wood
026-800,2 BLACK AGED PINE,3.90,7.60,9.88, 1/2 ,2,Wood
263C,1 OG BLACK,2.40,4.18,5.23, 5/16,1,Wood
265C,3/4 BLONDE VENEER,2.78,5.13,6.42, 3/8 , 3/4 ,Wood
028-500,1 1/4 ANTIQUE COFFEE AGED PINE,2.82,5.50,7.15, 1/2 ,1  1/4 ,Wood
028-600,1 1/4 ANTIQUE GREY AGED PINE,2.82,5.50,7.15, 1/2 ,1  1/4 ,Wood
028-700,1 1/4 ANTIQUE NATURAL AGED,2.82,5.50,7.15, 1/2 ,1  1/4 ,Wood
028-800,1 1/4 ANTIQUED BLACK AGED,2.82,5.50,7.15, 1/2 ,1  1/4 ,Wood
334A,3/4 FLAT BLACK,2.05,3.69,4.61, 3/8 , 7/8 ,Wood
381D,3/4 BLACK CERTIFICATE,2.91,5.11,6.38, 7/8 , 3/4 ,Wood
438D,1 1/4 FLAT SHAKER,3.39,6.02,7.52, 3/8 ,1  1/4 ,Wood
440C,1 1/4 HONEY BURL,5.00,9.24,11.55, 7/16,1  1/4 ,Wood
442D,1 5/8 FLAT SHAKER,4.35,7.52,9.39, 3/8 ,1  5/8 ,Wood
445B,3/4 FLAT SHAKER,2.68,4.96,6.20, 3/8 , 3/4 ,Wood
450A,1/2 BLACK,1.72,3.10,3.88, 3/8 , 1/2 ,Wood
571E,1 1/2 BLONDE VENEER,4.40,7.82,9.78, 3/8 ,1  1/2 ,Wood
574B,"5/8 BLACK CAP-3/4"" DEEP",2.46,4.37,5.46,13/16, 5/8 ,Wood
575D,1 1/8 BLONDE VENEER BURL,3.53,6.29,7.87, 3/8 ,1  1/8 ,Wood
664D,3/4 MAHOGANY VENEER WITH BLACK,2.72,5.03,6.29, 3/8 , 3/4 ,Wood
748G,2 1/8 GREEN PANEL WITH GOLD,7.18,13.28,16.60, 1/2 ,2  1/8 ,Wood
773D,7/8 REVERSE BROWN,3.83,7.08,8.86, 1/2 , 7/8 ,Wood
781G,2 1/8 BROWN PANEL WITH GOLD,7.18,13.28,16.60, 1/2 ,2  1/8 ,Wood
825L,1 1/2 REVERSE BURL,9.55,16.40,20.51, 7/8 ,1  1/2 ,Wood
832F,3/4 REVERSE BURL WITH BLACK,5.40,9.42,11.78, 1/2 , 3/4 ,Wood
837G,1 1/4 FLAT BURL WITH GOLD LIP,4.90,8.55,10.69, 1/4 ,1  1/4 ,Wood
844Q,2 1/8 REVERSE BURL WITH BLACK,12.17,21.90,27.38,13/16,2  1/8 ,Wood
847M,1 1/4 SCOOP BURL WITH BLACK,9.19,15.89,19.87, 7/16,1  1/4 ,Wood
974E,5/8 BURL TOP W/BLACK BACK,4.90,8.55,10.69, 9/16, 5/8 ,Wood
975B,1 HALF ROUND WEATHERED,1.96,3.43,4.29, 3/8 ,1,Wood
1047D,"1"" MAHOGANY VENEER WITH BLACK",2.92,5.41,6.76, 3/8 ,1,Wood
1118F,7/8 FLAT BURL W/GOLD LIP,3.89,7.19,8.98, 5/16, 7/8 ,Wood
1222B,3/4 HONEY BUDGET BURL,3.39,6.26,7.83, 1/2 , 3/4 ,Wood
1223B,3/4 WALNUT BUDGET BURL,3.39,6.26,7.83, 1/2 , 3/4 ,Wood
1224C,1 1/8 HONEY BUDGET BURL,4.03,7.46,9.33, 9/16,1  1/8 ,Wood
1225C,1 1/8 WALNUT BUDGET BURL,4.03,7.46,9.33, 9/16,1  1/8 ,Wood
1226D,1 1/4 HONEY BUDGET BURL,4.35,7.70,9.63, 9/16,1  1/4 ,Wood
1227D,1 1/4 WALNUT BUDGET BURL,4.35,7.70,9.63, 9/16,1  1/4 ,Wood
1228H,2 1/8 HONEY BUDGET BURL,8.29,14.80,18.50, 3/4 ,2  1/8 ,Wood
1229H,2 1/8 WALNUT BUDGET BURL,8.29,14.80,18.50, 3/4 ,2  1/8 ,Wood
1233A,3/4 CHERRY STAIN,2.53,4.55,5.69, 3/8 , 3/4 ,Wood
1239C,"1"" BLACK DIPLOMA FRAME",2.47,4.44,5.55, 5/16,1,Wood
1245C,3/4 BLACK & GOLD DIPLOMA FRAME,2.14,3.92,5.01, 5/16, 3/4 ,Wood
1248A,3/4 DEEP WALNUT STAIN,2.53,4.55,5.69, 3/8 , 3/4 ,Wood
1251C,3/4 BLACK DIPLOMA FRAME,1.98,3.56,4.45, 5/16, 3/4 ,Wood
1252C,"1"" BLACK & GOLD DIPLOMA FRAME",2.69,4.76,5.95, 5/16,1,Wood
140-7007,1 1/8 GOLD STELLA,5.01,9.77,12.70, 5/8 ,1  1/8 ,Wood
140-7008,1 1/8 SILVER STELLA,5.01,9.77,12.70, 5/8 ,1  1/8 ,Wood
140-7009,1 1/8 PEWTER STELLA,5.01,9.77,12.70, 5/8 ,1  1/8 ,Wood
140-7011,1 1/8 WHITE STELLA,5.01,9.77,12.70, 5/8 ,1  1/8 ,Wood
140-7012,1 1/8 BRONZE STELLA,5.01,9.77,12.70, 5/8 ,1  1/8 ,Wood
141-7011,1 1/2 WHITE STELLA,6.43,12.54,16.30,1,1  1/2 ,Wood
203-426,1 BLACK & GOLD,2.03,3.97,5.16, 1/2 ,1,Wood
250-1011,7/8 WHITE LINO,4.33,8.44,10.97, 9/16, 7/8 ,Wood
250-1013,7/8 GREY PURPLE LINO,4.33,8.44,10.97, 9/16, 7/8 ,Wood
250-1015,7/8 BRONZE LINO,4.33,8.44,10.97, 9/16, 7/8 ,Wood
250-1016,7/8 DARK GREY LINO,4.33,8.44,10.97, 9/16, 7/8 ,Wood
250-1017,7/8 BLUE JEAN LINO,4.33,8.44,10.97, 9/16, 7/8 ,Wood
251-1011,2 WHITE LINO,6.41,12.50,16.26, 5/8 ,2,Wood
251-1013,2 DARK PURPLE LINO,6.41,12.50,16.26, 5/8 ,2,Wood
251-1015,2 BRONZE LINO,6.41,12.50,16.26, 5/8 ,2,Wood
251-1016,2 DARK GREY LINO,6.41,12.50,16.26, 5/8 ,2,Wood
251-1017,2 BLUE JEAN LINO,6.41,12.50,16.26, 5/8 ,2,Wood
260-7006,3/4 GREEN AQUA,2.08,7.70,10.01, 9/16, 3/4 ,Wood
261-7006,1 1/2 GREEN AQUA,6.41,12.50,16.26, 3/4 ,1  1/2 ,Wood
261-7007,1 1/2 DARK CHAMPAGNE AQUA,6.41,12.50,16.26, 3/4 ,1  1/2 ,Wood
261-7008,1 1/2 PEWTER AQUA,6.41,12.50,16.26, 3/4 ,1  1/2 ,Wood
261-7009,1 1/2 BRONZE AQUA,6.41,12.50,16.26, 3/4 ,1  1/2 ,Wood
261-7010,1 1/2 BLACK AQUA,6.41,12.50,16.26, 3/4 ,1  1/2 ,Wood
450-1007,1 5/8 GOLD POSITANO,6.75,13.17,17.12, 5/8 ,1  5/8 ,Wood
450-1008,1 5/8 SILVER POSITANO,6.75,13.17,17.12, 5/8 ,1  5/8 ,Wood
450-1010,1 5/8 BLACK POSITANO,6.75,13.17,17.12, 5/8 ,1  5/8 ,Wood
5283-2426,1 1/2 WALNUT BASQUE,4.45,8.67,11.27, 1/2 ,1  1/2 ,Wood
730-6007,3/4 GOLD CLASSICO,5.51,10.74,13.96, 1/2 , 3/4 ,Wood
730-6008,3/4 PEWTER CLASSICO,5.51,10.74,13.96, 1/2 , 3/4 ,Wood
730-6009,3/4 CHAMPAGNE SILVER CLASSICO,5.51,10.74,13.96, 1/2 , 3/4 ,Wood
731-6007,1 1/2 GOLD CLASSICO,8.14,15.87,20.63, 1/2 ,1  1/2 ,Wood
731-6008,1 1/2 PEWTER CLASSICO,8.14,15.87,20.63, 1/2 ,1  1/2 ,Wood
731-6009,1 1/2 CHAMPAGNE SILVER CLASSIC,8.14,15.87,20.63, 1/2 ,1  1/2 ,Wood
731-6013,1 1/2 ROSE GOLD CLASSICO,8.14,15.87,20.63, 1/2 ,1  1/2 ,Wood
7430,7/8 SILVER REGAL,5.75,10.35,12.94,89/95, 7/8 ,Wood
7440,7/8 GOLD REGAL,5.75,10.35,12.94,89/95, 7/8 ,Wood
7459,7/8 BLACK REGAL,5.75,10.35,12.94,89/95, 7/8 ,Wood
7460,7/8 WHITE REGAL,5.75,10.35,12.94,89/95, 7/8 ,Wood
7530,5/8 SILVER FLORA,5.51,9.92,12.41,89/95, 5/8 ,Wood
7540,5/8 GOLD FLORA,5.51,9.92,12.41,89/95, 5/8 ,Wood
7559,5/8 BLACK FLORA,5.51,9.92,12.41,89/95, 5/8 ,Wood
7560,5/8 WHITE FLORA,5.51,9.92,12.41,89/95, 5/8 ,Wood
870-9013,2 3/8 GOLD BRAIDED ARTIGIANA,7.15,13.94,18.12, 5/8 ,2  3/8 ,Wood
871-9013,1 1/4 GOLD DOUBLE BEADED FLAT,4.54,8.85,11.51, 3/8 ,1  1/4 ,Wood
B925,1 1/2 DIXIE GREY COUNTRY,1.74,3.40,4.42, 1/2 ,1  1/2 ,Wood
B926,1 1/2 YELLOW COUNTRY,1.74,3.40,4.42, 1/2 ,1  1/2 ,Wood
B927,1 1/2 BOURBON ORANGE COUNTRY,1.74,3.40,4.42, 1/2 ,1  1/2 ,Wood
B928,1 1/2 FRENCH TEAL COUNTRY,1.74,3.40,4.42, 1/2 ,1  1/2 ,Wood
B929,1 1/2 PETTICOAT PINK,1.74,3.40,4.42, 1/2 ,1  1/2 ,Wood
B930,1 1/2 SKY BLUE COUNTRY,1.74,3.40,4.42, 1/2 ,1  1/2 ,Wood
B931,1 1/2 MINT JULIP COUNTRY,1.74,3.40,4.42, 1/2 ,1  1/2 ,Wood
B956,3/4 SOUTHERN YELLOW COUNTRY,1.74,3.40,4.42,1, 3/4 ,Wood
B957,3/4 BOURBON ORANGE COUNTRY,1.74,3.40,4.42,1, 3/4 ,Wood
B958,3/4 FRENCH TEAL COUNTRY,1.74,3.40,4.42,1, 3/4 ,Wood
B959,3/4 PETTICOAT PINK COUNTRY,1.74,3.40,4.42,1, 3/4 ,Wood
B960,3/4 SKY BLUE COUNTRY,1.74,3.40,4.42,1, 3/4 ,Wood
B961,3/4 MINT JULIP COUNTRY,1.74,3.40,4.42,1, 3/4 ,Wood
B970,3/8 X 2  BLACK FLOATER COUNTRY,3.28,6.40,8.32,1  1/2 , 3/8 ,Wood
B971,3/8 X 2 WHITE FLOATER COUNTRY,3.28,6.40,8.32,1  1/2 , 3/8 ,Wood
B972,3/8 X 2 WHISKEY BROWN FLOATER,3.28,6.40,8.32,1  1/2 , 3/8 ,Wood
B973,3/8 X 2 MISSISSIPPI MUD FLOATE,3.28,6.40,8.32,1  1/2 , 3/8 ,Wood
B974,3/8 X 2 WEATHERED BLUE FLOATER,3.28,6.40,8.32,1  1/2 , 3/8 ,Wood
B975,3/8 X 2 DIXIE GREY FLOATER,3.28,6.40,8.32,1  1/2 , 3/8 ,Wood
B976,3/8 X 2 SOUTHERN YELLOW FLOATE,3.28,6.40,8.32,1  1/2 , 3/8 ,Wood
B977,3/8 X 2 BOURBON ORANGE FLOATER,3.28,6.40,8.32,1  1/2 , 3/8 ,Wood
B978,3/8 X 2 FRENCH TEAL FLOATER,3.28,6.40,8.32,1  1/2 , 3/8 ,Wood
BR4216,1 1/2 WALNUT CHARLESTON W/BEAD,3.28,6.40,8.32, 7/16,1  1/2 ,Wood
BR4520,2 MATTE BLACK AUGUSTA SCOOP,3.30,6.44,8.37, 3/8 ,2,Wood
EC1609,3/8 X 2 BRONZE FLOATER VALUCOR,2.22,4.33,5.64,2, 3/8 ,Wood
G2671,3/16 OPEN GRAIN WHITE,3.23,6.30,8.19, 3/4 , 3/16,Wood
G2672,3/16 OPEN GRAIN BLACK,3.23,6.30,8.19, 3/4 , 3/16,Wood
G3001,3/8 X 2 GRAIN DARK GREY FLOATE,5.66,11.04,14.35,1  1/2 , 3/8 ,Wood
G3011,3/8 X 2 GRAIN LIGHT GREY FLOAT,5.66,11.04,14.35,1  1/2 , 3/8 ,Wood
H277,1 3/4 GOLD LEAF BASTILLE,3.68,7.17,9.32, 3/8 ,1  3/4 ,Wood
H3408,2 1/4 HATCH SILVER CROSS,7.76,15.14,19.68,1  3/8 ,2  1/4 ,Wood
H4217,1/2 GOLD LEAF PRECIOUS METALS,1.20,2.33,3.03, 5/8 , 1/2 ,Wood
H5000,1 1/8 GOLD LUMINOSO,3.10,6.04,7.85, 5/8 ,1  1/8 ,Wood
H5001,1 1/8 SILVER LUMINOSO,3.10,6.04,7.85, 5/8 ,1  1/8 ,Wood
H5002,1 1/8 BRONZE LUMINOSO,3.10,6.04,7.85, 5/8 ,1  1/8 ,Wood
H5003,1 1/8 SMOKE LUMINOSO,3.10,6.04,7.85, 5/8 ,1  1/8 ,Wood
I405,1 3/16 ESPRESSO,3.69,7.20,9.36, 3/4 ,1  7/8 ,Wood
MM24,"1 1/4"" REVERSE MAHOGANY",2.11,3.69,4.61, 3/8 ,1  1/4 ,Wood
N2540,4 FLAT MATTE BLACK,6.22,12.14,15.78, 3/4 ,4,Wood
N2620,13/16 COLLINS BLACK STEM,2.86,5.57,7.24, 5/8 ,13/16,Wood
N2621,13/16 COLLINS WHITE STEM,2.86,5.57,7.24, 5/8 ,13/16,Wood
P1705,3/8 X 2 ESPRESSO FLOATER,4.07,7.94,10.32,1  1/2 , 3/8 ,Wood
P1706,3/8 X 2 BORDEAUX FLOATER GALLE,4.07,7.94,10.32,1  9/16, 3/8 ,Wood
P1707,3/8 X 2 GOLD LEAF FLOATER,5.45,10.64,13.83,1  9/16, 3/8 ,Wood
P1708,3/8 X 2 SILVER LEAF FLOATER,5.45,10.64,13.83,1  9/16, 3/8 ,Wood
P1710,3/8 X 2 MATTE BLACK FLOATER,4.19,8.17,10.62,1  9/16, 3/8 ,Wood
P1711,3/8 X 2 MATTE WHITE FLOATER,4.19,8.17,10.62,1  9/16, 3/8 ,Wood
P1712,3/8 X 2 NATURAL FLOATER GALLER,4.33,8.44,10.97,1  9/16, 3/8 ,Wood
P1722,3/8 X 2 OPEN GRAIN BLACK FLOAT,4.19,8.17,10.62,1  9/16, 3/8 ,Wood
P1728,3/8 X 2 DARK SILVER FLOATER,5.44,10.60,13.78,1  9/16, 3/8 ,Wood
P1730,3/8 X 2 WOOD GRAIN BLACK FLOAT,3.16,6.17,8.02,1  1/2 , 3/8 ,Wood
P1732,3/8 X 2 NATURAL FLOATER GALLER,3.16,6.17,8.02,1  1/2 , 3/8 ,Wood
P1733,3/8 X 2 MAPLE FLOATER GALLERY,3.16,6.17,8.02,1  1/2 , 3/8 ,Wood
P1734,3/8 X 2 WALNUT FLOATER GALLERY,3.16,6.17,8.02,1  1/2 , 3/8 ,Wood
P1735,3/8 X 2 ESPRESSO FLOATER,3.16,3.16,8.02,1  1/2 , 3/8 ,Wood
P1736,3/8 X 2 BORDEAUX FLOATER,3.16,6.17,8.02,1  1/2 , 3/8 ,Wood
P1739,3/8 X 2 LIGHT WALNUT FLOATER,3.16,6.17,8.02,1  1/2 , 3/8 ,Wood
STRAINER,"STRAINER 1 5/16 X5/8"" DEEP",2.11,3.17,3.96, 5/8 ,1  3/8 ,Extender
V100B,1 1/4 BLACK LINEN LINER,1.73,3.37,4.38, 3/16,1  1/4 ,Liner
WM1678,"1 1/2"" WHITE WASH",2.38,4.12,5.48, 3/4 ,1  1/2 ,Wood
WM2039,"1/2"" WHITE",1.65,2.97,3.71, 5/16, 1/2 ,Wood
WM2045,"1 1/2"" BLACK",3.10,5.63,7.18, 5/16,1  1/2 ,Wood
WM2046,"1 1/2"" WHITE",3.10,5.63,7.18, 5/16,1  1/2 ,Wood
WM2048,"3/4"" WHITE",1.93,3.40,4.26, 5/16, 3/4 ,Wood
WM2049,"1 1/8"" BLACK",2.59,4.66,5.83, 5/16,1  1/8 ,Wood
WM2050,"1 1/8"" WHITE",2.52,4.48,5.60, 5/16,1  1/8 ,Wood
WM2109,"1 1/8"" SMOKY SAGE SPLASH",6.92,12.61,15.77, 3/8 ,1  1/8 ,Wood
WM2110,"1 1/8"" ACID WASH CAPPUCINO",6.92,12.61,15.77, 3/8 ,1  1/8 ,Wood
WM2111,"1 1/8"" ACID WASH GREEN",6.92,12.61,15.77, 3/8 ,1  1/8 ,Wood
WM2112,"1 1/8"" ACID WASH SUNFLOWER",6.92,12.61,15.77, 3/8 ,1  1/8 ,Wood
WM2113,"1 1/8"" ACID WASH RED ROSE",6.92,12.61,15.77, 3/8 ,1  1/8 ,Wood
WM2115,"1 1/8"" ACID WASH COBALT BLUE",6.92,12.61,15.77, 3/8 ,1  1/8 ,Wood
WM2116,1 5/8 EMPIRE BLACK,4.57,8.14,10.18, 7/16,1  5/8 ,Wood
WM2125,"1"" SATIN BLACK",3.29,3.57,4.46, 7/16,1,Wood
WM2126,"1"" WALNUT BLACK",3.30,5.83,7.29, 7/16,1,Wood
WM2130,"1 1/2"" SATIN BLACK",4.45,8.16,10.40, 7/16,1  1/2 ,Wood
WM2131,"1 1/2"" WALNUT BLACK",4.45,8.16,10.40, 7/16,1  1/2 ,Wood
WM2132,1 1/2 TEAK BLACK,2.65,4.51,5.63, 7/16,1  1/2 ,Wood
WM2133,1 1/2 CHERRY BLACK,2.65,4.51,5.63, 7/16,1  1/2 ,Wood
WM2219,"1 3/4"" MADRIGUAL NATURAL",2.92,5.13,6.41, 3/8 ,1  3/4 ,Wood
WM2220,"1 3/4"" MADRIGAL WALNUT",2.92,5.13,6.41, 3/8 ,1  3/4 ,Wood
WM2221,"2 1/2"" MADRIGAL NATURAL",3.90,7.02,8.87, 9/16,2  1/2 ,Wood
WM2222,"2 1/2"" MADRIGAL WALNUT",3.90,7.02,8.87, 9/16,2  1/2 ,Wood
WM2260,"2 1/4"" WHITE",4.59,8.49,10.61, 1/2 ,2  1/4 ,Wood
WM2261,"2 1/4"" TEAK",4.59,8.49,10.61, 1/2 ,2  1/4 ,Wood
WM2262,"2 1/4"" OLIVINE",4.59,8.49,10.61, 1/2 ,2  1/4 ,Wood
WM2263,"1 1/4"" WHITE",2.92,5.41,6.76, 1/2 ,1  1/4 ,Wood
WM2264,"1 1/4"" TEAK",2.92,5.41,6.76, 1/2 ,1  1/4 ,Wood
WM2265,"1 1/4"" OLIVINE",2.92,5.41,6.76, 1/2 ,1  1/4 ,Wood
WM2310,"STRAINER 1 11/16"" (11/16)DEEP",2.24,3.36,4.37,,1  5/8 ,Extender
WM2415,1 1/2 BLACK SCOOP WITH RIDGE,2.10,3.68,4.60, 7/16,1  1/2 ,Wood
WM2417,1 1/8 CONCAVE BLACK WITH LIP,2.02,3.54,4.43, 1/2 ,1  1/8 ,Wood
WM2418,3/4 CONCAVE BLACK WITH LIP,1.31,2.29,2.87, 1/2 , 3/4 ,Wood
WM2419,7/8 BLACK CAP,2.05,3.69,4.61, 7/8 , 7/8 ,Wood
WM2421,1 1/4 DEEP FLAT BLACK,3.27,5.69,6.99, 7/8 ,1  1/4 ,Wood
WM2460,3/4 SILVER WITH BEADING,2.09,3.80,4.85, 1/2 , 3/4 ,Wood
WM2461,3/4 GOLD WITH BEADING,2.09,3.80,4.85, 1/2 , 3/4 ,Wood
WM2462,3/4 SILVER WITH FLOWERS,1.85,3.29,4.12, 1/2 , 3/4 ,Wood
WM2463,3/4 GOLD WITH FLOWERS,1.85,4.11,5.14, 1/2 , 3/4 ,Wood
WM2464,3/4 SMOOTH SILVER,2.92,5.19,6.50, 7/16, 3/4 ,Wood
WM2465,3/4 SMOOTH GOLD,2.92,5.19,6.50, 7/16, 3/4 ,Wood
WM2492,"1 3/8"" CAPPUCCINO BRETTON SCRO",2.92,5.20,6.50, 1/2 ,1  3/8 ,Wood
WM2493,"1 3/8"" ESPRESSO BRETTON SCROLL",2.92,5.20,6.50, 1/2 ,1  3/8 ,Wood
WM2496,"2 1/8"" CAPPUCCINO BRETTON SCRO",4.44,8.21,10.27, 1/2 ,2  1/8 ,Wood
WM2497,"2 1/8"" ESPRESSO BRETTON SCROLL",4.44,8.21,10.27, 1/2 ,2  1/8 ,Wood
WM2511,"1 5/8"" BEIGE",5.86,10.12,12.64, 1/2 ,1  5/8 ,Wood
WM2512,"1 5/8"" WALNUT",5.86,10.12,12.64, 1/2 ,1  5/8 ,Wood
WM2513,"1 5/8"" CHARCOAL",5.86,10.12,12.64, 1/2 ,1  5/8 ,Wood
WM2514,"2 3/4"" BEIGE",9.05,16.46,20.57, 1/2 ,2  3/4 ,Wood
WM2515,"2 3/4"" WALNUT",9.05,16.46,20.57, 1/2 ,2  3/4 ,Wood
WM2516,"2 3/4"" CHARCOAL",9.05,16.46,20.57, 1/2 ,2  3/4 ,Wood
WM2517,"1/2"" ANTIQUE SILVER CAP",3.17,5.50,6.87, 5/8 , 1/2 ,Wood
WM2518,"1/2"" ANTIQUE GOLD CAP",3.17,5.50,6.87, 5/8 , 1/2 ,Wood
WM2519,"3/4"" ANTIQUE SILVER CAP",3.69,6.63,8.29, 7/8 , 3/4 ,Wood
WM2520,"3/4"" ANTIQUE GOLD CAP",3.69,6.63,8.29, 7/8 , 3/4 ,Wood
WM2521,"5/8"" ANTIQUE SILVER REVERSE",2.55,4.51,5.69, 1/2 , 5/8 ,Wood
WM2522,"5/8"" ANTIQUE GOLD REVERSE",2.54,4.51,5.69, 1/2 , 5/8 ,Wood
WM2523,"1"" ANTIQUE SILVER REVERSE",3.66,6.53,8.17, 5/8 ,1,Wood
WM2531,"1 1/4"" AGED SILVER",3.91,7.22,9.20, 3/8 ,1  1/4 ,Wood
WM2532,"1 1/4"" AGED GOLD",3.91,7.22,9.20, 3/8 ,1  1/4 ,Wood
WM2533,"1 1/4"" AGED BLACK",3.74,6.73,8.41, 3/8 ,1  1/4 ,Wood
WM2534,"2"" AGED SILVER",5.94,10.62,13.27, 1/2 ,2,Wood
WM2535,"2"" AGED GOLD",5.94,10.62,13.27, 1/2 ,2,Wood
WM2540,"1 1/8"" COLA",5.00,9.24,11.55, 1/2 ,1  1/8 ,Wood
WM2541,"1 1/8"" ROOT BEER",5.00,9.24,11.55, 1/2 ,1  1/8 ,Wood
WM2542,"1 1/8"" CREAM",5.00,9.24,11.55, 1/2 ,1  1/8 ,Wood
WM2543,"1 1/8"" CHERRY",5.00,9.24,11.55, 1/2 ,1  1/8 ,Wood
WM2544,"1 1/8"" BLUEBERRY",5.00,9.24,11.55, 1/2 ,1  1/8 ,Wood
WM2545,"1 1/8"" ARTIC CHILL",5.00,9.24,11.55, 1/2 ,1  1/8 ,Wood
WM2546,"1 1/8"" LIMEADE",5.00,9.24,11.55, 1/2 ,1  1/8 ,Wood
WM2561,"1"" LIGHT WALNUT ALTA",4.79,8.28,10.35, 1/2 ,1,Wood
WM2562,"1"" MEDIUM WALNUT ALTA",4.79,8.28,10.35, 1/2 ,1,Wood
WM2563,"1"" DARK WALNUT ALTA",4.79,8.28,10.35, 1/2 ,1,Wood
WM2577,3/4 LATTE DAKOTA,4.90,9.07,11.34, 7/16, 3/4 ,Wood
WM2596,3 1/4 SCOOP ANTIQUE GOLD FLAT,13.12,23.62,29.53,1  5/8 ,3  1/4 ,Wood
WM2599,2 5/8 SCOOP GOLD BLACK,7.81,14.06,17.58, 1/2 ,2  5/8 ,Wood
WM2600,1 SCOOP GOLD SHADOW BOX,5.84,10.51,13.14,1  5/16,1,Wood
WM2610,1 1/2 NATURAL BRITANNICA,7.22,12.51,15.64, 5/8 ,1  1/2 ,Wood
WM2611,1 1/2 WALNUT BRITANNICA,7.22,12.51,15.64, 5/8 ,1  1/2 ,Wood
WM2612,1 1/2 PLUM BRITANNICA,7.22,12.51,15.64, 5/8 ,1  1/2 ,Wood
WM2616,1 1/8 SILVER ORION,3.05,5.59,7.13, 1/2 ,1  1/8 ,Wood
WM2617,1 1/8 GOLD ORION,3.05,5.59,7.13, 1/2 ,1  1/8 ,Wood
WM2618,1 1/8 WALNUT ORION,2.91,5.11,6.39, 1/2 ,1  1/8 ,Wood
WM2619,2 SILVER ORION,4.75,8.72,11.01, 1/2 ,2,Wood
WM2620,2 GOLD ORION,4.75,8.72,11.01, 1/2 ,2,Wood
WM2621,2 WALNUT ORION,4.54,8.40,10.71, 1/2 ,2,Wood
WM2645,2 WHITE LINEN LINER,2.54,4.45,5.76, 1/4 ,2,Liner
WM2649,1 1/4 WHITE LINEN LINER,1.70,2.98,3.87, 1/4 ,1  1/4 ,Liner
WM2650,1 1/4 NATURAL LINEN LINER,1.70,2.98,3.87, 1/4 ,1  1/4 ,Liner
WM2653,1 1/4 WHITE LINEN LINER W/GOLD,1.70,2.98,3.73, 1/4 ,1  1/4 ,Liner
WM2655,3/4 WHITE LINEN LINER,1.46,2.45,3.06, 1/4 , 3/4 ,Liner
WM2657,1 1/4 NATURAL LINER W/GOLD,1.70,2.98,3.73, 1/4 ,1  1/4 ,Liner
WM2659,5/8 CHERRY VENEER,2.37,4.38,5.48, 3/8 , 5/8 ,Wood
WM2700,1 1/8 FLAT WHITE WASH W/SILVER,1.29,2.26,2.83, 3/8 ,1  1/8 ,Wood
WM2701,1 1/8 FLAT WALNUT W/SILVER,1.29,2.26,2.83, 3/8 ,1  1/8 ,Wood
WM2702,1 1/8 FLAT RED MAHOGANY WITH,1.29,2.26,2.83, 3/8 ,1  1/8 ,Wood
WM2703,1 1/8 FLAT SILVER W/ANTIQUE,1.29,2.26,2.83, 3/8 ,1  1/8 ,Wood
WM2705,1 1/8 FLAT GOLD W/ANTIQUE,1.29,2.26,2.83, 3/8 ,1  1/8 ,Wood
WM2707,1 1/4 SILVER W/BLACK PANEL,1.38,2.42,3.03, 3/8 ,1  1/4 ,Wood
WM2712,1 3/4 MED WALNUT W/GOLD WASH,2.43,4.25,5.31, 1/2 ,1  3/4 ,Wood
WM2713,1 1/2 PEWTER REVERSE,1.77,3.10,3.88, 1/2 ,1  1/2 ,Wood
WM2714,1 3/8 CHAMPAGNE CONCAVE,1.56,2.73,3.41, 3/8 ,1  3/8 ,Wood
WM2715,1 3/8 GOLD CONCAVE,1.56,2.73,3.41, 3/8 ,1  3/8 ,Wood
WM2716,1 3/16 SLOPE OFF WHITE,1.80,3.15,3.94, 1/4 ,1  3/16,Wood
WM2718,1/2 BLACK,1.32,2.18,2.83, 5/16, 1/2 ,Wood
WM2722,2 3/8 ANTIQUE GOLD REVERSE,2.37,4.15,5.19, 1/2 ,2  3/8 ,Wood
WM2723,2 3/8 PEWTER REVERSE,2.37,4.15,5.19, 1/2 ,2  3/8 ,Wood
WM2724,1 1/2 ANTIQUE GOLD REVERSE,1.80,3.15,3.94, 1/2 ,1  1/2 ,Wood
WM2728,1 1/2 REVERSE MAHOGANY,1.77,3.10,3.88, 3/4 ,1  1/2 ,Wood
WM2729,1 3/8 CHERRY STEP,1.53,2.68,3.35, 3/8 ,1  3/8 ,Wood
WM2730,1 3/4 MED. WALNUT W/SILVER,2.43,4.25,5.31, 1/2 ,1  3/4 ,Wood
WM2731,1 3/4 WALNUT W/SILVER WASH LIP,2.43,4.25,5.31, 1/2 ,1  3/4 ,Wood
WM2732,1 3/4 CHERRY WITH SILVER,2.43,4.25,5.31, 1/2 ,1  3/4 ,Wood
WM2733,1 3/16 PECAN CONCAVE,1.80,3.15,3.94, 1/4 ,1  3/16,Wood
WM2734,1 3/4 BLONDE,3.68,6.52,8.16, 1/2 ,1  3/4 ,Wood
WM2735,1 3/4 CHESTNUT,3.68,6.52,8.16, 1/2 ,1  3/4 ,Wood
WM2736,1 3/4 WALNUT,3.68,6.52,8.16, 1/2 ,1  3/4 ,Wood
WM2737,1 3/4 CHARCOAL,3.68,6.52,8.16, 1/2 ,1  3/4 ,Wood
WM2789,1 1/8 LIGHT BROWN DUNE,3.24,5.74,7.17, 1/2 ,1  1/8 ,Wood
WM2790,1 1/8 BLUE GRAY DUNE,3.24,5.74,7.17, 1/2 ,1  1/8 ,Wood
WM2791,1 3/4 LIGHT BROWN DUNE,4.24,7.84,9.80, 1/2 ,1  3/4 ,Wood
WM2792,1 3/4 BLUE GRAY DUNE,4.24,7.84,9.80, 1/2 ,1  3/4 ,Wood
WM2793,2 1/2 LIGHT BROWN DUNE,6.36,11.77,14.72, 1/2 ,2  1/2 ,Wood
WM2794,2 1/2 BLUE GRAY DUNE,6.36,11.77,14.72, 1/2 ,2  1/2 ,Wood
WM2795,1/2 CHARCOAL PADDOCK,1.46,2.70,3.38, 3/8 , 1/2 ,Wood
WM2796,1/2 WALNUT PADDOCK,1.46,2.70,3.38, 3/8 , 1/2 ,Wood
WM2797,1/2 CHESTNUT PADDOCK,1.46,2.70,3.38, 3/8 , 1/2 ,Wood
WM2798,1/2 BLONDE PADDOCK,1.46,2.70,3.38, 3/8 , 1/2 ,Wood
WM2996,3/4 MATTE BLACK DEPTH 7/8,2.86,5.15,6.44, 7/8 , 3/4 ,Wood
WM2997,7/8 SATIN BLACK 9/16 DEPTH,1.98,3.56,4.47, 5/8 , 7/8 ,Wood
WM2998,1 5/8 SATIN BLACK 9/16 DEPTH,3.41,6.10,7.63, 1/2 ,1  5/8 ,Wood
WM3003,5/8 WALNUT HIGH GLOSS VENEER,2.42,4.48,5.60, 3/8 , 5/8 ,Wood
WM3004,3/4 WALNUT HIGH GLOSS VENEER,2.68,4.75,5.94, 3/8 , 3/4 ,Wood
WM3005,1 1/4 WALNUT HIGH GLOSS VENEER,3.68,6.81,8.51, 3/8 ,1  1/4 ,Wood
WM3006,1 1/2 WALNUT HIGH GLOSS VENEER,4.50,7.81,9.76, 3/8 ,1  1/2 ,Wood
WM3029,2 3/4 SATIN BLACK,2.90,5.22,6.52,50/73,2  3/4 ,Wood
WM3031,3/4 GALLERY BLACK 1 1/2 DEPTH,4.38,8.02,10.21,1  1/2 , 3/4 ,Wood
WM3032,2 SILVER LEAF PARLIAMENT,3.75,6.75,8.43, 3/4 ,2,Wood
WM3033,2 GOLD LEAF PARLIAMENT,3.75,6.75,8.43, 3/4 ,2,Wood
WM3043,1 3/4 WALNUT OLIVE STRIA,5.75,10.64,13.30, 1/2 ,1  3/4 ,Wood
WM3045,3/4 GALLERY MAHOGANY DEP 1 1/2,4.94,8.90,11.13,1  1/2 , 3/4 ,Wood
WM3063,1 EMPIRE SATIN BLACK,2.85,5.07,6.34, 1/2 ,1,Wood
WM3111,5/8 SILVER 1/2 RABBET,2.50,4.93,6.16, 1/2 , 5/8 ,Wood
WM3112,5/8 GOLD 1/2 RABBET,2.74,4.93,6.16, 1/2 , 5/8 ,Wood
WM3113,1 SILVER 1/2 RABBET,3.62,6.51,8.14, 1/2 ,1,Wood
WM3114,1 GOLD 1/2 RABBET,3.62,6.51,8.14, 1/2 ,1,Wood
WM3147,3/4 NATURAL CABOT,2.61,4.77,6.09, 1/2 , 3/4 ,Wood
WM3148,3/4 CHERRY CABOT,2.61,4.69,5.98, 1/2 , 3/4 ,Wood
WM3149,3/4 DARK WALNUT CABOT,2.61,4.69,5.98, 1/2 , 3/4 ,Wood
WM3150,1 3/8 NATURAL CABOT,4.49,8.08,10.10, 1/2 ,1  3/8 ,Wood
WM3151,1 3/8 CHERRY CABOT,4.49,8.08,10.10, 1/2 ,1  3/8 ,Wood
WM3152,1 3/8 DARK WALNUT CABOT,4.49,8.08,10.10, 1/2 ,1  3/8 ,Wood
WM3165,3/4 WHITE(SUB 2400-40),2.00,3.55,4.44, 5/8 , 3/4 ,Wood
WM3166,1 1/4 SILVER,4.49,8.03,10.25, 3/4 ,1  1/4 ,Wood
WM3167,1 1/4 GOLD,4.49,8.03,10.25, 3/4 ,1  1/4 ,Wood
WM3168,1 1/4 BROWN,4.49,8.03,10.25, 3/4 ,1  1/4 ,Wood
WM3169,1 1/4 BLACK,4.49,8.03,10.25, 3/4 ,1  1/4 ,Wood
WM3237,3/4 FLAT BLACK MATTE,2.04,3.66,4.58,68/99, 3/4 ,Wood
WM3268,13/16 SILVER W/RED ACCENT,0.90,1.58,1.97,1  6/97, 3/4 ,Wood
WM3271,3/4 OG BLACK SUB 104B,1.26,2.27,2.83, 7/16, 3/4 ,Wood
WM3272,1 OG BLACK,1.85,3.32,4.16,11/16,1,Wood
WM3273,1 7/8 SWIRL SILVER,4.05,7.09,8.86,33/80,1  7/8 ,Wood
WM3274,1 7/8 SWIRL GOLD,4.05,7.09,8.86,33/80,1  7/8 ,Wood
WM3276,3/4 SATIN WHITE,3.14,5.81,7.40,1,0,Wood
WM3277,1 1/8 SATIN WHITE SCOOP,3.20,5.70,7.12, 1/2 ,1  1/8 ,Wood
WM3287,3 AGED PINE COFFEE,5.35,10.44,13.57, 1/2 ,3,Wood
WM3312,7/8 SATIN BLACK,3.14,5.81,7.40,1, 7/8 ,Wood
WM3313,1 1/8 SATIN BLACK SCOOP,3.20,5.70,7.12, 1/2 ,1  1/8 ,Wood
WM3314,1 LIGHT BROWN QUINCY,6.36,11.77,14.72,1  1/2 ,1,Wood
WM3315,1 DARK BROWN QUINCY,6.36,11.77,14.72,1  1/2 ,1,Wood
WM3316,1 3/4 LIGHT BROWN QUINCY,6.07,10.78,13.48, 1/2 ,1  3/4 ,Wood
WM3317,1 3/4 DARK BROWN QUINCY,6.07,10.78,13.48, 1/2 ,1  3/4 ,Wood
WM3421,7/8 ANT W/BLK FLOWER SIL LIP,1.84,3.31,4.14, 1/2 , 7/8 ,Wood
WM3422,STRAINER 2 5/16 X 7/8,4.72,7.08,8.86,,2  1/2 ,Extender
WM3425,1 1/4 FLAT SILVER,3.50,6.45,8.21, 1/2 ,1  1/4 ,Wood
WM3426,1 1/4 FLAT GOLD,3.50,6.45,8.21, 1/2 ,1  1/4 ,Wood
WM3427,1 1/4 ORNATE GOLD,1.43,2.50,3.13, 3/8 ,1  1/4 ,Wood
WM3431,2 1/8 CHARCOAL CAP 3/4 DEEP,3.26,5.71,7.14, 3/4 ,2  1/8 ,Wood
WM3432,1 BROWN GELATO,3.79,7.02,8.77, 3/8 ,1,Wood
WM3433,1 GRAY GELATO,3.79,7.02,8.77, 3/8 ,1,Wood
WM3435,1 RED GELATO,3.79,7.02,8.77, 3/8 ,1,Wood
WM3436,1 BLUE GELATO,3.79,7.02,8.77, 3/8 ,1,Wood
WM3437,1 PURPLE GELATO,3.79,7.02,8.77, 3/8 ,1,Wood
WM3438,1 GREEN GELATO,3.79,7.02,8.77, 3/8 ,1,Wood
WM3439,1 TURQUOIS BLUE GELATO,3.79,7.02,8.77, 3/8 ,1,Wood
WM3440,1 3/8 WHITE SHADES,4.09,7.33,9.16, 5/8 ,1  3/8 ,Wood
WM3443,1 3/8 BLACK SHADES,4.09,7.33,9.16, 5/8 ,1  3/8 ,Wood
WM3444,2 1/8 WHITE SHADES,5.05,9.34,11.68, 1/2 ,2  1/8 ,Wood
WM3445,2 1/8 BEIGE SHADES,5.05,9.34,11.68, 1/2 ,2  1/8 ,Wood
WM3446,2 1/8 GRAY SHADES,5.05,9.34,11.68, 1/2 ,2  1/8 ,Wood
WM3447,2 1/8 BLACK SHADES,5.05,9.34,11.68, 1/2 ,2  1/8 ,Wood
WM3448,1 1/4 WALNUT BROWN ADIRONDACK,3.89,7.19,8.98, 1/2 ,1  1/4 ,Wood
WM3449,1 1/4 GRAY ADIRONDACK,3.89,7.19,8.98, 1/2 ,1  1/4 ,Wood
WM3450,1 3/4 WALNUT BROWN ADIRONDACK,4.35,8.04,10.05, 1/2 ,1  3/4 ,Wood
WM3451,1 3/4 GRAY ADIRONDACK,4.35,8.04,10.05, 1/2 ,1  3/4 ,Wood
WM3526,1/2 ANTIQUE SILVER SLOPE,1.80,3.22,4.02, 1/2 , 1/2 ,Wood
WM3527,1/2 ANTIQUE GOLD SLOPE,1.80,3.22,4.02, 1/2 , 1/2 ,Wood
WM3530,1/2 SILVER ANTIQUED,1.85,3.29,4.12, 1/2 , 1/2 ,Wood
WM3531,1/2 GOLD ANTIQUED,1.85,3.29,4.12, 1/2 , 1/2 ,Wood
WM3532,3/4 SILVER ANTIQUED,2.34,4.29,5.48, 1/2 , 3/4 ,Wood
WM3533,3/4 GOLD ANTIQUED,2.34,4.29,5.48, 1/2 , 3/4 ,Wood
WM3534,1 1/4 SILVER,2.75,5.09,6.49, 1/2 ,1  1/4 ,Wood
WM3535,1 1/4 GOLD,2.75,5.09,6.49, 1/2 ,1  1/4 ,Wood
WM3545,1 3/8 BROWN,3.85,7.12,9.08, 1/2 ,1  3/8 ,Wood
WM3549,1 3/8 DARK BLUE,3.85,7.12,9.08, 1/2 ,1  3/8 ,Wood
WM3550,1 3/8 LIGHT BLUE,3.85,7.12,9.08, 1/2 ,1  3/8 ,Wood
WM3551,1 3/8 GREEN,3.85,7.12,9.08, 1/2 ,1  3/8 ,Wood
WM3552,1 3/8 WHITE,3.85,7.12,9.08, 1/2 ,1  3/8 ,Wood
WM3553,1 5/8 WHITE WEATHERED,4.90,9.07,11.34, 1/2 ,1  5/8 ,Wood
WM3555,1 5/8 GRAY WEATHERED,4.90,9.07,11.34, 1/2 ,1  5/8 ,Wood
WM3556,2 5/8 WHITE WEATHERED,7.62,13.19,16.49, 1/2 ,2  5/8 ,Wood
WM3558,2 5/8 GRAY WEATHERED,7.62,13.19,16.49, 1/2 ,2  5/8 ,Wood
WM3565,1 1/2 CHARCOAL BLACK COUNTRY,1.94,3.74,4.86, 1/2 ,1  1/2 ,Wood
WM3566,1 1/2 MARSHMALLOW WHITE,1.94,3.74,4.86, 1/2 ,1  1/2 ,Wood
WM3567,1 1/2 WHISKEY BROWN COUNTRY,1.94,3.74,4.86, 1/2 ,1  1/2 ,Wood
WM3568,1 1/2 ALABAMA RED COUNTRY,1.94,3.74,4.86, 1/2 ,1  1/2 ,Wood
WM3569,1 1/2 WEATHERED BLUE COUNTRY,1.94,3.74,4.86, 1/2 ,1  1/2 ,Wood
WM3570,1 1/2 DIXIE GREY COUNTRY,1.94,3.74,4.86, 1/2 ,1  1/2 ,Wood
WM3577,1 WHITE SILVER GRUNGE,5.55,9.63,12.03, 1/2 ,1  1/8 ,Wood
WM3578,1 GRAY SILVER GRUNGE,5.55,10.08,12.78, 1/2 ,1  1/8 ,Wood
WM3579,1 COPPER GRUNGE,5.55,10.08,12.74, 1/2 ,1  1/8 ,Wood
WM3580,1 BLACK SILVER GRUNGE,5.55,10.08,12.74, 1/2 ,1  1/8 ,Wood
WM3581,1 3/4 WHITE SILVER GRUNGE,8.14,15.06,18.82, 1/2 ,1  3/4 ,Wood
WM3582,1 3/4 GRAY SILVER GRUNGE,8.14,15.06,18.82, 1/2 ,1  3/4 ,Wood
WM3583,1 3/4 COPPER GRUNGE,8.14,15.06,18.82, 1/2 ,1  3/4 ,Wood
WM3584,1 3/4 BLACK SILVER GRUNGE,8.14,15.06,18.82, 1/2 ,1  3/4 ,Wood
WM3591,3/4 WALNUT VENEER,4.14,7.42,9.28, 5/8 , 3/4 ,Wood
WM3592,1 WALNUT VENEER TALL,5.86,10.60,13.25,1  1/2 ,1,Wood
WM3593,2 1/8 WALNUT VENEER,7.88,13.68,17.10, 1/2 ,2  1/8 ,Wood
WM3639,3/4 WHITE SAND,3.38,6.16,7.71, 3/4 ,1  1/4 ,Wood
WM3640,3/4 GRAY SAND,3.38,6.16,7.71, 3/4 ,1  1/4 ,Wood
WM3641,3/4 BROWN SAND,3.38,6.16,7.71, 3/4 ,1  1/4 ,Wood
WM3642,3/4 BLUE SAND,3.38,6.16,7.71, 3/4 ,1  1/4 ,Wood
WM3643,3/4 BLACK SAND,3.38,6.16,7.71, 3/4 ,1  1/4 ,Wood
WM3662,2 DARK WALNUT W/GOLD LIP,6.94,11.80,14.75, 1/2 ,2,Wood
WM3663,2 BLACK W/SILVER LIP,6.94,11.80,14.75, 1/2 ,2,Wood
WM3667,1 DARK WALNUT W/GOLD LIP,4.54,7.75,9.59, 1/2 ,1,Wood
WM3668,1 BLACK W/SILVER LIP,4.74,7.75,9.59, 1/2 ,1,Wood
WM3672,3/4 GOLD,3.98,6.97,8.71, 7/16, 3/4 ,Wood
WM3673,3/4 SILVER,3.98,6.97,8.71, 7/16, 3/4 ,Wood
WM3674,3/4 SILVER BLACK,3.98,6.97,8.71, 7/16, 3/4 ,Wood
WM3675,3/4 SILVER ORANGE,3.98,6.97,8.71, 7/16, 3/4 ,Wood
WM3676,3/4 SILVER NAVY,3.98,6.97,8.71, 7/16, 3/4 ,Wood
WM3677,3/4 SILVER GREEN,3.98,6.97,8.71, 7/16, 3/4 ,Wood
WM3678,1 GOLD IVORY,4.36,7.62,9.53, 7/16,1,Wood
WM3679,1 SILVER IVORY,4.36,7.62,9.53, 7/16,1,Wood
WM3680,1 SILVER BLACK,4.36,7.62,9.53, 7/16,1,Wood
WM3681,1 SILVER ORANGE,4.36,7.62,9.53, 7/16,1,Wood
WM3682,1 SILVER NAVY,4.36,7.62,9.53, 7/16,1,Wood
WM3683,1 SILVER GREEN,4.36,7.62,9.53, 7/16,1,Wood
WM3684,9/16 ORANGE SLOPE,1.90,3.32,4.15, 1/2 , 9/16,Wood
WM3685,9/16 YELLOW SLOPE,1.90,3.32,4.15, 1/2 , 9/16,Wood
WM3686,9/16 RED SLOPE,1.90,3.32,4.15, 1/2 , 9/16,Wood
WM3687,9/16 GREEN SLOPE,1.90,3.32,4.15, 1/2 , 9/16,Wood
WM3688,9/16 BLACK SLOPE,1.90,3.32,4.15, 1/2 , 9/16,Wood
WM3689,9/16 NAVY SLOPE,1.90,3.32,4.15, 1/2 , 9/16,Wood
WM3690,9/16 WHITE SLOPE,1.90,3.32,4.15, 1/2 , 9/16,Wood
WM3695,5/8 FLAT LIGHT CHERRY,1.06,1.84,2.29, 3/8 , 5/8 ,Wood
WM3696,5/8 FLAT WALNUT,1.06,1.84,2.29, 3/8 , 5/8 ,Wood
WM3697,5/8 FLAT CHARCOAL BLACK,1.06,1.84,2.29, 3/8 , 5/8 ,Wood
WM3698,5/8 FLAT LIGHT MAHOGANY,0.88,1.53,1.91, 3/8 , 5/8 ,Wood
WM3699,13/16 FLAT LIGHT CHERRY,1.18,2.06,2.57, 3/8 ,13/16,Wood
WM3700,13/16 FLAT WALNUT,1.18,2.06,2.57, 3/8 ,13/16,Wood
WM3701,13/16 FLAT CHARCOAL BLACK,1.18,2.06,2.57, 3/8 ,13/16,Wood
WM3702,13/16 FLAT LIGHT MAHOGANY,1.18,2.06,2.57, 3/8 ,13/16,Wood
WM3706,1 GOLD BAMBOO,3.19,5.91,7.39, 3/4 ,1,Wood
WM3707,1 WALNUT BAMBOO,3.19,5.91,7.39, 3/4 ,1,Wood
WM3709,5/8 LIGHT BROWN DUNE,2.68,4.96,6.20, 5/8 , 5/8 ,Wood
WM3710,5/8 BLUE GRAY DUNE,2.68,4.96,6.20, 5/8 , 5/8 ,Wood
WM3711,5/8 BLACK DUNE,2.68,4.96,6.20, 5/8 , 5/8 ,Wood
WM3713,1/2 SILVER FILLET(LENGTH ONLY),1.39,,,, 1/2 ,Fillet
WM3715,1 1/8 BLACK DUNE,3.24,5.99,7.49, 1/2 ,1  1/8 ,Wood
WM3716,1 3/4 BLACK DUNE,4.24,7.52,9.40, 1/2 ,1  3/4 ,Wood
WM3717,2 1/2 BLACK DUNE,6.36,11.17,13.96, 1/2 ,2  1/2 ,Wood
WM3720,1 REVERSE CHARCOAL BLACK W/,1.09,1.90,2.37, 3/8 ,1,Wood
WM3727,1 REVERSE CHARCOAL W/SILVER,1.33,2.33,2.91, 1/4 ,1,Wood
WM3729,1 3/4 MARBLED GOLD W/FANCY LIP,7.58,13.06,16.31, 1/2 ,1  3/4 ,Wood
WM3730,1 3/4 MARBLED SILV W/FANCY LIP,7.58,13.06,16.31, 1/2 ,1  3/4 ,Wood
WM3731,5/8 RIPPLED SOLID GOLD,4.85,8.13,10.15, 1/2 , 5/8 ,Wood
WM3732,5/8 RIPPLED SOLID SILVER,4.85,8.13,10.15, 1/2 , 5/8 ,Wood
WM3733,5/8 RIPPLED DARK GOLD W/BROWN,4.85,8.13,10.15, 1/2 , 5/8 ,Wood
WM3734,5/8 RIPPLED DARK SILV W/DARK,4.85,8.13,10.15, 1/2 , 5/8 ,Wood
WM3735,5/8 RIPPLED SOLID SILV W/WHIT,4.85,8.13,10.15, 1/2 , 5/8 ,Wood
WM3736,5/8 WEATHERED BLUE WASH,2.21,3.86,4.84, 1/2 , 5/8 ,Wood
WM3737,5/8 WEATHERED GREY WASH,2.21,3.86,4.84, 1/2 , 5/8 ,Wood
WM3738,5/8 WEATHERED ORANGE WASH,2.21,3.86,4.84, 1/2 , 5/8 ,Wood
WM3739,5/8 WEATHERED PINK WASH,2.21,3.86,4.84, 1/2 , 5/8 ,Wood
WM3740,5/8 WEATHERED GREEN WASH,2.21,3.86,4.84, 1/2 , 5/8 ,Wood
WM3741,5/8 WEATHERED GREY/BLUE WASH,2.21,3.86,4.84, 1/2 , 5/8 ,Wood
WM3742,5/8 WEATHERED WHITE WASH,2.21,3.86,4.84, 1/2 , 5/8 ,Wood
WM3763,1 1/8 LIGHT WALNUT SILVER LIP,2.75,5.09,6.49, 1/2 ,1  1/8 ,Wood
WM3764,1 1/8 DARK WALNUT SILVER LIP,2.75,5.09,6.49, 1/2 ,1  1/8 ,Wood
WM3765,1 5/8 LIGHT WALNUT SILVER LIP,4.02,7.36,9.38, 1/2 ,1  5/8 ,Wood
WM3766,1 5/8 DARK WALNUT SILVER LIP,4.02,7.36,9.38, 1/2 ,1  5/8 ,Wood
WM3767,3/4 WHITE LARCH VENEER,3.39,5.98,7.48, 3/4 , 1/2 ,Wood
WM3768,3/4 GREY LARCH VENEER,3.39,5.98,7.48, 3/4 , 1/2 ,Wood
WM3769,3/4 BLACK LARCH VENEER,3.39,5.98,7.48, 3/4 , 1/2 ,Wood
WM3770,1 5/8 WHITE LARCH VENEER,5.90,10.31,12.88, 3/4 , 1/2 ,Wood
WM3771,1 5/8 GREY LARCH VENEER,5.90,10.31,12.88,1  5/8 , 1/2 ,Wood
WM3772,1 5/8 BLACK LARCH VENEER,5.90,10.31,12.88,1  5/8 , 1/2 ,Wood
WM3773,7/8 WHITE LARCH VENEER,5.00,9.24,11.55, 7/8 ,1,Wood
WM3774,7/8 GREY LARCH VENEER,5.00,9.24,11.55, 7/8 ,1,Wood
WM3775,7/8 BLACK LARCH VENEER,5.00,9.24,11.55, 7/8 ,1,Wood
WM3776,7/8 SILVER,3.24,5.73,7.17, 7/8 , 1/2 ,Wood
WM3777,7/8 GOLD,3.24,5.73,7.17, 7/8 , 1/2 ,Wood
WM3778,7/8 CHARCOAL,3.24,5.73,7.17, 7/8 , 1/2 ,Wood
WM3779,1 3/4 SILVER,5.20,9.62,12.02,1  3/4 , 1/2 ,Wood
WM3780,1 3/4 GOLD,5.20,9.62,12.02,1  3/4 , 1/2 ,Wood
WM3781,1 3/4 CHARCOAL,5.20,9.62,12.02,1  3/4 , 1/2 ,Wood
WM3782,1 1/4 ORNATE SILVER,6.06,10.48,13.10, 9/16,1  1/4 ,Wood
WM3783,1 1/4 ORNATE GOLD,6.06,10.48,13.10, 9/16,1  1/4 ,Wood
WM3784,1 1/4 ORNATE WHITE,4.97,8.54,10.67, 9/16,1  1/4 ,Wood
WM3785,1 1/2 WASHED OFF WHITE W/SILV,3.30,5.78,7.23, 1/2 ,1  1/2 ,Wood
WM3786,1 1/2 WASHED BLACK W/SILVER,3.30,5.78,7.23, 1/2 ,1  1/2 ,Wood
WM3787,1 1/2 WASHED GREY W/SILVER,3.30,5.78,7.23, 1/2 ,1  1/2 ,Wood
WM3788,2 5/8 WHITE NATURAL WOOD,4.50,7.88,9.85, 1/2 ,2  5/8 ,Wood
WM3790,2 5/8 BROWN BEECHWOOD,4.50,7.88,9.85, 1/2 ,2  5/8 ,Wood
WM3791,1 5/8 WHITE NATURAL WOOD,2.94,5.15,6.44, 1/2 ,1  5/8 ,Wood
WM3794,2 1/2 SILVER SLOPE,5.40,9.45,11.81, 1/2 ,2  1/2 ,Wood
WM3795,2 1/2 BRONZE SLOPE,5.40,9.45,11.81, 1/2 ,2  1/2 ,Wood
WM3797,2 1/2 CHAMPAGNE SLOPE,5.40,9.45,11.81, 1/2 ,2  1/2 ,Wood
WM3802,1 7/8 REV OFF WHITE  W/SILV,3.66,6.41,8.01, 1/2 ,1  7/8 ,Wood
WM3803,1 7/8 REVERSE WALNUT W/SILVER,3.66,6.41,8.01, 1/2 ,1  7/8 ,Wood
WM3805,1 1/8 REVERSE MAHOGANY WBEAD,2.34,4.10,5.13, 1/2 ,1  1/8 ,Wood
WM3806,3/4 CONCAVE ANTIQUE WHITE,1.92,3.36,4.20, 5/8 , 3/4 ,Wood
WM3808,3/4 CONCAVE PEWTER,1.92,3.36,4.20, 5/8 , 3/4 ,Wood
WM3809,3/4 HIGH GLOSS LIGHT GREEN,1.68,2.94,3.68, 5/8 , 3/4 ,Wood
WM3810,3/4 HIGH GLOSS RED,1.68,2.94,3.68, 5/8 , 3/4 ,Wood
WM3811,3/4 HIGH GLOSS DARK GREY,1.68,2.94,3.68, 5/8 , 3/4 ,Wood
WM3812,3/4 HIGH GLOSS ORANGE,1.68,2.94,3.68, 5/8 , 3/4 ,Wood
WM3813,3/4 HIGH GLOSS BLUE,1.68,2.94,3.68, 5/8 , 3/4 ,Wood
WM3814,3/4 HIGH GLOSS MAUVE,1.68,2.94,3.68, 5/8 , 3/4 ,Wood
WM3815,3/4 HIGH GLOSS LIGHT GREY,1.68,2.94,3.68, 5/8 , 3/4 ,Wood
WM3816,3/4 HIGH GLOSS GREEN,1.68,2.94,3.68, 5/8 , 3/4 ,Wood
WM3817,1/2 HIGH GLOSS LIGHT GREEN,1.32,2.31,2.89, 3/8 , 1/2 ,Wood
WM3818,1/2 HIGH GLOSS RED,1.32,2.31,2.89, 3/8 , 1/2 ,Wood
WM3819,1/2 HIGH GLOSS DARK GREY,1.32,2.31,2.89, 3/8 , 1/2 ,Wood
WM3820,1/2 HIGH GLOSS ORANGE,1.32,2.31,2.89, 3/8 , 1/2 ,Wood
WM3821,1/2 HIGH GLOSS BLUE,1.32,2.31,2.89, 3/8 , 1/2 ,Wood
WM3822,1/2 HIGH GLOSS MAUVE,1.32,2.31,2.89, 3/8 , 1/2 ,Wood
WM3823,1/2 HIGH GLOSS LIGHT GREY,1.32,2.31,2.89, 3/8 , 1/2 ,Wood
WM3824,1/2 HIGH GLOSS GREEN,1.32,2.31,2.89, 3/8 , 1/2 ,Wood
WM3825,7/16 SMOOTH SILVER,1.80,3.15,3.94, 7/8 ,38/87,Wood
WM3827,1 7/8 SILVER LEAF PARLIAMENT,2.85,4.99,6.24, 3/4 ,1  7/8 ,Wood
WM3829,2 1/2 GOLD W/FLAT PANEL,4.74,8.30,10.38, 3/4 ,2  3/8 ,Wood
WM3831,1 3/8 MOTTLED BRUSHED GOLD,5.50,9.47,11.84, 7/16,1  3/8 ,Wood
WM3840,5/8 SLOPE CHARCOAL W/SILVER,2.86,5.01,6.27, 1/2 , 5/8 ,Wood
WM3841,5/8 SLOPE GREY W/SILVER,2.86,5.01,6.27, 1/2 , 5/8 ,Wood
WM3842,5/8 SLOPE BLUE W/SILVER,2.86,5.01,6.27, 1/2 , 5/8 ,Wood
WM3844,5/8 SLOPE BRONZE W/GOLD,2.86,5.01,6.27, 1/2 , 5/8 ,Wood
WM3845,5/8 NAVY BLUE,2.22,3.89,4.86, 5/16, 5/8 ,Wood
WM3846,5/8 GREEN,2.22,3.89,4.86, 5/16, 5/8 ,Wood
WM3847,5/8 SLATE BLUE,2.22,3.89,4.86, 5/16, 5/8 ,Wood
WM3848,5/8 YELLOW,2.22,3.89,4.86, 5/16, 5/8 ,Wood
WM3849,5/8 RED,2.22,3.89,4.86, 5/16, 5/8 ,Wood
WM3850,5/8 WHITE,2.22,3.89,4.86, 5/16, 5/8 ,Wood
WM3851,5/8 ORANGE,2.22,3.89,4.86, 5/16, 5/8 ,Wood
WM3852,9/16 ANTIQUE GOLD,2.59,4.54,5.68, 5/16, 9/16,Wood
WM3853,9/16 GOLD W/GREEN,2.59,4.54,5.68, 5/16, 9/16,Wood
WM3854,9/16 GOLD W/CHARCOAL,2.59,4.54,5.68, 5/16, 9/16,Wood
WM3855,9/16 GOLD W/IVORY,2.59,4.54,5.68, 5/16, 9/16,Wood
WM3856,9/16 ANTIQUE SILVER,2.59,4.54,5.68, 5/16, 9/16,Wood
WM3857,9/16 SILVER W/BLUE,2.59,4.54,5.68, 5/16, 9/16,Wood
WM3858,9/16 SILVER W/GREEN,2.59,4.54,5.68, 5/16, 9/16,Wood
WM3859,9/16 SILVER W/CHARCOAL,2.59,4.54,5.68, 5/16, 9/16,Wood
WM3860,7/8 BEAD WHITE PERLITA,3.24,5.73,7.17, 1/2 , 7/8 ,Wood
WM3861,7/8 BEAD SILVER PERLITA,3.24,5.73,7.17, 1/2 , 7/8 ,Wood
WM3862,7/8 BEAD GOLD PERLITA,3.24,5.73,7.17, 1/2 , 7/8 ,Wood
WM3863,7/8 BEAD BLACK PERLITA,3.24,5.73,7.17, 1/2 , 7/8 ,Wood
WM3864,7/8 SILVER ALUMINA LIVINGSTON,3.48,6.18,7.72, 1/2 , 7/8 ,Wood
WM3865,7/8 SILVER CHAMPAGNE,3.48,6.18,7.72, 1/2 , 7/8 ,Wood
WM3866,7/8 BLACK PIANO LIVINGSTON,3.48,6.18,7.72, 1/2 , 7/8 ,Wood
WM3867,1 3/4 SILVER ALUMINA,6.07,10.59,13.24, 1/2 ,1  3/4 ,Wood
WM3868,1 3/4 SILVER CHAMPAGNE,6.07,10.59,13.24, 1/2 ,1  3/4 ,Wood
WM3869,1 3/4 BLACK PIANO,6.07,10.59,13.24, 1/2 ,1  3/4 ,Wood
WM3870,2 3/4 SILVER ALUMINA,9.49,16.47,20.59, 1/2 ,2  3/4 ,Wood
WM3871,2 3/4 SILVER CHAMPAGNE,9.49,16.47,20.59, 1/2 ,2  3/4 ,Wood
WM3872,2 3/4 BLACK PIANO,9.49,16.47,20.59, 1/2 ,2  3/4 ,Wood
WM3873,1 1/8 WHITE GRAY SILVER LIP,2.77,5.08,6.50, 1/2 ,1  1/8 ,Wood
WM3874,1 1/8 BROWN GRAY SILVER LIP,2.70,5.08,6.50, 1/2 ,1  1/8 ,Wood
WM3875,1 1/8 BLUE GRAY SILVER LIP,2.70,5.08,6.50, 1/2 ,1  1/8 ,Wood
WM3876,2 1/8 WHITE GRAY SILVER LIP,3.96,7.32,9.34, 1/2 ,2  1/8 ,Wood
WM3877,2 1/8 BROWN GRAY SILVER LIP,3.96,7.32,9.34, 1/2 ,2  1/8 ,Wood
WM3878,2 1/8 BLUE GRAY SILVER LIP,3.96,7.32,9.34, 1/2 ,2  1/8 ,Wood
WM3880,7/8 SILVER ELITE,3.86,6.76,8.45, 3/4 , 7/8 ,Wood
WM3881,7/8 BROWN AND SILVER ELITE,3.86,6.76,8.45, 3/4 , 7/8 ,Wood
WM3882,7/8 RED AND SILVER ELITE,3.86,6.76,8.45, 3/4 , 7/8 ,Wood
WM3883,7/8 GREEN AND SILVER ELITE,3.86,6.76,8.45, 3/4 , 7/8 ,Wood
WM3884,7/8 BLACK AND SILVER ELITE,3.86,6.76,8.45, 3/4 , 7/8 ,Wood
WM3885,7/8 BLUE AND SILVER ELITE,3.86,6.76,8.45, 3/4 , 7/8 ,Wood
WM3886,1 5/8 WHITE BUNGALOW HAS KNOTS,6.11,11.29,14.12, 1/2 ,1  5/8 ,Wood
WM3887,1 5/8 GRAY BUNGALOW HAS KNOTS,6.11,11.29,14.12, 1/2 ,1  5/8 ,Wood
WM3888,1 5/8 WALNUT BUNGALOW HAS KNOT,6.11,11.29,14.12, 1/2 ,1  5/8 ,Wood
WM3889,1 5/8 CHARCOAL BUNGALOW KNOTS,6.11,11.29,14.12, 1/2 ,1  5/8 ,Wood
WM3890,2 3/8 WHITE BUNGALOW HAS KNOTS,9.25,15.98,19.97, 1/2 ,2  3/8 ,Wood
WM3891,2 3/8  GRAY BUNGALOW HAS KNOTS,9.25,15.98,19.97, 1/2 ,2  3/8 ,Wood
WM3892,2 3/8 WALNUT BUNGALOW  KNOTS,9.25,15.98,19.97, 1/2 ,2  3/8 ,Wood
WM3893,2 3/8 CHARCOAL BUNGALOW KNOTS,9.25,15.98,19.97, 1/2 ,2  3/8 ,Wood
WM3894,1 1/2 GRAY OAK VENEER DORY,7.12,12.32,15.40, 1/2 ,1  1/2 ,Wood
WM3895,1 1/2 BLACK OAK VENEER DORY,7.12,12.32,15.40, 1/2 ,1  1/2 ,Wood
WM3897,2 1/2 BLACK OAK VENEER DORY,12.38,21.48,26.85, 1/2 ,2  1/2 ,Wood
WM3898,1 CHERRY STAIN FLAT MLDG,3.19,5.64,7.05, 1/2 ,1,Wood
WM3899,1 MAHOGANY STAIN FLAT MLDG,3.19,5.64,7.05, 1/2 ,1,Wood
WM3900,1 3/4 GOLD,6.70,11.72,14.65, 5/8 ,1  3/4 ,Wood
WM3902,1 3/4 COPPER,6.70,11.62,14.65, 5/8 ,1  3/4 ,Wood
WM3903,1 3/4 PEWTER,6.70,11.72,14.65, 5/8 ,1  3/4 ,Wood
WM3904,1 3/4 BLACK,6.70,11.72,14.65, 5/8 ,1  3/4 ,Wood
WM3905,1 3/4 WHITE,6.70,11.72,14.65, 5/8 ,1  3/4 ,Wood
WM3906,7/8 SILVER LEAF,2.95,5.25,6.57, 5/8 , 7/8 ,Wood
WM3907,7/8 GOLD LEAF,2.95,5.25,6.57, 5/8 , 7/8 ,Wood
WM3908,1 3/8 SILVER LEAF,5.51,9.81,12.26,1  1/4 ,1  3/8 ,Wood
WM3909,1 3/8 GOLD LEAF,5.51,9.81,12.26,1  1/4 ,1  3/8 ,Wood
WM3912,3/4 TALL COPPER,5.46,9.44,11.80,1  1/8 , 3/4 ,Wood
WM3913,3/4 TALL BLACK SILVER,5.46,9.44,11.80,1  1/8 , 3/4 ,Wood
WM3922,1 1/8 CHAMPAGE CAMBRIDGE,3.52,6.15,7.69, 1/2 ,1  1/8 ,Wood
WM3923,1 1/8 OXIDIZED CHAMPAGNE,3.52,6.15,7.69, 1/2 ,1  1/8 ,Wood
WM3924,1 1/8 CHAMPAGNE BLACK,3.52,6.15,7.69, 1/2 ,1  1/8 ,Wood
WM3925,1 1/8 CHAMPAGNE WHITE,3.52,6.15,7.69, 1/2 ,1  1/8 ,Wood
WM3926,3/4 ALUMINUM ELEMENT,4.51,7.54,9.42,1  1/16, 3/4 ,Wood
WM3928,3/4 BRASS ELEMENT,4.51,7.54,9.42,1  1/16, 3/4 ,Wood
WM3929,5/8  ALUMINUM ELEMENT,3.43,5.99,7.49, 1/2 , 5/8 ,Wood
WM3931,5/8 BRASS ELEMENT,3.43,5.99,7.49, 1/2 , 5/8 ,Wood
WM3932,7/8 SILVER VINE,4.03,7.15,8.94, 3/8 , 7/8 ,Wood
WM3933,7/8 GOLD VINE,4.03,7.15,8.94, 3/8 , 7/8 ,Wood
WM3934,7/8 WHITE VINE,4.03,7.15,8.94, 3/8 , 7/8 ,Wood
WM3935,7/8 BLACK VINE,4.03,7.15,8.94, 3/8 , 7/8 ,Wood
WM3936,1 1/2 SILVER VINE,6.77,11.86,14.82, 3/8 ,1  1/2 ,Wood
WM3937,1 1/2 GOLD VINE,6.77,11.86,14.82, 3/8 ,1  1/2 ,Wood
WM3938,1 1/2 WHITE VINE,6.77,11.86,14.82, 3/8 ,1  1/2 ,Wood
WM3939,1 1/2 BLACK VINE,6.77,11.86,14.82, 3/8 ,1  1/2 ,Wood
WM3942,1 3/8 WALNUT,6.97,12.04,15.05, 1/2 ,1  3/8 ,Wood
WM3944,2 1/2 GREY,10.30,17.82,22.27, 1/2 ,2  1/2 ,Wood
WM3945,2 1/2 WALNUT,10.30,17.82,22.27, 1/2 ,2  1/2 ,Wood
WM3946,1 SATIN WHITE FLAT MLDG,2.48,4.59,5.73, 1/2 ,1,Wood
WM3947,1/4 SATIN WHITE FLOATER,5.20,9.22,11.52, 7/8 , 1/4 ,Wood
WM3948,1/4 SATIN BLACK FLOATER,5.20,9.22,11.52, 7/8 , 1/4 ,Wood
WM3949,3/4 WHITE GALLERY 1 1/2 DEEP,4.02,7.23,9.03,1  1/2 , 3/4 ,Wood
WM3950,3/4 WHITE SILVER BECKHAM,4.55,8.19,10.23,1  1/2 , 3/4 ,Wood
WM3951,3/4 WHITE GOLD BECKHAM,4.55,8.19,10.23,1  1/2 , 3/4 ,Wood
WM3952,3/4 PURPLE BRONZE BECKHAM,4.55,8.19,10.23,1  1/2 , 3/4 ,Wood
WM3953,3/4 CHARCOAL SILVER BECKHAM,4.55,8.19,10.23,1  1/2 , 3/4 ,Wood
WM3954,3/4 BEIGE JAVA,3.33,5.83,7.29, 5/8 , 3/4 ,Wood
WM3955,3/4 GRAY JAVA,3.33,5.83,7.29, 5/8 , 3/4 ,Wood
WM3956,3/4 BROWN JAVA,3.33,5.83,7.29, 5/8 , 3/4 ,Wood
WM3957,3/4 BLACK JAVA,3.33,5.83,7.29, 5/8 , 3/4 ,Wood
WM3958,3/4 SILVER CLEO,3.63,6.53,8.16, 3/4 , 3/4 ,Wood
WM3959,3/4 GOLD CLEO,3.63,6.53,8.16, 3/4 , 3/4 ,Wood
WM3960,1 1/8 SILVER CLEO,3.74,6.73,8.41, 1/2 ,1  1/8 ,Wood
WM3961,1 1/8 GOLD CLEO,3.74,6.73,8.41, 1/2 ,1  1/8 ,Wood
WM3962,5/8 FLAT SILVER,1.69,3.03,3.79, 1/2 , 5/8 ,Wood
WM3963,5/8 FLAT GOLD,1.69,3.12,3.99, 1/2 , 5/8 ,Wood
WM3965,1 IVORY FERRO,3.54,6.89,8.96, 1/2 ,1,Wood
WM3966,1 CHARCOAL FERRO,3.54,6.89,8.96, 1/2 ,1,Wood
WM3967,1 AUBURN FERRO,3.54,6.89,8.96, 1/2 ,1,Wood
WM3969,1 1/2 CHARCOAL FERRO,5.92,11.54,15.00,1,1  1/2 ,Wood
WM3970,3/4 LEAD SILVER MASSIMO,4.58,8.92,11.59,1, 3/4 ,Wood
WM3971,3/4 CHAMPAGNE MASSIMO,4.58,8.89,11.59,1, 3/4 ,Wood
WM3972,3/4 GOLD MASSIMO,4.58,8.92,11.59,1, 3/4 ,Wood
WM3973,3/4 SILVER MASSIMO,4.58,8.92,11.59,1, 3/4 ,Wood
WM3974,3/4 DARK SILVER MASSIMO,4.58,8.92,11.59,1, 3/4 ,Wood
WM3975,3/4 BLACK GOLD MASSIMO,4.58,8.92,11.59,1, 3/4 ,Wood
WM3976,3/4 GOLD MILANO,5.44,10.59,13.76, 5/8 , 3/4 ,Wood
WM3977,3/4 DARK SILVER,5.44,10.59,13.76, 5/8 , 3/4 ,Wood
WM3978,3/4 CHAMPAGNE MILANO,5.44,10.59,13.76, 5/8 , 3/4 ,Wood
WM3979,3/4 BLACK MILANO,5.44,10.59,13.76, 5/8 , 3/4 ,Wood
WM3980,3/4 ROSE GOLD MILANO,5.44,10.59,13.76, 5/8 , 3/4 ,Wood
WM3981,2 1/2 CHARCOAL BLACK,2.45,4.73,6.15, 1/2 ,2  1/2 ,Wood
WM3982,2 1/2 MARSHMALLOW WHITE,2.45,4.73,6.15, 1/2 ,2  1/2 ,Wood
WM3983,2 1/2 WEATHERED BLUE,2.45,4.73,6.15, 1/2 ,2  1/2 ,Wood
WM3984,3/4 CHARCOAL BLACK,1.94,3.74,4.86,1, 3/4 ,Wood
WM3985,3/4 MARSHMALLOW WHITE,1.94,3.74,4.86,1, 3/4 ,Wood
WM3986,3/4 WHISKEY BROWN,1.94,3.74,4.86,1, 3/4 ,Wood
WM3987,3/4 ALABAMA RED,1.94,3.74,4.86,1, 3/4 ,Wood
WM3988,3/4 WEATHERED BLUE,1.94,3.74,4.86,1, 3/4 ,Wood
WM3989,3/4 DIXIE GREY,1.94,3.74,4.86,1, 3/4 ,Wood
WM3990,3/4 MISSISSIPPI MUD,1.94,3.74,4.86,1, 3/4 ,Wood
WM3991,3/4 OAK GRAIN DARK GREY,2.74,5.34,6.94,1, 3/4 ,Wood
WM3992,3/4 OAK GRAIN NATURAL,2.74,5.34,6.94,1, 3/4 ,Wood
WM3993,3/4 OPEN GRAIN WALNUT,2.74,5.34,6.94,1, 3/4 ,Wood
WM3995,3/4 OPEN GRAIN MAHOGANY,2.74,5.34,6.94,1, 3/4 ,Wood
WM3996,3/4 OAK GRAIN BLACK,2.74,5.34,6.94,1, 3/4 ,Wood
WM3997,3/4 OAK GRAIN LIGHT GREY,2.74,5.34,6.94,1, 3/4 ,Wood
WM3998,3/4 OPEN GRAIN BLACK,2.74,5.34,6.94,1, 3/4 ,Wood
WM3999,3/4 OPEN GRAIN WHITE,2.74,5.34,6.94,1, 3/4 ,Wood
WM4001,3/4 MATTE WHITE,2.85,5.56,7.22,1, 3/4 ,Wood
WM4002,1 1/4 OAK GRAIN DARK GREY,2.74,5.34,6.94, 1/2 ,1  1/4 ,Wood
WM4003,1 1/4 OPEN GRAIN WALNUT,2.74,5.34,6.94, 1/2 ,1  1/4 ,Wood
WM4004,1 1/4 OPEN GRAIN MOCHA,2.74,5.34,6.94, 1/2 ,1  1/4 ,Wood
WM4005,1 1/4 OPEN GRAIN MAHOGANY,2.74,5.34,6.94, 1/2 ,1  1/4 ,Wood
WM4006,1 1/4 OAK GRAIN BLACK,2.74,5.34,6.94, 1/2 ,1  1/4 ,Wood
WM4007,1 1/4 OAK GRAIN LIGHT GREY,2.74,5.34,6.94, 1/2 ,1  1/4 ,Wood
WM4008,1 1/4 OPEN  GRAIN MAPLE,2.74,5.34,6.94, 1/2 ,1  1/4 ,Wood
WM4009,1 1/4 OPEN GRAIN BLACK,2.74,5.34,6.94, 1/2 ,1  1/4 ,Wood
WM4010,1 1/4 OPEN GRAIN WHITE,2.74,5.34,6.94, 1/2 ,1  1/4 ,Wood
WM4011,1 1/4 MATTE WHITE,2.85,5.56,7.22, 1/2 ,1  1/4 ,Wood
WM4013,13/16 NATURAL OAK,4.31,7.54,9.80,15/16,13/16,Wood
WM4014,13/16 DARK WALNUT,4.31,7.54,9.80,15/16,13/16,Wood
WM4015,13/16 LIGHT WALNUT,4.31,7.54,9.80,15/16,13/16,Wood
WM4016,13/16 GREY,4.31,7.54,9.80,15/16,13/16,Wood
WM4018,13/16 WHITE,4.31,7.54,9.80,15/16,13/16,Wood
WM4019,1 5/16 CARBON BLACK,3.80,6.50,8.26, 7/16,1  5/16,Wood
WM4020,1 5/16 BIRCH GREY,3.80,6.50,8.26, 7/16,1  5/16,Wood
WM4021,1 5/16 QUARTZ WHITE,3.80,6.50,8.26, 7/16,1  5/16,Wood
WM4022,1 5/16 MIDNIGHT BLUE,3.80,6.50,8.26, 7/16,1  5/16,Wood
WM4023,1 5/16 SKY BLUE,3.80,6.50,8.26, 7/16,1  5/16,Wood
WM4024,1 5/16 MOSSY GREEN,3.80,6.50,8.26, 7/16,1  5/16,Wood
WM4025,1 5/16 OLIVE,3.80,6.50,8.26, 7/16,1  5/16,Wood
WM4026,1 5/16 RASPBERRY RED,3.80,6.50,8.26, 7/16,1  5/16,Wood
WM4027,1 5/16 EARTH BROWN,3.80,6.50,8.26, 7/16,1  5/16,Wood
WM4028,1 5/16 MUSTARD,3.80,6.50,8.26, 7/16,1  5/16,Wood
WM4029,13/16 CARBON BLACK,3.28,5.49,7.14, 9/16,13/16,Wood
WM4030,13/16 BIRCH GREY,3.28,5.49,7.14, 9/16,13/16,Wood
WM4031,13/16 QUARTZ WHITE,3.28,5.49,7.14, 9/16,13/16,Wood
WM4032,13/16 MIDNIGHT BLUE,3.28,5.49,7.14, 9/16,13/16,Wood
WM4033,13/16 MOSSY GREEN,3.28,5.49,7.14, 9/16,13/16,Wood
WM4034,13/16 OLIVE,3.28,5.49,7.14, 9/16,13/16,Wood
WM4035,13/16 RASPBERRY RED,3.28,5.49,7.14, 9/16,13/16,Wood
WM4036,1 1/2 BROWN,4.84,8.47,10.59,11/16,1  1/2 ,Wood
WM4037,1 1/2 GREY,4.84,8.47,10.59,11/16,1  1/2 ,Wood
WM4038,1 1/2 BLACK,4.84,8.47,10.59,11/16,1  1/2 ,Wood
WM4039,1 1/2 WHITE,4.84,8.47,10.59,11/16,1  1/2 ,Wood
WM4040,1 1/2 SILVER,5.64,9.88,12.34,11/16,1  1/2 ,Wood
WM4041,1 1/2 GOLD,5.64,9.88,12.34,11/16,1  1/2 ,Wood
WM4044,3/4 WHITE TACONIC,3.03,5.39,6.73, 3/8 , 3/4 ,Wood
WM4045,3/4 GRAY TACONIC,3.03,5.39,6.73, 3/8 , 3/4 ,Wood
WM4046,3/4 BLUE TACONIC,3.03,5.39,6.73, 3/8 , 3/4 ,Wood
WM4047,3/4 GREEN TACONIC,3.03,5.39,6.73, 3/8 , 3/4 ,Wood
WM4048,3/4 BLACK TACONIC,3.03,5.39,6.73, 3/8 , 3/4 ,Wood
WM4049,1 1/8 ANTIQUE IVORY/SILVER,5.25,9.23,11.54, 1/2 ,1  1/8 ,Wood
WM4050,1 1/8 ANTIQUE GRAY/SILVER,5.25,9.23,11.54, 1/2 ,1  1/8 ,Wood
WM4051,1 1/8 WALNUT/GOLD,5.25,9.23,11.54, 1/2 ,1  1/8 ,Wood
WM4052,1 1/8 BLACK/GOLD,5.25,9.23,11.54, 1/2 ,1  1/8 ,Wood
WM4053,1 5/8  WEATHERED,4.40,7.92,9.91, 1/2 ,1  5/8 ,Wood
WM4054,13/16 BLACK,3.43,5.74,7.17,89/95,69/85,Wood
WM4055,2 5/16 CORTEN,12.10,21.17,26.47,1  6/97,2 29/93,Wood
WM4056,1 5/16 CORTEN,8.67,15.17,18.96,50/89,1 29/93,Wood
WM4060,1 5/16 GREY,4.95,8.67,10.82,50/89,1 29/93,Wood
WM4062,1 5/16 WHITE,5.12,8.67,10.82,50/89,1 29/93,Wood
WM4069,1 9/16 MOSSY GREEN,8.40,14.44,18.05, 3/4 ,1  1/2 ,Wood
WM4070,1 9/16 MINT GREEN,8.40,14.44,18.05, 3/4 ,1  1/2 ,Wood
WM4071,1 9/16 DOVE,8.40,14.44,18.05, 3/4 ,1  1/2 ,Wood
WM4072,1 9/16 MUSTARD,8.40,14.44,18.05, 3/4 ,1  1/2 ,Wood
WM4073,1 9/16 MIDNIGHT BLUE,8.40,14.44,18.05, 3/4 ,1  1/2 ,Wood
WM4074,1 9/16 DARK GREEN,8.40,14.44,18.05, 3/4 ,1  1/2 ,Wood
WM4075,9/16 GOLD,2.69,4.51,5.64,29/93,50/89,Wood
WM4076,9/16 SILVER,2.69,4.51,5.64,29/93,50/89,Wood
WM4077,3/4 GOLD CLOUD,1.92,3.22,4.03,29/93, 3/4 ,Wood
WM4078,3/4 SILVER CLOUD,1.92,3.22,4.03,29/93, 3/4 ,Wood
WM4079,9/16 NATURAL OAK,4.31,7.35,9.81, 9/16, 9/16,Wood
WM4080,9/16 LINEN GREY,4.31,7.35,9.81, 9/16, 9/16,Wood
WM4081,9/16 NUT,4.31,7.35,9.81, 9/16, 9/16,Wood
WM4082,9/16 CHARCOAL BLACK,4.31,7.35,9.81, 9/16, 9/16,Wood
WM4083,9/16 DARK SMOKE GREY,4.31,7.35,9.81, 9/16, 9/16,Wood
WM4084,9/16 SNOW WHITE,4.31,7.35,9.81,5/8, 9/16,Wood
WM4085,13/16 NATURAL OAK,5.45,9.53,11.91,7/8,69/85,Wood
WM4086,13/16 LINEN GREY,5.45,9.53,11.91,7/8,13/16,Wood
WM4087,13/16 NUT,5.45,9.53,11.91, 7/8 ,13/16,Wood
WM4088,13/16 CHARCOAL BLACK,5.45,9.53,11.91, 7/8 ,13/16,Wood
WM4089,13/16 DARK SMOKE GREY,5.45,9.53,11.91, 7/8 ,13/16,Wood
WM4090,13/16 SNOW WHITE,5.45,9.53,11.91, 7/8 ,13/16,Wood
WM4091,3/4 CREAM SILVER TWILA,3.44,6.14,7.67, 1/2 , 3/4 ,Wood
WM4092,3/4 GREY SILVER TWILA,3.44,6.14,7.67, 1/2 , 3/4 ,Wood
WM4093,3/4 BROWN SILVER TWILA,3.44,6.14,7.67, 1/2 , 3/4 ,Wood
WM4094,1 CREAM SILVER TWILA,5.14,9.51,11.89,1,1,Wood
WM4095,1 GREY SILVER TWILA,5.14,9.51,11.89,1,1,Wood
WM4096,1 BROWN SILVER TWILA,5.14,9.51,11.89,1,1,Wood
WM4097,1 3/4 SILVER CONTEMPO,5.40,9.16,11.46, 1/2 ,1  3/4 ,Wood
WM4098,1 3/4 GOLD CONTEMPO,5.40,9.16,11.46, 1/2 ,1  3/4 ,Wood
WM4099,1 3/4 BLACK W/SILVER LIP,5.40,9.16,11.46, 1/2 ,1  3/4 ,Wood
WM4100,1 3/4 BLACK W/GOLD LIP,5.40,9.16,11.46, 1/2 ,1  3/4 ,Wood
WM4101,7/16 X1 5/8 DEEP BLACK FLOATER,7.66,13.21,16.51,1 50/89,38/87,Wood
WM4102,7/16 X 1 5/8 DEEP OAK FLOATER,7.66,13.21,16.51,1 50/89,38/87,Wood
WM4104,3/8 X 1 5/8 DEEP BLACK FLOATER,5.60,9.80,12.24,1 50/89, 3/8 ,Wood
WM4105,3/8 X 1 5/8 DEEP WHITE FLOATER,5.60,9.80,12.24,1  9/16, 3/8 ,Wood
WM4106,1 1/2 X 1 5/8 LIGHT WALNUT,5.35,9.23,11.53,1  5/8 ,1  9/16,Wood
WM4107,1 1/2 X 1 5/8 BLACK SHADOWBOX,5.35,9.23,11.53,1  5/8 ,1  9/16,Wood
WM4108,1 1/2 X 1 5/8 WHITE SHADOW BOX,5.35,9.23,11.53,1  5/8 ,1  9/16,Wood
WM4109,1 3/16 MATTE BLACK,5.41,9.75,12.67,2  1/2 ,1  3/16,Wood
WM4110,1 3/16 MATTE WHITE,5.41,9.75,12.67,2  1/2 ,1  3/16,Wood
WM4111,5/16 X1 5/8 WHITE DEEP FLOATER,6.04,10.87,13.59,1  5/8 ,1  3/4 ,Wood
WM4112,5/16 X1 5/8 DEEP BLACK FLOATER,6.04,10.87,13.59,1  5/8 ,1  3/4 ,Wood
WM4113,13/16 BROWN,3.23,5.66,7.07,11/16,13/16,Wood
WM4114,13/16 GREY,3.23,5.66,7.07,11/16,13/16,Wood
WM4115,13/16 BLACK,3.23,5.66,7.07,11/16,13/16,Wood
WM4116,13/16 WHITE,3.23,5.66,7.07,11/16,13/16,Wood
WM4117,13/16 SILVER,3.92,6.59,8.24,11/16,13/16,Wood
WM4118,13/16 GOLD,3.92,6.59,8.24,11/16,13/16,Wood
WM4119,5/8 SILVER,3.58,5.98,7.48, 3/8 , 5/8 ,Wood
WM4120,5/8 GOLD,3.58,5.98,7.48, 3/8 , 5/8 ,Wood
WM4121,5/8 ANTIQUE BLACK,3.02,5.07,6.06, 3/8 , 5/8 ,Wood
WM4122,11/16 SILVER,3.58,5.99,7.48, 3/8 ,11/16,Wood
WM4123,11/16 GOLD,3.58,5.99,7.48, 3/8 ,11/16,Wood
WM4124,11/16 ANTIQUE BLACK,3.02,5.07,6.06, 3/8 ,11/16,Wood
WM4125,5/8 YELLOW HAS PLASTIC COATING,1.86,3.25,4.07, 5/16, 5/8 ,Wood
WM4126,5/8 DARK GREEN HAS PLASTIC COA,1.86,3.25,4.07, 5/16, 5/8 ,Wood
WM4127,5/8 TEAL HAS PLASTIC COATING,1.86,3.25,4.07, 5/16, 5/8 ,Wood
WM4128,5/8 GREY HAS PLASTIC COATING,1.86,3.25,4.07, 5/16, 5/8 ,Wood
WM4129,5/8 BLACK HAS PLASTIC COATING,1.86,3.25,4.07, 5/16, 5/8 ,Wood
WM4130,3/4 NATURAL RAW WOOD,2.53,4.24,5.30,1  3/4 , 3/4 ,Wood
WM4131,3/4 NATURAL RAW WOOD,2.08,3.74,4.69,1  1/4 , 3/4 ,Wood
WM4132,1/2 WHITE PICKET POST,2.33,4.16,5.20,5/8, 1/2 ,Wood
WM4133,1/2 GREY PICKET POST,2.33,4.16,5.20,5/8, 1/2 ,Wood
WM4134,1/2 BROWN PICKET POST,2.33,4.16,5.20,5/8, 1/2 ,Wood
WM4135,3/4 WHITE PICKET POST,3.53,6.27,7.84,1 5/8, 3/4 ,Wood
WM4136,3/4 GREY PICKET POST,3.53,6.27,7.84,1 5/8, 3/4 ,Wood
WM4137,3/4 BROWN PICKET POST,3.53,6.27,7.84,1 5/8, 3/4 ,Wood
WM4138,1/2 WHITE STAINED MODESTO,1.61,2.87,3.58,5/8, 1/2 ,Wood
WM4139,1/2 WALNUT STAINED MODESTO,1.61,2.87,3.58,5/8, 1/2 ,Wood
WM4140,1/2 BLACK STAINED MODESTO,1.61,2.87,3.58,5/8, 1/2 ,Wood
WM4141,3/4 WHITE STAINED MODESTO,2.13,3.76,4.70,7/8, 3/4 ,Wood
WM4142,3/4 WALNUT STAINED MODESTO,2.13,3.76,4.70,7/8, 3/4 ,Wood
WM4143,3/4 BLACK STAINED MODESTO,2.13,3.76,4.70,7/8, 3/4 ,Wood
WM4144,5/8 MATTE WHITE,1.99,3.49,4.54,1/3, 5/8 ,Wood
WM4145,5/8 BLACK OPAQUE,1.99,3.49,4.54,1/3, 5/8 ,Wood
WM4146,5/8 DARK GREY MATTE,1.99,3.49,4.54,1/3, 5/8 ,Wood
WM4147,5/8 DARK BLUE MATTE,1.99,3.49,4.54,1/3, 5/8 ,Wood
WM4148,5/8 DARK GREEN MATTE,1.99,3.49,4.54,1/3, 5/8 ,Wood
WM4149,5/8 DARK RED OPAQUE MATTE,1.99,3.49,4.54,1/3, 5/8 ,Wood
WM4150,5/8 ORANGE OPAQUE MATTE,1.99,3.49,4.54,1/3, 5/8 ,Wood
WM4151,5/8 YELLOW MATTE,1.99,3.49,4.54,1/3, 5/8 ,Wood
WM4152,5/8 BLUE OCTANIUM,1.99,3.49,4.54, 5/16, 5/8 ,Wood
WM4153,1 1/2 GOLD,7.14,13.92,18.10,1,1  1/2 ,Wood
WM4154,1 1/2 SILVER,7.14,13.92,18.10,1,1  1/2 ,Wood
WM4155,1 1/2 PEWTER,7.14,13.92,18.10,1,1  1/2 ,Wood
WM4156,1 1/2 BRONZE,7.14,13.92,18.10,1,1  1/2 ,Wood
WM4157,1 1/8 ASH,2.98,5.81,7.55,3/4,1  1/8 ,Wood
WM4158,1 1/8 LIGHT WALNUT,2.98,5.81,7.55,3/4,1  1/8 ,Wood
WM4159,1 1/8 MODERN WALNUT,2.98,5.81,7.55,3/4,1  1/8 ,Wood
WM4160,1 1/8 EBONY,2.98,5.81,7.55,3/4,1  1/8 ,Wood
WM4161,3/4 ASH,2.70,5.27,6.84,1, 3/4 ,Wood
WM4162,3/4 LIGHT WALNUT,2.70,5.27,6.84,1, 3/4 ,Wood
WM4163,3/4 MODERN WALNUT,2.70,5.27,6.84,1, 3/4 ,Wood
WM4164,3/4 EBONY,2.70,5.27,6.84,1, 3/4 ,Wood
WM4165,5/8 ASH,2.44,4.76,6.19,1, 5/8 ,Wood
WM4166,5/8 LIGHT WALNUT,2.44,4.76,6.19,1, 5/8 ,Wood
WM4167,5/8 MODERN WALNUT,2.44,4.76,6.19,1, 5/8 ,Wood
WM4168,5/8 EBONY,2.44,4.76,6.19,1, 5/8 ,Wood
WM4169,1 PEWTER,5.95,11.60,15.08,1 1/4,1,Wood
WM4170,1 BRONZE,5.95,11.60,15.08,1 1/4,1,Wood
WM4171,1 BLACK,5.95,11.60,15.08,1 1/4,1,Wood
WM4172,1 WHITE,5.95,11.60,15.08,1 1/4,1,Wood
WM4173,3/4 PEWTER,4.40,8.58,11.15,5/9, 3/4 ,Wood
WM4174,3/4 BRONZE,4.40,8.58,11.15,5/9, 3/4 ,Wood
WM4175,3/4 BLACK,4.40,8.58,11.15,5/9, 3/4 ,Wood
WM4176,3/4 BURNT ORANGE,4.44,8.66,11.26,1, 3/4 ,Wood
WM4177,3/4 YELLOW,4.44,8.66,11.26,1, 3/4 ,Wood
WM4178,3/4 FOREST GREEN,4.44,8.66,11.26,1, 3/4 ,Wood
WM4179,3/4 BLUE,4.44,8.66,11.26,1, 3/4 ,Wood
WM4180,3/4 GREY,4.44,8.66,11.26,1, 3/4 ,Wood
WM4181,3/4 RED,4.44,8.66,11.26,1, 3/4 ,Wood
WM4182,3/4 ANTIQUE GOLD,4.44,8.66,11.26,1, 3/4 ,Wood
WM4183,3/4 ANTIQUE SILVER,4.44,8.66,11.26,1, 3/4 ,Wood
WM4184,3/4 BLACK,4.44,8.63,11.26,1, 3/4 ,Wood
WM4185,3/4 WHITE,4.44,8.66,11.26,1, 3/4 ,Wood
WM4186,1 DARK GREY,2.66,4.80,5.80, 8/16,1,Wood
WM4187,1 DARK BLUE,2.66,4.80,5.80,1/2,1,Wood
WM4188,1 DARK GREEN,2.66,4.80,5.80,1/2,1,Wood
WM4189,1 DARK RED,2.66,4.80,5.80,1/2,1,Wood
WM4190,1 ORANGE,2.66,4.80,5.80,1/2,1,Wood
WM4191,1 YELLOW,2.66,4.80,5.80,4/8,1,Wood
WM4192,1 PINK,2.66,4.80,5.80,4/8,1,Wood
WM4193,1 TEAL,2.66,4.80,5.80,4/8,1,Wood
WM4194,9/16 BLACK WITH GOLD,3.13,5.41,6.76,3/8, 9/16,Wood
WM4195,9/16 BLACK WITH SILVER,3.13,5.41,6.76,3/8, 9/16,Wood
WM4196,13/16 GOLD WITH BEADS,3.66,6.45,7.95,4/8,13/16,Wood
WM4197,13/16 BROWN WITH GOLD BEAD,3.66,6.45,7.95,4/8,13/16,Wood
WM4198,13/16 BLACK WITH GOLD BEAD,3.66,6.48,7.95,4/8,13/16,Wood
WM4199,13/16 BLACK WITH SILVER BEAD,3.66,6.48,7.95, 8/16,13/16,Wood
WM4200,13/16 BLACK WITH GOLD STEP,4.12,7.25,9.16,14/16,69/85,Wood
WM4201,13/16 BLACK WITH SILVER STEP,4.12,7.25,9.16,13/16, 7/8 ,Wood
WM4202,13/16 LIGHT GOLD,5.10,8.91,11.14,7/8,13/16,Wood
WM4203,13/16 LIGHT SILVER,5.10,8.91,11.14,7/8,13/16,Wood
WM4204,1/2 GOLD NUVOLA,2.35,4.24,5.29,3/8, 1/2 ,Wood
WM4205,1/2 SILVER NUVOLA,2.35,4.06,5.07,3/8, 1/2 ,Wood
WM4206,13/16 GOLD NUVOLA,3.51,6.31,7.89,1  3/16,13/16,Wood
WM4207,13/16 SILVER NUVOLA,3.51,6.31,7.89,1  3/16,13/16,Wood
WM4208,3/4 SILVER,2.18,3.93,4.91, 4/16, 3/4 ,Wood
WM4209,3/4 GOLD,2.18,3.93,4.91,2/8, 3/4 ,Wood
WM4210,3/4 BLACK SILVER,2.18,3.93,4.91,2/8, 3/4 ,Wood
WM4211,3/4 BLACK GOLD,2.18,3.93,4.91,2/8, 3/4 ,Wood
WM4212,1 15/16 SILVER,8.22,14.38,17.97,3/8,1 15/16,Wood
WM4213,1 15/16 GOLD,8.22,14.38,17.97,3/8,1 15/16,Wood
WM4214,1 15/16 BLACK,7.40,12.96,16.20, 6/16,1 15/16,Wood
WM4215,1 3/16 SILVER,5.85,9.80,12.25, 6/16,1  9/16,Wood
WM4216,1 3/16 GOLD,5.85,9.80,12.25, 6/16,1  9/16,Wood
WM4217,1 3/16  BLACK,5.35,9.36,11.70, 6/16,1  9/16,Wood
WM4218,1 3/16  BLACK & GOLD,5.85,9.80,12.25, 6/16,1  9/16,Wood
WM4219,1 3/16  BLACK & SILVER,5.85,9.80,12.25,3/8,1  9/16,Wood
WM4220,1 5/16 BLACK WITH GOLD,5.85,9.80,12.25,5/8,1  5/16,Wood
WM4221,1 5/16 BLACK WITH GOLD,6.16,10.63,13.24,5/8,1  5/16,Wood
WM4222,2 3/16 BLACK GOLD,8.64,14.75,18.50,5/8,1  9/16,Wood
WM4223,1 9/16 BLACK GOLD,6.16,10.63,13.24,3/8,1  9/16,Wood
WM4224,1 5/16 BLUE SABI,5.15,9.27,11.59,5/8,1  5/16,Wood
WM4225,1 5/16 BROWN SABI,5.15,9.27,11.59,10/16,1  5/16,Wood
WM4226,1 5/16 BLACK SABI,5.15,9.27,11.59,5/8,1  5/16,Wood
WM4227,13/16 BLUE SABI,5.15,9.27,11.59,1,13/16,Wood
WM4228,13/16 BROWN SABI,2.58,9.27,11.59,1,13/16,Wood
WM4229,13/16 BLACK SABI,5.15,9.27,11.59,1,13/16,Wood
WM4230,11/16 BLACK POEM II,3.11,5.60,7.00, 5/8 ,11/16,Wood
WM4231,11/16 RED POEM II,3.84,6.91,8.64, 5/8 ,11/16,Wood
WM4232,11/16 BLUE POEM II,3.84,6.91,8.64, 5/8 ,11/16,Wood
WM4233,11/16 GREEN POEM II,3.84,6.91,8.64, 5/8 ,11/16,Wood
WM4234,11/16 WHITE POEM II,3.11,5.60,7.00, 5/8 ,11/16,Wood
WM4235,3/4 COFFEE BROWN OLEA,4.75,8.55,10.69,13/16, 3/4 ,Wood
WM4236,3/4 PECAN OLEA,4.75,8.55,10.69,13/16, 3/4 ,Wood
WM4237,3/4 CHERRY OLEA,4.75,8.55,10.69,13/16, 3/4 ,Wood
WM4238,3/4 TAUPE OLEA,4.75,8.55,10.69,13/16, 3/4 ,Wood
WM4239,3/4 GRAY OLEA,4.75,8.55,10.69,13/16, 3/4 ,Wood
WM4240,3/4 COFFEE BROWN STAIN,4.88,8.78,10.97,1  1/8 , 3/4 ,Wood
WM4241,3/4 HONEY MAPLE STAIN,4.88,8.78,10.97,1  1/8 , 3/4 ,Wood
WM4242,3/4 CLEAR STAIN,4.88,8.78,10.97,1 1/8, 3/4 ,Wood
WM4243,3/4 MAHOGANY STAIN,4.88,8.78,10.97,1  1/8 , 3/4 ,Wood
WM4244,1/2 SILVER BEAD FILLET,2.38,,, 1/4 , 1/2 ,Fillet
WM4245,1/2 GOLD BEAD FILLET,2.38,,, 1/4 , 1/2 ,Fillet
WM4246,1/2 BLACK BEAD FILLET,2.38,,, 3/16, 3/4 ,Fillet
WM4247,5/8 GOLD FILLET VIRTU,2.37,,, 1/4 , 5/8 ,Fillet
WM4248,5/8 SILVER FILLET VIRTU,2.37,,, 3/16, 5/8 ,Fillet
WM4249,3/4 WHITE LINEN LINER,1.82,3.55,4.62, 1/4 , 3/4 ,Liner
WM4250,5/8 ANTIQUE SILVER FENICE,3.74,6.73,8.42, 3/8 , 5/8 ,Wood
WM4251,5/8 ANTIQUE GOLD FENICE,3.74,6.73,8.42, 3/8 , 5/8 ,Wood
WM4252,5/8 BLACK FENICE,3.13,5.39,6.73, 3/8 , 5/8 ,Wood
WM4253,11/16 WARM SILVER FENICE,3.69,6.35,7.95, 3/8 ,11/16,Wood
WM4254,11/16 GOLD FENICE,3.69,6.35,7.95, 3/8 ,11/16,Wood
WM4255,11/16 BLACK FENICE,2.89,4.93,6.21, 3/8 ,11/16,Wood
WM4256,9/16 LIGHT BROWN RIVER,1.67,3.00,3.76, 3/8 , 9/16,Wood
WM4257,9/16 DARK BROWN RIVER,1.67,3.00,3.76, 3/8 , 9/16,Wood
WM4258,9/16  GREY RIVER,1.67,3.00,3.76, 3/8 , 9/16,Wood
WM4259,9/16 BLACK RIVER,1.67,3.00,3.76, 3/8 , 9/16,Wood
WM4260,9/16 WHITE RIVER,1.67,3.00,3.76, 3/8 , 9/16,Wood
WM4261,9/16 LIGHT BLUE GOLD CHAGALL,3.08,5.09,6.36, 3/8 , 9/16,Wood
WM4262,9/16 GREY GOLD CHAGALL,3.08,5.09,6.36, 3/8 , 9/16,Wood
WM4263,9/16 DARK BLUE GOLD CHAGALL,3.08,5.09,6.36, 3/8 , 9/16,Wood
WM4264,9/16 WHITE GOLD CHAGALL,3.08,5.09,6.36, 3/8 , 9/16,Wood
WM4265,9/16 SILVER OPERA,3.37,6.06,7.58, 3/8 , 9/16,Wood
WM4266,9/16 BLACK GOLD OPERA,3.37,6.06,7.58, 3/8 , 9/16,Wood
WM4267,9/16 WHITE GOLD OPERA,3.37,6.06,7.58, 3/8 , 9/16,Wood
WM4268,9/16 GOLD OPERA,3.37,6.06,7.58, 3/8 , 9/16,Wood
WM4269,1 9/16 BLACK GOLD W/GOLD LIP,7.46,12.79,15.91, 3/8 ,1  9/16,Wood
WM4270,5/8 RIPPLED DARK GOLD W/BLACK,4.64,8.13,10.15, 1/2 , 5/8 ,Wood
WM4271,5/8 RIPPLED DARK GOLD W/WHITE,4.64,8.13,10.15, 1/2 , 5/8 ,Wood
WM4272,5/8 RIPPLED DARK GOLD W/BLUE,4.64,8.13,10.15, 1/2 , 5/8 ,Wood
WM4273,5/8 RIPPLED DARK GOLD W/GREEN,4.64,8.13,10.15, 1/2 , 5/8 ,Wood
WM4275,1/2 SILVER BAMBOO,2.89,5.20,6.50, 1/2 , 1/2 ,Wood
WM4276,1/2 GOLD BAMBOO,2.89,5.20,6.50, 1/2 , 1/2 ,Wood
WM4277,1/2 BLACK BAMBOO,3.14,5.49,7.14, 1/2 , 1/2 ,Wood
WM4278,1/2 NATURAL BAMBOO,3.14,5.49,7.14, 1/2 , 1/2 ,Wood
WM4279,13/16 DARK GRAY LANDSCAPE,3.13,5.64,7.05,15/16,13/16,Wood
WM4280,13/16 BLUE LANDSCAPE,3.13,5.64,7.05,15/16,13/16,Wood
WM4281,13/16 LIGHT BLUE LANDSCAPE,3.13,5.64,7.05,15/16,13/16,Wood
WM4282,13/16 FOREST GREEN LANDSCAPE,3.13,5.64,7.05,15/16,13/16,Wood
WM4283,13/16 OLIVE GREEN LANDSCAPE,3.13,5.64,7.05,15/16,13/16,Wood
WM4284,13/16 RED LANDSCAPE,3.13,5.64,7.05,15/16,13/16,Wood
WM4285,13/16 YELLOW LANDSCAPE,3.13,5.64,7.05,15/16,13/16,Wood
WM4286,13/16 WALNUT LANDSCAPE,3.13,5.64,7.05,15/16,13/16,Wood
WM4287,1 3/4 RIPPLED DARK GOLD,8.68,14.98,18.65, 1/2 ,1  3/4 ,Wood
WM4288,1 3/4 RIPPLED DARK SILVER,8.68,14.98,18.65, 1/2 ,1  3/4 ,Wood
WM4289,1 5/16 GREEN SABI,5.15,9.27,11.59, 5/8 ,1  5/16,Wood
WM4290,13/16 GREEN SABI,5.15,9.27,11.59,1,13/16,Wood
1605-50,3/4 FLAT DARK WALNUT WOOD CUB,3.19,5.74,7.18, 1/2 , 3/4 ,Wood
1605-55,3/4 FLAT LIGHT WALNUT WOOD CUB,3.19,5.74,7.18, 1/2 , 3/4 ,Wood
1605-60,3/4 FLAT OLIVE WOOD CUBE,3.19,5.74,7.18, 1/2 , 3/4 ,Wood
1605-65,3/4 FLAT OAK WOOD CUBE,3.19,5.74,7.18, 1/2 , 3/4 ,Wood
1605-70,3/4 FLAT AYOUS WOOD CUBE,3.19,5.74,7.18, 1/2 , 3/4 ,Wood
2400-40,3/4 WHITE NO GESSO(SUB WM3165),1.81,3.26,4.07, 5/8 , 3/4 ,Wood
2400-65,1 1/4 BLACK FLAT NO GESSO,2.37,4.27,5.34, 5/8 ,1  1/4 ,Wood
2400-95,2 BLACK FLAT NO GESSO,3.51,6.32,7.90, 1/2 ,2,Wood
2410-80,1 3/4 FLAT BLACK W/NOTCHED LIP,3.01,5.42,6.78, 1/2 ,1  3/4 ,Wood
2415-60,1 1/4 BLACK FLAT NO GESSO,1.93,3.48,4.35, 1/2 ,1  1/4 ,Wood
2415-95,1 BLACK FLAT NO GESSO,1.65,2.97,3.71, 1/2 ,1,Wood
2420-35,1 BLACK SHADOWBOX 2 1/4 HIGH,4.03,7.25,9.06,2,1,Wood
2420-50,1 3/8 BLACK FLAT NO GESSO,2.71,4.88,6.10, 3/4 ,1  3/8 ,Wood
2435-60,3/4 X 1 1/2 NATURAL STAIN CAP,2.83,5.09,6.36,1  1/4 ,1  1/2 ,Wood
2435-90,3/4  NATURAL STAIN CAP,1.74,3.13,3.91, 3/4 , 3/4 ,Wood
2440-45,1 1/4 NATURAL STAIN FLAT,1.93,3.47,4.34, 1/2 , 3/4 ,Wood
2505-30,3/4 BLACK BURL SMALL CUBE,3.23,5.81,7.26, 3/8 , 3/4 ,Wood
2505-35,3/4 DARK WALNUT BURL SMALL CUB,3.23,5.81,7.26, 3/8 , 3/4 ,Wood
2505-40,3/4 LIGHT WALNUT BURL SMALL CU,3.23,5.81,7.26, 3/8 , 3/4 ,Wood
2505-45,3/4 MAPLE BURL SMALL CUBE,3.23,5.81,7.26, 3/8 , 3/4 ,Wood
2505-50,3/4 MAHOGANY BURL SMALL CUBE,3.23,5.81,7.26, 3/8 , 3/4 ,Wood
2505-55,1 BLACK BURL SLOPE,5.08,9.14,11.43, 3/8 ,1,Wood
2505-60,1 BLACK BURL SLOPE,5.08,9.14,11.43, 3/8 ,1,Wood
2505-65,1 LIGHT WALNUT BURL SLOPE,5.08,9.14,11.43, 3/8 ,1,Wood
2505-70,1 MAPLE BURL SLOPE,5.08,9.14,11.43, 3/8 ,1,Wood
2505-75,1 MAHOGANY BURL SLOPE,5.08,9.14,11.43, 3/8 ,1,Wood
300-150,1 5/8 SLOPE BLACK W/BEADED LIP,3.68,6.62,8.28, 1/2 ,1  5/8 ,Wood
300-155,2 SLOPE W/BEADED LIP,4.11,7.40,9.25, 1/2 ,2,Wood
300-440,1 3/8 SLOPE BLACK W/BEADED LIP,2.46,4.43,5.54, 1/2 ,1  3/8 ,Wood
300-450,1 ROUND BLACK,1.65,2.97,3.71, 3/8 ,1,Wood
300-605,1 SLOPE BLACK W/GOLD LIP RED,2.67,4.81,6.01, 3/8 ,1,Wood
300-885,7/8 FLAT BLACK SHADOW BOX,2.28,4.10,5.13,1  1/8 , 7/8 ,Wood
300-890,1 FLAT GOLD W/BROWN BEAD,2.09,3.76,4.70, 3/8 ,1,Wood
300-975,1 FLAT BLACK,1.97,3.55,4.44, 1/2 ,1,Wood
300-985,1 3/8 ROUND MAHOGANY SHADOWBOX,5.07,9.13,11.41,1  1/2 ,1  3/8 ,Wood
305-190,1 FLAT GOLD W/ORN BEADED LIP,2.04,3.67,4.59, 3/8 ,1,Wood
305-40,2 1/8 GOLD FLAT PANEL,5.49,9.88,12.35, 1/2 ,2  1/8 ,Wood
305-45,2 1/8 SCOOP SILVER FLAT PANEL,5.49,9.88,12.35, 1/2 ,2  1/8 ,Wood
305-510,2 BLACK W/ROPE,4.00,7.20,9.00, 1/2 ,2,Wood
305-555,1 3/8 SCOOP BLK W/ORN & BEADED,2.92,5.26,6.58, 3/8 ,1  3/8 ,Wood
310-535,1 1/4 OFF WHITE DISTRESSED PAN,3.27,5.89,7.36, 1/2 ,1  1/4 ,Wood
310-540,1 1/4 WEATHERED GREY DISTRESSE,3.27,5.89,7.36, 1/2 ,1  1/4 ,Wood
310-545,1 1/4 SAGE GREEN DISTRESSED,3.27,5.89,7.36, 1/2 ,1  1/4 ,Wood
310-550,1 1/4 BLUE DISTRESSED PANEL,3.27,5.89,7.36, 1/2 ,1  1/4 ,Wood
310-555,5/8 BLUE DISTRESSED CUBE,2.16,3.89,4.86,5/8, 5/8 ,Wood
310-560,5/8 WEATHERED GREY DISTRESSED,2.16,3.89,4.86,5/8, 5/8 ,Wood
310-565,5/8 SAGE GREEN DISTRESSED CUBE,2.16,3.89,4.86,5/8, 5/8 ,Wood
310-570,5/8 OFF WHITE DISTRESSED CUBE,2.16,3.89,4.86,5/8, 5/8 ,Wood
310-705,3/8  GOLD METALLIC FLOATER,6.43,11.57,14.46,1 3/4, 3/8 ,Wood
310-710,3/8 SILVER METALLIC FLOATER,6.43,11.57,14.46,1 3/4, 3/8 ,Wood
315-15,1 3/4 FLAT BLACK W/BEVELED LIP,2.98,5.36,6.70,5/8,1  3/4 ,Wood
315-20,2 3/8 SILVER ACANTHUS CARVE,7.03,12.65,15.81,3/8,2  3/8 ,Wood
315-55,1 1/2 SLOP SILVER W/BLK SCRATC,4.09,7.36,9.20,5/8,1  1/2 ,Wood
315-60,1 1/2 SLOP GOLD W/BLACK,4.16,7.49,9.36, 5/8 ,1  1/2 ,Wood
325-25,7/8 SHADOW BOX GOLD,4.11,7.40,9.25,1  5/8 , 7/8 ,Wood
350-50,3 1/4 FLAT GOLD RAISED EDGE,9.99,17.98,22.48,1,3  1/4 ,Wood
350-55,1 3/4 REVERSE BLACK W/BEVELED,2.90,5.22,6.53,5/8,1  3/4 ,Wood
390-45,1  FLAT BLACK SHADOW BOX,3.12,5.62,7.03,1,1,Wood
390-95,1 5/8 BLACK SLOPE,2.60,4.68,5.85,3/8,1  5/8 ,Wood
395-20,2 1/2 GOLD W/FLAT PANEL,6.77,12.19,15.24, 7/8 ,2  1/2 ,Wood
435-95,1 ROUNDED BLACK (2420-25),1.93,3.47,4.34, 3/8 ,1,Wood
480-10,1 1/4 REVERSE BLACK,2.14,3.85,4.81, 5/8 ,1  1/4 ,Wood
480-40,2 5/8 SLOPE SLVR W/BLK SCRATCH,8.00,14.40,18.00, 1/2 ,2  5/8 ,Wood
480-50,1 BLACK REVERSE,2.11,3.80,4.75, 1/2 ,1,Wood
755-85,1 1/4 FLAT DARK BROWN COPPER,2.25,4.05,5.06, 5/8 ,1  1/4 ,Wood
805-75,3/8 X 1 1/8  ALL BLACK FLOATER,4.36,7.85,9.81,1  1/8 ,1  1/2 ,Wood
805-80,3/8 X 1 1/8 DEEP WHITE FLOATER,4.36,7.85,9.81,1  1/8 ,1  1/2 ,Wood
805-85,3/8 X1 1/8 ESPRESSO FLOATER,4.36,7.85,9.81,1  1/8 ,1  1/2 ,Wood
805-90,3/8 X 1 1/8 DEEP TEAK FLOATER,4.36,7.85,9.81,1  1/8 ,1  1/2 ,Wood
850-45,2 1/2 REVERSE MAHOGANY W/ROPE,3.97,7.15,8.94, 1/2 ,2  1/2 ,Wood
850-50,2 1/2 REVERSE WALNUT W/ROPE,3.97,7.15,8.94, 1/2 ,2  1/2 ,Wood
875-70,1 1/4 SCOOP WALNUT W/BRWN BEAD,2.46,4.43,5.54, 1/2 ,1  1/4 ,Wood
905-85,1 1/4 ROUND MAHOGANY W/BLK LIP,1.97,3.55,4.44, 3/8 ,1  1/4 ,Wood
920-35,1 1/4 GOLD SCOOP FLAT PANEL,3.26,5.87,7.34, 3/8 ,1  1/4 ,Wood
920-35S,1 1/4 SCOOP SILVER FLAT PANEL,3.26,5.87,7.34, 3/8 ,1  1/4 ,Wood
965-20,1 1/2 REVERSE W/FLAT LIP &,2.50,4.50,5.63, 5/8 ,1  1/2 ,Wood
NC03996,7/8 IVORY,6.66,10.66,13.86, 3/4 , 7/8 ,Wood
NC14603,3/4 FORGED PEWTER CASTILLE,5.53,9.13,12.32, 5/8 , 3/4 ,Wood
NC14604,3/4 FORGED IRON CASTILLE,5.53,9.13,12.32, 5/8 , 3/4 ,Wood
NC14606,3/4 FORGED BRASS CASTILLE,5.53,9.13,12.32, 5/8 , 3/4 ,Wood
NC14609,3/4 FORGED BRONZE CASTILLE,5.53,9.13,12.32, 5/8 , 3/4 ,Wood
NC14703,1 5/16 FORGED PEWTER CASTILLE,7.26,11.98,16.18, 5/8 ,1  5/16,Wood
NC14704,1 5/16 FORGED IRON CASTILLE,7.26,11.98,16.18, 5/8 ,1  5/16,Wood
NC14706,1 5/16 FORGED BRASS CASTILLE,7.26,11.98,16.18, 5/8 ,1  5/16,Wood
NC14709,1 5/16 FORGED BRONZE CASTILLE,7.26,11.98,16.18, 5/8 ,1  5/16,Wood
NC14803,2 1/2  FORGED PEWTER CASTILLE,10.52,17.36,23.43, 7/8 ,2  1/2 ,Wood
NC14804,2 1/2  FORGED IRON CASTILLE,10.52,17.36,23.43, 7/8 ,2  1/2 ,Wood
NC14806,2 1/2  FORGED BRASS CASTILLE,10.52,17.36,23.43, 7/8 ,2  1/2 ,Wood
NC14809,2 1/2  FORGED BRONZE CASTILLE,10.52,17.36,23.43, 7/8 ,2  1/2 ,Wood
NC17104,1 1/2 EBONY DUALITA,6.52,11.08,14.40, 3/4 ,1  1/2 ,Wood
NC17105,1 1/2 WHITE OAK DUALITA,6.52,11.08,14.40, 3/4 ,1  1/2 ,Wood
NC17109,1 1/2 MAHOGANY DUALITA,6.52,11.08,14.40, 3/4 ,1  1/2 ,Wood
NC17113,1 1/2 BLACK WALNUT DUALITA,6.52,11.08,14.40, 3/4 ,1  1/2 ,Wood
NC17117,1 1/2 HONEY BIRCH DUALITA,6.52,11.08,14.40, 3/4 ,1  1/2 ,Wood
NC17127,1 1/2 HICKORY DUALITA,6.52,11.08,14.40, 3/4 ,1  1/2 ,Wood
NC17403,1 1/2 WINDSWEPT COLONNA,6.52,11.08,14.40, 1/2 ,1  1/2 ,Wood
NC17404,1 1/2 GILDED BLACK COLONNA,6.52,11.08,14.40, 1/2 ,1  1/2 ,Wood
NC17409,1 1/2 SEPIA COLONNA,6.52,11.08,14.40, 1/2 ,1  1/2 ,Wood
NC17481,1 1/2 SAGE COLONNA,6.52,11.08,14.40, 1/2 ,1  1/2 ,Wood
NC17491,1 1/2 TERRA COLONNA,6.52,11.08,14.40, 1/2 ,1  1/2 ,Wood
NC17492,1 1/2 SLATE COLONNA,6.52,11.08,14.40, 1/2 ,1  1/2 ,Wood
NC17607,1 3/8 SUN NOUVEAU,8.68,14.76,19.19,11/16,1  3/8 ,Wood
NC17609,1 3/8 GREY NOUVEAU,8.68,14.76,19.19,11/16,1  3/8 ,Wood
NC17641,1 3/8 NOIR NOUVEAU,8.68,14.76,19.19,11/16,1  3/8 ,Wood
NC17681,1 3/8 SAGE NOUVEAU,8.68,14.76,19.19,11/16,1  3/8 ,Wood
NC17691,1 3/8 CLAY NOUVEAU,8.68,14.76,19.19,11/16,1  3/8 ,Wood
NC17692,1 3/8 FOG NOUVEAU,8.68,14.76,19.19,11/16,1  3/8 ,Wood
NC17703,1 3/4 PELICAN RIALTO,6.52,11.08,14.40, 3/4 ,1  3/4 ,Wood
NC17704,1 3/4 CYRPESS RIALTO,6.52,11.08,14.40, 3/4 ,1  3/4 ,Wood
NC17707,1 3/8 SUN DECO,8.68,14.76,19.19,11/16,1  3/8 ,Wood
NC17709,1 3/4 WALNUT RIALTO,6.52,11.08,14.40, 3/4 ,1  3/4 ,Wood
NC17741,1 3/8 NOIR DECO,8.68,14.76,19.19,11/16,1  3/8 ,Wood
NC17781,1 3/8 SAGE DECO,8.68,14.76,19.19,11/16,1  3/8 ,Wood
NC17791,1 3/4 CEDAR RIALTO,6.52,11.08,14.40, 3/4 ,1  3/4 ,Wood
NC17792,1 3/8 FOG DECO,8.68,14.76,19.19,11/16,1  3/8 ,Wood
NC17793,1 3/8 GREY DECO,8.68,14.76,19.19,11/16,1  3/8 ,Wood
NC17794,1 3/8 CLAY DECO,8.68,14.76,19.19,11/16,1  3/8 ,Wood
NC17902,1 SILVER MEDINA,4.35,7.61,9.90, 3/4 ,1,Wood
NC17914,1 BLACK GALENA,4.35,7.61,9.90, 3/4 ,1,Wood
NC17915,1 TAJINE,4.35,7.61,9.90, 3/4 ,1,Wood
NC17941,1 GOLD SAFFRON,4.35,7.61,9.90, 3/4 ,1,Wood
NC18002,2 1/4 SILVER MEDINA,8.72,15.26,19.83, 3/4 ,2  1/4 ,Wood
NC18014,2 1/4 BLACK GALENA,8.72,15.26,19.83, 3/4 ,2  1/4 ,Wood
NC18015,2 1/4 TAJINE,8.72,15.26,19.83, 3/4 ,2  1/4 ,Wood
NC18041,2 1/4 GOLD SAFFRON,8.72,15.26,19.83, 3/4 ,2  1/4 ,Wood
NC18102,1 3/8 SILVER MEDINA,6.83,11.94,15.53,1,1  3/8 ,Wood
NC18106,3/4 SLATE ALTAMIRA,3.02,4.83,6.28, 5/8 , 3/4 ,Wood
NC18107,3/4 IVORY ALTAMIRA,3.02,4.83,6.28, 5/8 , 3/4 ,Wood
NC18109,3/4 UMBER ALTAMIRA,3.02,4.83,6.28, 5/8 , 3/4 ,Wood
NC18114,1 3/8 BLACK GALENA,6.83,11.94,15.53,1,1  3/8 ,Wood
NC18115,1 3/8 TAJINE,6.83,11.94,15.53,1,1  3/8 ,Wood
NC18141,1 3/8 GOLD SAFFRON,6.83,11.94,15.53,1,1  3/8 ,Wood
NC18206,1 1/4 SLATE ALTAMIRA,4.51,7.22,9.39, 3/4 ,1  1/4 ,Wood
NC18207,1 1/4 IVORY ALTAMIRA,4.51,7.22,9.39, 3/4 ,1  1/4 ,Wood
NC18209,1 1/4 UMBER ALTAMIRA,4.51,7.22,9.39, 3/4 ,1  1/4 ,Wood
NC18302,3/4 MEDINA SILVER MARRAKESH,3.55,6.21,8.07, 1/2 , 3/4 ,Wood
NC18314,3/4 GALENA BLACK MARRAKESH,3.55,6.21,8.07, 1/2 , 3/4 ,Wood
NC18315,3/4 SAFFRON GOLD MARRAKESH,3.55,6.21,8.07, 1/2 , 3/4 ,Wood
NC18341,3/4 TAJINE MARRAKESH,3.55,6.21,8.07, 1/2 , 3/4 ,Wood
NC18402,5/8 MEDINA SILVER MARRAKESH,3.22,5.64,7.33, 1/2 , 5/8 ,Wood
NC18414,5/8 GALENA BLACK MARAKESH,3.22,5.64,7.33, 1/2 , 5/8 ,Wood
NC18415,5/8 SAFFRON GOLD,3.22,5.64,7.33, 1/2 , 5/8 ,Wood
NC18441,5/8 MEDINA TAJINE MARRAKESH,3.22,5.64,7.33, 1/2 , 5/8 ,Wood
NC18502,1 1/4 SILVER,4.99,8.23,10.70, 1/2 ,1  1/4 ,Wood
NC18503,1 1/4 CUBE PEWTER,4.99,8.23,10.70, 1/2 ,1  1/4 ,Wood
NC18504,1 1/4 BLACK,4.99,8.23,10.70, 1/2 ,1  1/4 ,Wood
NC18515,1 1/4 CHAMPAGNE,4.99,8.23,10.70, 1/2 ,1  1/4 ,Wood
NC18562,1 1/4 BRONZE,4.99,8.23,10.70, 1/2 ,1  1/4 ,Wood
NC18602,1 3/8 SILVER SLANT,4.79,7.90,10.27, 5/8 ,1  3/8 ,Wood
NC18603,1 3/8 PEWTER SLANT,4.79,7.90,10.27, 5/8 ,1  3/8 ,Wood
NC18604,1 3/8 BLACK SLANT,4.79,7.90,10.27, 5/8 ,1  3/8 ,Wood
NC18615,1 3/8 CHAMPAGNE SLANT,4.79,7.90,10.27, 5/8 ,1  3/8 ,Wood
NC18662,1 3/8 BRONZE SLANT,4.79,7.90,10.27, 5/8 ,1  3/8 ,Wood
NC18702,1 1/2 SILVER,7.23,11.92,15.50, 3/4 ,1  1/2 ,Wood
NC18703,1 1/2 CUBE PEWTER,7.23,11.92,15.50, 3/4 ,1  1/2 ,Wood
NC18704,1 1/2 BLACK,7.23,11.92,15.50, 3/4 ,1  1/2 ,Wood
NC18715,1 1/2 CHAMPAGNE,7.23,11.92,15.50, 3/4 ,1  1/2 ,Wood
NC18762,1 1/2 BRONZE,7.23,11.92,15.50, 3/4 ,1  1/2 ,Wood
NC18802,2 5/32 SILVER SLANT,7.35,12.13,15.77, 5/8 ,2  5/32,Wood
NC18803,2 5/32 PEWTER SLANT,7.35,12.13,15.77, 5/8 ,2  5/32,Wood
NC18804,2 5/32 BLACK SLANT,7.35,12.13,15.77, 5/8 ,2  5/32,Wood
NC18815,2 5/32 CHAMPAGNE SLANT,7.35,12.13,15.77, 5/8 ,2  5/32,Wood
NC18862,2 5/32 BRONZE SLANT,7.35,12.13,15.77, 5/8 ,2  5/32,Wood
NC19104,3/4 BLACK,3.88,6.78,9.50,1  1/8 , 3/4 ,Wood
NC19123,3/4 DOVER GREY,3.88,6.78,9.50,1  1/8 , 3/4 ,Wood
NC19127,3/4 TAUPE,3.88,6.78,9.50,1  1/8 , 3/4 ,Wood
NC19131,3/4 DRIFTWOOD,3.88,6.78,9.50,1  1/8 , 3/4 ,Wood
NC19192,3/4 BLUE GREY,3.88,6.78,9.50,1  1/8 , 3/4 ,Wood
NC19304,1 3/4 BLACK,5.11,8.95,12.53, 3/4 ,1  3/4 ,Wood
NC19323,1 3/4 DOVER GREY,5.11,8.95,12.53, 3/4 ,1  3/4 ,Wood
NC19327,1 3/4 TAUPE,5.11,8.95,12.53, 3/4 ,1  3/4 ,Wood
NC19331,1 3/4 DRIFTWOOD,5.11,8.95,12.53, 3/4 ,1  3/4 ,Wood
NC19392,1 3/4 BLUE GREY,5.11,8.95,12.53, 3/4 ,1  3/4 ,Wood
NC27215,1 3/16 CHAMPANGE,4.10,6.76,9.12, 5/8 ,1  3/16,Wood
NC27262,1 3/16 BRONZE,4.10,6.76,9.12, 5/8 ,1  3/16,Wood
NC27404,1 3/4 BLACK,4.15,6.85,9.24, 1/2 ,1  3/4 ,Wood
NC27415,1 3/4 CHAMPAGNE,4.15,6.85,9.24, 1/2 ,1  3/4 ,Wood
NC27436,1 3/4 MERCURY,4.15,6.85,9.24, 1/2 ,1  3/4 ,Wood
NC27462,1 3/4 BRONZE,4.15,6.85,9.24, 1/2 ,1  3/4 ,Wood
NC29105,5/8 WALNUT,1.53,2.68,3.48, 1/2 , 5/8 ,Wood
NC29113,5/8 GREY WASH,1.53,2.68,3.48,, 5/8 ,Wood
NC29114,5/8 BLACK ASH,1.53,2.68,3.48, 1/2 , 5/8 ,Wood
NC29116,5/8 WHITE WASH,1.53,2.68,3.48, 1/2 , 5/8 ,Wood
NC29129,5/8 CEDAR,1.53,2.68,3.48, 1/2 , 5/8 ,Wood
NC29175,5/8 HAZELNUT,1.53,2.68,3.48, 1/2 , 5/8 ,Wood
NC29205,3/4 WALNUT,2.42,4.24,5.51,1, 3/4 ,Wood
NC29213,3/4 GREY WASH,2.42,4.24,5.51,1, 3/4 ,Wood
NC29214,3/4 BLACK ASH,2.42,4.24,5.51,1, 3/4 ,Wood
NC29216,3/4 WHITE WASH,2.42,4.24,5.51,1, 3/4 ,Wood
NC29229,3/4 CEDAR,2.42,4.24,5.51,1, 3/4 ,Wood
NC29275,3/4 HAZELNUT,2.42,4.24,5.51,1, 3/4 ,Wood
NC29405,1 1/2 WALNUT,2.62,4.59,5.96, 1/2 ,1  1/2 ,Wood
NC29413,1 1/2 GREY WASH,2.62,4.59,5.96, 1/2 ,1  1/2 ,Wood
NC29414,1 1/2 BLACK ASH,2.62,4.59,5.96, 1/2 ,1  1/2 ,Wood
NC29416,1 1/2 WHITE WASH,2.62,4.59,5.96, 1/2 ,1  1/2 ,Wood
NC29429,1 1/2 CEDAR,2.62,4.59,5.96, 1/2 ,1  1/2 ,Wood
NC29475,1 1/2 HAZELNUT,2.62,4.59,5.96, 1/2 ,1  1/2 ,Wood
NC29505,1 11/16 WALNUT,3.55,6.21,8.07, 7/8 ,1 11/16,Wood
NC29513,1 11/16 GREY WASH,3.55,6.21,8.07, 7/8 ,1 11/16,Wood
NC29514,1 11/16 BLACK ASH,3.55,6.21,8.07, 7/8 ,1 11/16,Wood
NC29516,1 11/16 WHITE WASH,3.55,6.21,8.07, 7/8 ,1 11/16,Wood
NC29529,1 11/16 CEDAR,3.55,6.21,8.07, 7/8 ,1 11/16,Wood
NC29575,1 11/16 HAZELNUT,3.55,6.21,8.07, 7/8 ,1 11/16,Wood
NC30314,1 3/8 ZEBRAWOOD VENEER,7.24,11.95,15.54,1,1  3/8 ,Wood
NC30324,1 3/8 EBONY VENEER,7.24,11.95,15.54,1,1  3/8 ,Wood
NC31504,1 3/16 MATTE BLACK,5.28,8.44,10.98,1  1/8 ,1  3/16,Wood
NC31549,1 3/16 HAZELNUT,5.28,8.44,10.98,1  1/8 ,1  3/16,Wood
NC31604,1 29/32 MATTE BLACK,6.48,10.37,13.48,13/16,1 29/32,Wood
NC31649,1 29/32 HAZELNUT,6.48,10.37,13.48,69/85,1 29/32,Wood
NC34604,5/8 X1 11/16 DEEP BLACKFLOATER,8.26,13.22,17.19,1 11/16,2,Wood
NC34607,5/8 X1 11/16  ANT WHITEFLOATER,8.26,13.22,17.19,1 11/16,2,Wood
NC34609,5/8 X1 11/16 WALNUT FLOATER,9.12,14.59,18.97,1 11/16,2,Wood
NC34630,5/8 X1 11/16 NATURAL FLOATER,8.26,13.22,17.19,1 11/16, 5/8 ,Wood
NC38109,3/4 EXPRESSO BROWN,4.20,6.94,9.02,1  1/4 , 3/4 ,Wood
NC38309,5/8 ESPRESSO BROWN,3.02,4.98,6.48, 9/16, 5/8 ,Wood
NC38409,1 ESPRESSO BROWN,3.62,5.98,7.77, 9/16,1,Wood
NC38509,1 3/8 ESPRESSO BROWN,4.35,7.18,9.33, 5/8 ,1  3/8 ,Wood
NC40304,3/4 CAST IRON,4.24,7.42,10.02, 5/8 , 3/4 ,Wood
NC40362,3/4 OILED BRONZE,5.53,9.68,13.07, 5/8 , 3/4 ,Wood
NC40562,1 1/2 OILED BRONZE,8.86,15.07,20.34,1,1  1/2 ,Wood
NC40704,2 1/4 CAST IRON,8.85,14.15,19.11, 5/8 ,2  1/4 ,Wood
NC40762,2 1/4 OILED BRONZE,11.03,17.65,23.82, 5/8 ,2  1/4 ,Wood
NC42331,5/8 NATURAL COOL MAPLE,6.21,9.93,12.91,1, 5/8 ,Wood
NC42332,5/8 WHITE WASH WARM MAPLE,5.46,8.74,11.36,1, 5/8 ,Wood
NC42414,3/4 BLACK ASH,5.75,9.20,11.96,1  1/4 , 3/4 ,Wood
NC42431,3/4 NATURAL COOL MAPLE,6.79,10.86,14.12,1  1/4 , 3/4 ,Wood
NC42432,3/4 WHITE WASH WARM MAPLE,7.35,11.76,15.29,1  1/4 , 3/4 ,Wood
NC42631,3/4 NATURAL MAPLE,10.50,16.80,21.84,1  3/4 , 3/4 ,Wood
NC44041,3/4 BLACK GOLD LEAF,6.86,10.98,14.27, 7/8 , 3/4 ,Wood
NC44042,3/4 BLACK SILVER LEAF,6.86,10.98,14.27, 7/8 , 3/4 ,Wood
NC44043,3/4 BLACK BROWN,4.95,7.92,10.30, 7/8 , 3/4 ,Wood
NC44141,1 3/16 BLACK/GOLD LEAF,8.08,12.93,16.81, 9/16,1  3/16,Wood
NC44142,1 3/16 BLACK/SILVER LEAF,8.08,12.93,16.81, 9/16,1  3/16,Wood
NC44143,1 3/16 BLACK/BROWN,7.13,11.42,14.84, 9/16,1  3/16,Wood
NC44541,2 3/8 BLACK/GOLD LEAF,11.94,19.10,24.83, 7/8 ,2  3/8 ,Wood
NC44542,2 3/8 BLACK/SILVER LEAF,11.94,19.10,24.83, 7/8 ,2  3/8 ,Wood
NC44543,2 3/8 BLACK/BROWN,11.16,17.85,23.21, 7/8 ,2  3/8 ,Wood
NC45204,3/4 CHARRED BLACK,3.75,6.37,8.60,13/16, 3/4 ,Wood
NC45207,3/4 COTTAGE WHITE,3.75,6.37,8.60,13/16, 3/4 ,Wood
NC45209,3/4 WEATHERED BROWN,3.75,6.37,8.60,13/16, 3/4 ,Wood
NC45304,1 1/8 CHARRED BLACK,3.49,5.94,8.02, 3/8 ,1  1/8 ,Wood
NC45307,1 1/8 COTTAGE WHITE,3.49,5.94,8.02, 3/8 ,1  1/8 ,Wood
NC45309,1 1/8 WEATHERED BROWN,3.49,5.94,8.02, 3/8 ,1  1/8 ,Wood
NC45404,1 1/4 CHARRED BLACK,5.99,10.48,14.15,1  1/8 ,1  1/4 ,Wood
NC45407,1 1/4 COTTAGE WHITE,5.99,10.48,14.15,1  1/8 ,1  1/4 ,Wood
NC45604,1 7/8 CHARRED BLACK,6.62,10.60,14.31,38/87,1  7/8 ,Wood
NC45607,1 7/8 COTTAGE WHITE,6.62,10.60,14.31,38/87,1  7/8 ,Wood
NC45609,1 7/8 WEATHERED BROWN,6.62,10.60,14.31,38/87,1  7/8 ,Wood
NC46101,5/8 ANTIQUE GOLD LEAF,4.19,6.70,9.04, 1/2 , 5/8 ,Wood
NC46102,5/8 ANTIQUE SILVER LEAF,4.19,6.70,9.04, 1/2 , 5/8 ,Wood
NC46104,5/8 ANTIQUE BLACK,3.22,5.15,6.96, 1/2 , 5/8 ,Wood
NC46111,5/8 BLACK & GOLD LEAF,3.55,5.68,7.67, 1/2 , 5/8 ,Wood
NC46112,5/8 BLACK SILVER LEAF,3.55,5.68,7.67, 3/8 , 5/8 ,Wood
NC46116,5/8 COPPER,3.66,5.85,7.90, 1/2 , 5/8 ,Wood
NC46198,5/8 BLACK VERDIGRIS,3.66,5.85,7.90, 1/2 , 5/8 ,Wood
NC46205,5/8 OXIDIZED COPPER,4.51,7.22,9.75,11/16, 5/8 ,Wood
NC46207,5/8 OXIDIZED GOLD,4.51,7.22,9.75,11/16, 5/8 ,Wood
NC46209,5/8 OXIDIZED SILVER,4.51,7.22,9.75,11/16, 5/8 ,Wood
NC46242,5/8 OXIDIZED BLACK,3.93,6.29,8.49,11/16, 5/8 ,Wood
NC46307,5/8 OXIDIZED GOLD W/BEAD,4.77,7.63,10.30, 1/2 , 5/8 ,Wood
NC46309,5/8 OXIDIZED SILVER W/BEAD,4.77,7.63,10.30, 1/2 , 5/8 ,Wood
NC46342,5/8 OXIDIZED BLACK W/BEAD,4.11,6.58,8.88, 1/2 , 5/8 ,Wood
NC46501,9/16 ANTIQUE GOLD,3.53,5.65,7.63, 3/8 , 9/16,Wood
NC46502,9/16 ANTIQUE SILVER,3.53,5.65,7.63, 3/8 , 9/16,Wood
NC46504,9/16 ANTIQUE BLACK,3.13,5.01,6.76, 3/8 , 9/16,Wood
NC46601,3/4 ANTIQUE GOLD LEAF,3.69,5.91,7.98, 3/8 , 3/4 ,Wood
NC46671,3/4 BROWN & GOLD LEAF,3.69,5.91,7.98, 3/8 , 3/4 ,Wood
NC58404,1 3/4 BLACK,3.59,5.74,7.46,11/16,1  3/4 ,Wood
NC58409,1 3/4 DARK WALNUT,3.84,6.14,7.99,11/16,1  3/4 ,Wood
NC58435,1 3/4 OAK,3.59,5.74,7.46,11/16,1  3/4 ,Wood
NC58485,1 3/4 ROSEWOOD,3.84,6.14,7.99,11/16,1  3/4 ,Wood
NC59704,3 BLACK OLSO,6.24,9.99,12.98, 5/8 ,3,Wood
NC61903,1 3/4 COCOA BROWN,7.17,11.47,14.92, 5/8 ,1  3/4 ,Wood
NC61941,1 3/4 GOLD LEAF,8.85,14.15,18.40, 5/8 ,1  3/4 ,Wood
NC61942,1 3/4 SILVER LEAF,8.85,14.15,18.40, 5/8 ,1  3/4 ,Wood
NC61943,1 3/4 BLACK/BROWN,6.83,10.92,14.20, 5/8 ,1  3/4 ,Wood
NC62104,3/4 ANTIQUE BLACK,4.19,6.91,8.98,1  1/4 , 3/4 ,Wood
NC62304,5/8 ANTIQUE BLACK,3.02,4.83,6.28, 5/16, 5/8 ,Wood
NC62404,1 ANTIQUE BLACK,3.62,5.79,7.53, 9/16,1,Wood
NC62504,1 3/8 ANTIQUE BLACK,4.35,6.96,9.05, 5/8 ,1  3/8 ,Wood
NC62603,1 3/16 COCOA BROWN,6.42,10.28,13.36, 5/8 ,1  3/16,Wood
NC62641,1 3/16 BLACK/GOLD,6.79,10.86,14.12, 5/8 ,1  3/16,Wood
NC62642,1 3/16 BLACK/SILVER,6.79,10.86,14.12, 5/8 ,1  3/16,Wood
NC62643,1 3/16 BLACK/BROWN,6.42,10.33,13.36, 5/8 ,1  3/16,Wood
NC62703,1 3/8 COCOA BROWN,7.23,11.56,15.03, 5/8 ,1  3/8 ,Wood
NC62741,1 3/8 BLACK/GOLD,7.61,12.17,15.82, 5/8 ,1  3/8 ,Wood
NC62742,1 3/8 BLACK/SILVER,7.61,12.17,15.82, 5/8 ,1  3/8 ,Wood
NC62743,1 3/8 BLACK BROWN,7.24,11.59,15.07, 5/8 ,1  3/8 ,Wood
NC62803,2 1/2 COCOA BROWN,11.28,18.05,23.47, 5/8 ,2  1/2 ,Wood
NC62841,2 1/2 BLACK/GOLD,11.74,18.78,24.42, 5/8 ,2  1/2 ,Wood
NC62842,2 1/2 BLACK/SILVER,11.74,18.78,24.42, 5/8 ,2  1/2 ,Wood
NC62843,2 1/2 BLACK/BROWN,10.48,16.77,21.81, 5/8 ,2  1/2 ,Wood
NC62903,2 1/2 COCOA BROWN,11.28,18.05,23.47, 5/8 ,2  1/2 ,Wood
NC62943,2 1/2 BLACK/BROWN,11.32,18.11,23.55, 5/8 ,2  1/2 ,Wood
NC65041,2 7/8 BLACK & GOLD,14.51,23.21,30.17, 5/8 ,2  7/8 ,Wood
NC65043,2 7/8 BLACK BROWN,11.01,17.62,22.90, 5/8 ,2  7/8 ,Wood
NC65103,1 3/4 COCOA BROWN,7.23,11.56,15.03, 3/4 ,1  3/4 ,Wood
NC65141,1 3/4 BLACK & GOLD,10.14,16.22,21.09, 3/4 ,1  3/4 ,Wood
NC65142,1 3/4 BLACK & SILVER,10.17,16.28,21.16, 3/4 ,1  3/4 ,Wood
NC65143,1 3/4 BLACK & BROWN,7.23,11.56,15.03, 3/4 ,1  3/4 ,Wood
NC65201,1 STERLING SILVER,8.55,13.69,17.79, 5/8 ,1,Wood
NC65202,1 GOLD,8.55,13.69,17.79, 5/8 ,1,Wood
NC65204,1 MIDNIGHT BLK(SEE NOTES),6.04,9.67,12.57, 5/8 ,1,Wood
NC65206,1 AGED BRASS,8.55,13.69,17.79, 5/8 ,1,Wood
NC65207,1 PEWTER,8.55,13.69,17.79, 5/8 ,1,Wood
NC65214,1 MATTE BLACK,8.55,13.69,17.79, 5/8 ,1,Wood
NC65243,1 EBONY,8.55,13.69,17.79, 5/8 ,1,Wood
NC65301,1 3/4 STERLING SILVER,12.92,20.68,26.88,13/16,1  3/4 ,Wood
NC65302,1 3/4 GOLD,12.92,20.68,26.88,13/16,1  3/4 ,Wood
NC65304,1 3/4 MIDNIGHT BLACK,10.16,16.25,21.12,13/16,1  3/4 ,Wood
NC65306,1 3/4 AGED BRASS,12.92,20.68,26.88,13/16,1  3/4 ,Wood
NC65307,1 3/4 PEWTER,12.92,20.68,26.88,13/16,1  3/4 ,Wood
NC65314,1 3/4 MATTE BLACK,12.92,20.68,26.88,13/16,1  3/4 ,Wood
NC65343,1 3/4 EBONY,12.92,20.68,26.88,13/16,1  3/4 ,Wood
NC65401,2 3/4 STERLING SILVER,16.98,27.17,35.32, 5/8 ,2  3/4 ,Wood
NC65402,2 3/4 GOLD,16.98,27.17,35.32, 5/8 ,2  3/4 ,Wood
NC65404,2 3/4 MIDNIGHT BLACK,12.27,19.63,25.51, 5/8 ,2  3/4 ,Wood
NC65406,2 15/16 AGED BRASS,16.98,27.17,35.32, 5/8 ,2 15/16,Wood
NC65407,2 3/4 PEWTER,16.98,27.17,35.32, 5/8 ,2  3/4 ,Wood
NC65414,2 3/4 MATTE BLACK,16.98,27.17,35.32, 5/8 ,1  3/4 ,Wood
NC65443,2 15/16 EBONY,16.98,27.17,35.32, 5/8 ,2 15/16,Wood
NC72501,1/4 X 1 DEEP  ANT GOLD FLOATER,6.57,10.51,13.67,1,1  3/4 ,Wood
NC72502,1/4 X 1 ANT SILV LEAF FLOATER,6.57,10.51,13.67,1,1  3/4 ,Wood
NC72504,1/4 X 1 ANT BLACK FLOATER,6.17,9.87,12.83,1,1  3/4 ,Wood
NC73101,5/16 X 1 3/4 ANTI GOLD FLOATER,15.20,22.80,29.64,1  5/16,1  3/4 ,Wood
NC73201,1/2 X 1 1/2 ANT GOLD FLOATER,19.64,31.42,40.85,1  1/2 ,2,Wood
NC73202,1/2 X 1 1/2 ANT SILVER FLOATER,19.64,31.42,40.85,1  1/2 ,2,Wood
NC73311,1 7/16 BLACK/GOLD,7.23,11.56,15.03, 5/8 ,1  7/16,Wood
NC73404,2 ANTIQUE BLACK,7.46,11.94,15.52, 5/8 ,2,Wood
NC73411,2 BLACK GOLD,8.34,13.34,17.34, 5/8 ,2,Wood
NC73701,3/4 CAP ANTIQUE GOLD,5.88,9.41,12.23,1, 3/4 ,Wood
NC73702,3/4 ANTIQUE SILVER CAP,5.88,9.41,12.23,1, 3/4 ,Wood
NC73704,3/4 CAP ANTIQUE BLACK,5.26,8.42,10.94,1, 3/4 ,Wood
NC73804,1 3/16 FLAT CAP ANTIQUE BLACK,5.99,9.58,12.45, 5/8 ,1  3/16,Wood
NC85741,3/4 BLACK GOLD,6.02,9.64,12.53, 1/2 , 3/4 ,Wood
NC85744,3/4 BROWN GOLD,6.02,9.64,12.53, 1/2 , 3/4 ,Wood
NC85841,1 1/4 BLACK GOLD,7.46,11.94,15.52, 5/8 ,1  1/4 ,Wood
NC85844,1 1/4 BROWN GOLD,7.46,11.94,15.52, 5/8 ,1  1/4 ,Wood
NC85941,2 1/8 BLACK GOLD,10.30,16.48,21.43, 5/8 ,2  1/8 ,Wood
NC85944,2 1/8 BROWN GOLD,10.30,16.48,21.43,,2  1/8 ,Wood
NC86041,1 3/4 BLACK GOLD,12.61,20.18,26.23, 3/8 ,1  3/4 ,Wood
NC86044,1 3/4 BROWN GOLD,12.61,20.18,26.23, 3/8 ,1  3/4 ,Wood
NC86141,2 BLACK GOLD,13.87,22.19,28.85, 3/8 ,2  1/8 ,Wood
NC86144,2 BROWN GOLD,13.87,22.19,28.85, 3/8 ,2  1/8 ,Wood
NC86241,1 3/8 BLACK GOLD,10.01,16.02,20.82, 1/2 ,1  3/8 ,Wood
NC86244,1 3/8 BROWN GOLD,10.01,16.02,20.82, 1/2 ,1  3/8 ,Wood
NC87101,3/4 GOLD LEAF,5.99,9.88,13.34, 3/8 , 3/4 ,Wood
NC87102,3/4 SILVER LEAF,5.99,9.88,13.34, 3/8 , 3/4 ,Wood
NC87104,3/4 BLACK,3.73,6.34,8.56, 3/8 , 3/4 ,Wood
NC87109,3/4 BROWN,3.73,6.34,8.56, 3/8 , 3/4 ,Wood
NC87201,1 GOLD LEAF BEAD,6.97,11.50,15.53, 3/8 ,1,Wood
NC87202,1 SILVER LEAF BEAD,6.97,11.50,15.53, 3/8 ,1,Wood
NC87204,1 BLACK BEAD,6.93,11.44,15.45, 3/8 ,1,Wood
NC87209,1 BROWN BEAD,6.93,11.44,15.45, 3/8 ,1,Wood
NC87501,2 GOLD LEAF,12.90,20.65,27.87, 5/8 ,2,Wood
NC87502,2 SILVER LEAF,12.90,20.65,27.87, 5/8 ,2,Wood
NC87504,2 BLACK,9.06,14.50,19.58, 5/8 ,2,Wood
NC87509,2 BROWN,9.06,14.50,19.58, 5/8 ,2,Wood
NC93809,2 5/16 CARBON HYGGE,10.61,18.04,24.35, 3/4 ,2  5/16,Wood
NC93817,2 5/16 NATURAL  HYGGE,10.61,18.04,24.35, 3/4 ,2  5/16,Wood
NC93823,2 5/16 DOVE GREY HYGGE,10.61,18.04,24.35, 3/4 ,2  5/16,Wood
NC93827,2 5/16 WALNUT HYGGE,10.61,18.04,24.35, 3/4 ,2  5/16,Wood
NC93831,2 5/16 DRIFTWOOD HYGGE,10.61,18.04,24.35, 3/4 ,2  5/16,Wood
NC93909,1 CARBON HYGGE,6.24,10.61,14.33,27/40,1,Wood
NC93917,1 NATURAL HYGGE,6.24,10.61,14.33,27/40,1,Wood
NC93923,1 DOVE GREY HYGGE,6.24,10.61,14.33,27/40,1,Wood
NC93927,1 WALNUT HYGGE,6.24,10.61,14.33,27/40,1,Wood
NC93931,1 DRIFTWOOD HYGGE,6.24,10.61,14.33,27/40,1,Wood
NC94009,2 3/16 CARBON HYGGE,9.59,16.31,22.01,11/16,2  3/16,Wood
NC94017,2 3/16 NATURAL HYGGE,9.59,16.31,22.01,11/16,2  3/16,Wood
NC94023,2 3/16 DOVE GREY HYGGE,9.59,16.31,22.01,11/16,2  3/16,Wood
NC94027,2 3/16 WALNUT HYGGE,9.59,16.31,22.01,11/16,2  3/16,Wood
NC94031,2 3/16 DRIFTWOOD HYGGE,9.59,16.31,22.01,11/16,2  3/16,Wood
NC95004,1 7/16 BLACK,3.24,5.18,6.74, 1/2 , 7/16,Wood
NC95104,7/8 BLACK,2.77,4.43,5.75, 5/8 , 7/8 ,Wood
NC95604,1 9/16 BLACK,3.44,5.50,7.15, 1/2 ,1  9/16,Wood
NC96604,2 BLACK,5.93,9.49,12.34,13/16,2,Wood
NC96904,3/4 BLACK,2.33,3.73,4.85, 3/8 , 3/4 ,Wood
NC97101,3/4 ANTIQUE GOLD PALLADIO,6.32,10.10,13.14, 5/8 , 3/4 ,Wood
NC97102,3/4 ANTIQUE SILVER PALLADIO,6.32,10.10,13.14, 5/8 , 3/4 ,Wood
NC97132,3/4 WEDGE BLUE/SIL LEAF PALLA,6.32,10.10,13.14, 5/8 , 3/4 ,Wood
NC97141,3/4 ESPRESSO/GLD LEAF PALLADIO,6.32,10.10,13.14, 5/8 , 3/4 ,Wood
NC97142,3/4 GRAPHITE/SIL LEAF PALLADIO,6.32,10.10,13.14, 5/8 , 3/4 ,Wood
NC97181,3/4 EVERGR/GOLD LEAF PALLADIO,6.32,10.10,13.14, 5/8 , 3/4 ,Wood
NC97191,3/4 ROSEWOOD/GLD LEAF PALLADIO,6.32,10.10,13.14, 5/8 , 3/4 ,Wood
NC97201,1 1/2 ANTIQUE GOLD PALLADIO,9.46,15.14,19.69, 3/4 ,1  1/2 ,Wood
NC97202,1 1/2 ANTIQUE SILVER PALLADIO,9.46,15.14,19.69, 3/4 ,1  1/2 ,Wood
NC97232,1 1/2 WEDGE BLUE/SIL LEAF PALL,9.46,15.14,19.69, 3/4 ,1  1/2 ,Wood
NC97241,1 1/2 ESPRES/GLD LEAF PALLADIO,9.46,15.14,19.69, 3/4 ,1  1/2 ,Wood
NC97242,1 1/2 GRAP/SIL LEAF PALLADIO,9.52,15.23,19.80, 3/4 ,1  1/2 ,Wood
NC97281,1 1/2 EVERGR/GLD LEAF PALLADIO,9.52,15.23,19.80, 3/4 ,1  1/2 ,Wood
NC97301,2 3/4 ANTIQUE GOLD PALLADIO,14.85,23.76,30.89, 3/4 ,2  3/4 ,Wood
NC97302,2 3/4 ANTIQUE SILVER PALLADIO,14.85,23.76,30.89, 3/4 ,2  3/4 ,Wood
NC97341,2 3/4 ESPRES/GLD LEAF PALLADIO,14.85,23.76,30.89, 3/4 ,2  3/4 ,Wood
641-2011,1 1/4 WHITE UNAGI,3.32,6.47,8.40,,1  1/4 ,Wood
V108,"7/8"" RAINBOW NAVY BLUE",1.85,3.61,4.69,, 7/8 ,Wood