Item,Description,Price,FortybySixty
CX,WHITE MOUNT BOARD 32 X 40,6.42,
C3X,WHITE DOUBLE THICK 32X40,11.85,
CAF3X,ACID FREE DOUBLE TH MOUNT 32 X 40,12.01,
C11W,ACID FREE NEEDLEWORK BOARD 32 X 40,17.52,
C132,FLAW BOARD 32X40,2.93,
C141,FLAW BOARD 40 X 60,9.07,
C1100,ARCHIVAL MIST MUSEUM 32 X 40,32.96,
C1101,NEUTRAL GRAY MUSEUM 32 X 40,32.96,
C1102,VINTAGE GRAY MUSEUM 32 X 40,32.96,
C1104,ANTIQUE TAN MUSEUM 32 X 40,36.39,
C1105,DESERT SAND MUSEUM 32 X 40,32.96,
C1106,ANTIQUE GRAY MUSEUM 32 X 40,32.96,
C1112,SOFT WHITE MUSEUM 32 X 40,31.18,
C1114,ALMOND MUSEUM 32 X 40,32.96,
C1115,BLACK MUSEUM 32 X 40,42.57,
C1117,GRAY MUSEUM 32 X 40,32.96,
C1121,INVERNESS MUSEM 32 X 40,32.96,
C1122,STRATFORD MUSEUM 32 X 40,32.96,
C1123,NEW CASTLE MUSEUM 32 X 40,42.57,
C1125,SHETLAND MUSEUM 32 X 40,32.96,
C1126,SAND DOLLAR MUSEUM SOLID 32 X 40,31.18,
C1127,SPROUT MUSEUM SOLID 32 X 40,32.96,
C1128,SHORELINE MUSEUM SOLID 32 X 40,32.96,
C1129,BLUFF MUSEUM SOLID 32 X 40,32.96,
C1133,BRIAR MUSEUM SOLID 32 X 40,32.96,
C1136,LOAM MUSEUM SOLID 32 X 40,42.57,
C1137,FIELDSTONE MUSEUM SOLID 32 X 40,42.57,
C1150,WHITE 2 PLY MUSEUM 32 X 40,13.61,
C1152,CREAM 2 PLY MUSEUM 32 X 40,13.61,
C1153,WHITE MUSEUM 32 X 40,24.12,
C1157,ANTIQUE WHITE 2 PLY MUSEUM 32 X 40,13.61,
C1159,ANTIQUE WHITE MUSEUM 32 X 40,23.64,
C1170,COOL WHITE RAG SOLID 32 X 40,31.18,
C1171,SILK RAG SOLID 32 X 40,31.18,
C1173,SOFT CREAM RAG SOLID 32 X 40,32.96,
C1174,BEIGE RAG SOLID 32 X 40,32.96,
C1175,CLAY RAG SOLID 32 X 40,32.96,
C1176,SUNTAN RAG SOLID 32 X 40,32.96,
C1177,BROWNSTONE RAG SOLID 32 X 40,42.57,
C1184,SABLE RAG SOLID 32 X 40,42.57,
C1186,COOL GRAY 32 X 40,32.98,
C1187,ESSENTIAL GRAY 32 X 40,36.39,
C1188,WINTER WHITE RAG/MUS/SOLID 32 X 40,31.18,
C1189,SANGUINE RAGMAT SOLID MUS. 32 X 40,42.59,
C12058,MOSAIC BLUE 32 X 40,18.11,
C12087,BRIGHTEST WHITE 32 X 40,18.11,
C12091,CHARTREUSE 32 X 40,18.11,
C12094,ULTRA VIOLET 32 X 40,18.11,
C1515,WHITE BARRIER PAPER .015 32 X 40,7.3,
C1530,WHITE/ANTIQUE WHITE MUSEUM 32 X 40,26.63,
C1531,OFF WHITE/CREAM MUSEUM 32 X 40,26.63,
C1536,WHITE 6 PLY MUSEUM 32 X 40,52.55,
C2238,WHITE 8 PLY. MUSEUM 32 X 40,69.84,
C2239,8 PLY ANTIQUE WHITE MUSEUM 32 X 40,69.84,
C2253,CLASSIC RAG WHITE 32 X 40,31.18,
C2255,CLASSIC RAG CREAM 32 X 40,32.96,
C2259,CLASSIC RAG ANTIQUE WHITE 32 X 40,31.18,
C2296,UNBUFFERED OPTIC BLACK MUS. 32 X 40,42.57,
C2297,ARCH. PHOTO MOUNT CREAM 32 X 40,32.96,
C2298,ARCH. PHOTO MOUNT ANT. W. 32 X 40,31.18,
C2299,ARCHIVAL PHOTO MOUNT 32 X 40,31.18,
C5400,BRUSHED BRASS ETCHED METAL/SEL32X40,21.01,
C5402,GUNMETAL ETCHED METALS SELECT 32X40,21.01,
C5403,OIL-RUBBED BRONZE/ETCH/MET/SEL32X40,21.01,
C5501,BROOK SUEDE 32 X 40 BT,51.63,
C5512,CLEMENTINE SUEDE 32 X 40 BT,51.63,
C5515,THICKET SUEDE 32 X 40 BT,51.63,
C5533,VINTAGE WHITE 32 X 40 BT,62.66,
C5539,CREAM JUTE 32 X 40 BT,66.01,
C5540,BARNWOOD JUTE 32 X 40 BT,66.01,
C5542,BLACK JUTE 32 X 40 BT,66.01,
C5559,BRITISH TAN 32 X 40 BT,90.59,
C5561,SAHARA SAND 32 X 40 BT,90.59,
C5579,ETCHED BLACK 32 X 40,28.47,
C5598,ETCHED BLACK 32 X 40,21.01,
C5632,WARM WHITE 32 X 40 BT,90.59,
C5636,PURPLE TORCH SUEDE 32 X 40 BT,51.63,
C5638,TILE BLUE SUEDE 32 X 40 BT,51.63,
C5647,CARNATION 32 X 40,18.11,
C5648,PEONY 32 X 40,18.11,
C5651,BLUEBIRD 32 X 40,18.11,
C5654,NATURAL JUTE 32 X 40 BT,66.01,
C5657,MOONLIT SAND 32 X 40 BT,52.45,
C5658,BRONZED SAND 32 X 40 BT,52.45,
C5698,SILVER SAND 32 X 40 BT,52.45,
C5699,GRAPHITE SAND 32 X 40 BT,52.45,
C5660,WHITE SHIMMER 32 X 40 BT,57.3,
C5661,IVORY SHIMMER 32 X 40 BT,57.3,
C5700,VIVID WHITE CON. SOLIDS 32 X 40,23.86,
C5701,ARTIC WHITE CON. SOLIDS 32 X 40,23.86,
C5702,WHITE CONSERVATION SOLIDS 32 X 40,23.86,
C5703,ANTIQUE WHITE CON. SOLIDS 32 X 40,23.86,
C5704,CREAM CONSERVATION SOLID 32 X 40,23.86,
C5705,BUFF CONSERV. SOLIDS 32X40,23.86,
C5706,TAN CONSERVATION SOLIDS 32 X 40,23.86,
C5708,DARK BROWN CONSERVATION SOLIDS32X40,26.99,
C5709,GRAY CONSERVATION SOLIDS 32 X 40,26.99,
C5710,DARK GRAY CONSERVATION SOLIDS 32X40,30.54,
C5711,DEEP BLACK CONSERVATION SOLIDS32X40,26.99,
C5712,CLOUD GRAY 32 X 40,23.86,
C5713,NEUTRAL GRAY 32 X 40,30.54,
C5714,CLASSIC GRAY 32 X 40,26.99,
C5851,GOLDEN SHIMMER 32 X 40 BTEND,57.3,
C5852,SILVER SHIMMER 32 X 40 BT,57.3,
C5853,EBONY SHIMMER 32 X 40 BT,57.3,
C7100,MOUTARDE SUEDE 32 X 40,61.47,
C7101,PERLE SUEDE 32 X 40,61.47,
C7102,DUNE SUEDE 32 X 40,61.47,
C7104,CHAMOIS SUEDE 32 X 40,61.47,
C7105,DARK RUST SUEDE 32 X 40,61.47,
C7106,ANTELOPE SUEDE 32 X 40,61.47,
C7109,TAUPE SUEDE 32 X 40,61.47,
C7111,SHAMROCK GREEN SUEDE 32 X 40,61.47,
C7112,BORDEAUX SUEDE 32 X 40,61.47,
C7113,MARINE BLUE SUEDE 32 X 40,61.47,
C7114,CARBON BLACK SUEDE 32 X 40,61.47,
C7115,MOKA SUEDE 32 X 40,61.47,
C7116,CHINESE RED SUEDE 32 X 40,61.47,
C7120,POLARIS SUEDE 32 X 40,61.47,
C7127,MILKWEED SUEDE 32 X 40,61.47,
C7128,OFF WHITE SUEDE 32 X 40,61.47,
C7132,WHISPER SUEDE 32 X 40,61.47,
C7133,DUSTY GREEN SUEDE 32 X 40,61.47,
C7134,ASPARAGUS SUEDE 32 X 40,61.47,
C7135,PINE GREEN SUEDE 32 X 40,61.47,
C7136,LE BEIGE SUEDE 32 X 40,61.47,
C7139,ANTHRACITE SUEDE 32 X 40,61.47,
C7140,WEESP BLUE SUEDE 32 X 40,61.47,
C7141,PLATINUM SUEDE 32 X 40,61.47,
C7155,WILDGRASS SUEDE 32 X 40,61.47,
C7156,SUMMER SKY SUEDE 32 X 40,61.47,
C7157,CATTAIL SUEDE 32 X 40,61.47,
C7158,STORM GRAY SUEDE 32 X 40,61.47,
C7159,COTTAGE STONE SUEDE 32 X 40,61.47,
C7160,EMBER SUEDE 32 X 40,61.47,
C7162,REED SUEDE 32 X 40,61.47,
C7163,RATTAN SUEDE 32 X 40,61.47,
C7164,MEADOW SUEDE 32 X 40,61.47,
C7165,EVERGREEN SUEDE 32 X 40,61.47,
C7166,NAVY SUEDE 32 X 40,61.47,
C7167,BOULDER SUEDE 32 X 40,61.47,
C7168,GRAPHITE SUEDE 32 X 40,61.47,
C7180,WHITE SUEDE 32 X 40,61.47,
C7181,SUNSET SUEDE 32 X 40,61.47,
C7182,BRONZE SUEDE 32 X 40,61.47,
C7183,MOCCASIN SUEDE 32 X 40,61.47,
C7184,CINNAMON SUEDE 32 X 40,61.47,
C7185,CHAMBORD SUEDE 32 X 40,61.47,
C7186,FRENCH LAVENDER SUEDE 32 X 40,61.47,
C7187,CELESTIAL SUEDE 32 X 40,61.47,
C7188,MERCURY SUEDE 32 X 40,61.47,
C7190,OLIVE SUEDE 32 X 40,61.47,
C7191,PFALZGRAFF SUEDE 32 X 40,61.47,
C7193,TUMBLEWEED SUEDE 32 X 40,61.47,
C7194,GARNET SUEDE 32 X 40,61.47,
C7195,SAPPHIRE SUEDE 32 X 40,61.47,
C7196,TEAL SUEDE 32 X 40,61.47,
C7199,SPRUCE SUEDE 32 X 40,61.47,
C7310,ICICLE SHIMMER WOVEN 32 X 40,122.99,
C7311,GOLDEN MOON SHIMMER WOVEN 32 X 40,122.99,
C7312,MINT JULEP SHIMMER WOVEN 32 X 40,122.99,
C7313,PRALINE SHIMMER WOVEN 32 X 40,122.99,
C7314,STARDUST SHIMMER WOVEN 32 X 40,122.99,
C7315,BLUE GALAXY SHIMMER WOVEN 32 X 40,122.99,
C7501,VINK TWEED LINEN 32 X 40,52.99,
C7513,FOREST GREEN LINEN 32 X 40,52.99,
C7519,WHITE LINEN 32 X 40,52.99,
C7520,MEDIUM GRAY LINEN 32 X 40,52.99,
C7521,BLUE GRAY LINEN 32 X 40,52.99,
C7522,BLACK LINEN 32 X 40,52.99,
C7526,CREAM LINEN 32 X 40,52.99,
C7531,LIGHT GRAY LINEN 32 X 40,52.99,
C7533,MEDIUM BLUE LINEN 32 X 40,52.99,
C7536,BLUE GREEN LINEN 32 X 40,52.99,
C7537,LIGHT MOSS LINEN 32 X 40,52.99,
C7540,LIGHT BIEGE LINEN 32 X 40,52.99,
C7541,SILVER GRAY LINEN 32 X 40,52.99,
C7542,RED CARPET LINENS 32 X 40,52.99,
C7548,TRUE BLUE LINENS 32 X 40,52.99,
C7549,JASPER BROWN LINENS 32 X 40,52.99,
C7550,SMOKEY HILL LINEN 32 X 40,52.99,
C7551,FLAX LINEN 32 X 40,52.99,
C7553,EDELWEISS LINEN 32 X 40,52.99,
C7554,NORTH SEA LINEN 32 X 40,52.99,
C7556,DUTCH CHOCOLATE LINENS 32 X 40,52.99,
C7557,TOPIARY LINENS 32 X 40,52.99,
C7560,BASQUE LINEN 32 X 40,52.99,
C7564,MAROON LINEN 32 X 40,52.99,
C7565,VINTAGE RUBY LINEN 32 X 40,52.99,
C7566,AMETHYST LINEN 32 X 40,52.99,
C7567,ULTRAMARINE BLUE LINEN 32 X 40,52.99,
C7569,LODEN GREEN LINEN 32 X 40,52.99,
C7572,WORN GRAY LINENS 32 X 40,52.99,
C7543,DARK MAUVE LINEN 32 X 40,52.99,
C7580,BURGUNDY LINEN 32 X 40,52.99,
C7581,JEWEL BLUE LINEN 32 X 40,52.99,
C7582,LOTUS PACIFIC LINENS 32 X40,52.99,
C7583,SCROLL PACIFIC LINEN 32 X 40,52.99,
C7584,HAVANA LINEN 32 X 40,52.99,
C7586,SUMI PACIFIC LINEN 32 X 40,52.99,
C7588,KHAKI LINEN 32 X 40,52.99,
C7597,OFF WHITE LINEN 32 X 40,52.99,
C7700,WARM WHITE NATURAL LINENS 32 X 40,72.36,
C7701,CANVAS NATURAL LINENS 32 X 40,72.36,
C7702,PARCHMENT NATURAL LINENS 32 X 40,72.36,
C7703,WILLOW NATURAL LINENS 32 X 40,72.36,
C7704,LAGOON NATURAL LINENS 32 X 40,72.36,
C7705,STONE NATURAL LINENS 32 X 40,72.36,
C7706,HARVEST NATURAL LINENS 32 X 40,72.36,
C7707,MIDNIGHT NATURAL LINENS 32 X 40,72.36,
C7801,ANTIQUE WHITE SILK 32 X 40,65.84,
C9500,WHITE GLOVE 32 X 40,18.11,
C9501,WHITE COLLAR 32 X 40,18.11,
C9502,WHITE SALE 32 X 40,18.11,
C9503,WHITE HOT 32 X 40,18.11,
C9504,WHITE LIE 32 X 40,18.11,
C9505,WHITE WASH 32 X 40,18.11,
C9506,EGG WHITE 32 X 40,18.11,
C9507,WHITE ELEPHANT 32 X 40,18.11,
C9508,WHITE SANDS 32 X 40,18.11,
C9509,HALF & HALF 32 X 40,18.11,
C9510,FROTH 32 X 40,18.11,
C9511,FOSSIL 32 X 40,18.11,
C9512,MUMMY 32 X 40,18.11,
C9513,SAND TRAP 32 X 40,18.11,
C9514,TOASTY 32 X 40,18.11,
C9515,WET SAND 32 X 40,18.11,
C9516,TUSK 32 X 40,18.11,
C9518,SUMMER 32 X 40,18.11,
C9519,CURRY 32 X 40,18.11,
C9520,HAYSTACK 32 X 40,18.11,
C9521,GOLD RUSH 32 X 40,18.11,
C9522,OLEO 32 X 40,18.11,
C9523,OMELET 32 X 40,18.11,
C9525,SAGE ADVISE 32 X 40,18.11,
C9526,PICKLE 32 X 40,18.11,
C9527,WISE GREEN 32 X 40,18.11,
C9530,HEDGE HOG 32 X 40,18.11,
C9531,SPINACH 32 X 40,18.11,
C9533,BONSAI 32 X 40,18.11,
C9535,TURF 32 X 40,18.11,
C9536,FROND 32 X 40,18.11,
C9537,ENVY 32 X 40,18.11,
C9538,DEEP WOODS 32 X 40,18.11,
C9539,RIPTIDE 32 X 40,18.11,
C9542,BLUE MONDAY 32 X 40,18.11,
C9544,CHICAGO BLUES 32 X 40,18.11,
C9545,GLACIER 32 X 40,18.11,
C9546,BLUE SATIN 32 X 40,18.11,
C9547,IN A FOG 32 X 40,18.11,
C9548,BLUE LILAC 32 X 40,18.11,
C9549,INLET 32 X 40,18.11,
C9550,CABANA 32 X 40,18.11,
C9551,BLUE WAVE 32 X 40,18.11,
C9552,NYPD 32 X 40,18.11,
C9553,MOODY BLUE 32 X 40,18.11,
C9554,PHARAOH 32 X 40,18.11,
C9555,STEEL DRUM 32 X 40,18.11,
C9556,TEMPEST 32 X 40,18.11,
C9557,PIGEON 32 X 40,18.11,
C9558,GEODE 32 X 40,18.11,
C9560,EASTER EGG 32 X 40,18.11,
C9562,GRAPE JELLY 32 X 40,18.11,
C9564,PURPLE MOUNTAIN 32 X 40,18.11,
C9565,QUARRY 32 X 40,18.11,
C9567,COTTON CANDY 32 X 40,18.11,
C9570,SUSHI 32 X 40,18.11,
C9571,BANDAGE 32 X 40,18.11,
C9574,MAROONED 32 X 40,18.11,
C9576,VALENTINE 32 X 40,18.11,
C9579,MUDSLIDE 32 X 40,18.11,
C9581,HOT SAUCE 32 X 40,18.11,
C9584,CATCHER'S MITT 32 X 40,18.11,
C9585,ROOT BEER 32 X 40,18.11,
C9586,BROWN SUGAR 32 X 40,18.11,
C9587,MILK CHOCOLATE 32 X 40,18.11,
C9590,FRESH BREW 32 X 40,18.11,
C9591,TOP SOIL 32 X 40,18.11,
C9592,BLIZZARD 32 X 40,18.11,
C9593,GRAVEL ROAD 32 X 40,18.11,
C9594,CONCRETE 32 X 40,18.11,
C9595,URBAN 32 X 40,18.11,
C9596,CUBICLE 32 X 40,18.11,
C9597,FIELD MOUSE 32 X 40,18.11,
C9598,BEFORE DARK 32 X 40,18.11,
C9599,AFTER DARK 32 X 40,18.11,
C9600,BATTER 32 X 40,18.11,
C9601,SANDPAPER 32 X 40,18.11,
C9602,GUACAMOLE 32 X 40,18.11,
C9603,UNDERBRUSH 32 X 40,18.11,
C9604,BLARNEY 32 X 40,18.11,
C9605,TEALY DAN 32 X 40,18.11,
C9606,JAWS 32 X 40,18.11,
C9607,BLUE CHIP 32 X 40,18.11,
C9608,SWEET TART 32 X 40,18.11,
C9610,CODE RED 32 X 40,18.11,
C9611,PEAT MOSS 32 X 40,18.11,
C9612,FUZZ 32 X 40,18.11,
C9613,SUPER WHITE 32 X 40,18.11,
C9614,GLOW 32 X 40,18.11,
C9615,CREAM PUFF 32 X 40,18.11,
C9616,HONEY WHEAT 32 X 40,18.11,
C9618,TATER 32 X 40,18.11,
C9621,BUD 32 X 40,18.11,
C9624,SCRUBS 32 X 40,18.11,
C9625,BLUE MOON 32 X 40,18.11,
C9627,INK SPOT 32 X 40,18.11,
C9629,RHINO 32 X 40,18.11,
C9630,METEORITE 32 X 40,18.11,
C9631,COAL MINE 32 X 40,18.11,
C9632,BLACK BELT 32 X 40,18.11,
C9633,MORNING 32 X 40,18.11,
C9634,CLOUDBURST 32 X 40,18.11,
C9635,NIGHTFALL 32 X 40,18.11,
C9735,DENALI 32 X 40 BT,27.27,
C9736,SAND DUNE 32 X 40 BT,27.27,
C9737,GOBI 32 X 40 BT,27.27,
C9739,MESA 32 X 40 BT,27.27,
C9744,GOLF BALL 32 X 40 BT,31.48,
C9747,COPPER 32 X 40,21.01,
C9749,ROSE PLATINUM 32 X 40,21.01,
C9800,BAKER'S WHITE 32 X 40,18.11,
C9801,CHALK 32 X 40,18.11,
C9802,WHITE ART 32 X 40,18.11,
C9804,PURE WHITE 32 X 40,18.11,
C9805,COCONUT MILK 32 X 40,18.11,
C9806,DOVE 32 X 40,18.11,
C9807,OFF WHITE 32 X 40,18.11,
C9808,IVORY ART 32 X 40,18.11,
C9809,TWILIGHT 32 X 40,18.11,
C9810,TAWNY 32 X 40,18.11,
C9811,PUTTY 32 X 40,18.11,
C9812,OLD IVORY 32 X 40,18.11,
C9813,SANDSTONE 32 X 40,18.11,
C9814,AUTUMN GOLD 32 X 40,18.11,
C9820,FOREST GREEN 32 X 40,18.11,
C9822,SIERRA OLIVE 32 X 40,18.11,
C9826,MOCHA GREEN 32 X 40,18.11,
C9827,FLAG BLUE 32 X 40,18.11,
C9830,BLUE NIGHT 32 X 40,18.11,
C9831,BLUE IRIS 32 X 40,18.11,
C9833,ORANGE ADE 32 X 40,18.11,
C9834,RUSSET 32 X 40,18.11,
C9837,ALL AMERICAN RED 32 X 40,18.11,
C9838,BRICK 32 X 40,18.11,
C9839,CABERNET 32 X 40,18.11,
C9840,PLUM 32 X 40,18.11,
C9846,DARK SHALE 32 X 40,18.11,
C9848,JET BLACK 32 X 40,18.11,
C9849,ANTWERPEN 32 X 40,21.01,
C9850,SILVER 32 X 40,21.01,
C9851,GOLD NUGGET 32 X 40,21.01,
C9852,GOLD 32 X 40,21.01,
C9853,BRUXELLES 32 X 40,21.01,
C9854,ROSE 32 X 40,21.01,
C9855,SPANISH GOLD 32 X 40,21.01,
C9856,SUN 32 X 40,21.01,
C9861,YORK 32 X 40,18.11,
C9865,KENSINGTON 32 X 40,18.11,
C9866,PLYMOUTH 32 X 40,18.11,
C9870,SILVER STAR 32 X 40,21.01,
C9872,IRISH GREEN 32 X 40,18.11,
C9874,RED LINE 32 X 40,18.11,
C9875,SAFFRON 32 X 40,18.11,
C9876,MANDARIN ORANGE 32 X 40,18.11,
C9877,MIDNIGHT GREEN 32 X 40,18.11,
C9878,AQUA GREEN 32 X 40,18.11,
C9879,PURPLE IRIS 32 X 40,18.11,
C9880,ROYAL BLUE 32 X 40,18.11,
C9881,REAL TEAL 32 X 40,18.11,
C9882,CORNFLOWER 32 X 40,18.11,
C9884,NAPA VALLEY RED 32 X 40,18.11,
C9885,JEANS 32 X 40,18.11,
C9886,DARK PURPLE 32 X 40,18.11,
C9887,BLACK-N-BLUE 32 X 40,18.11,
C9888,ELECTRIC BLUE 32 X 40,18.11,
C9889,DEEP BLUE 32 X 40,18.11,
C9892,DEEP ORANGE 32 X 40,18.11,
C9893,BLAZE ORANGE 32 X 40,18.11,
C9894,GOLDEN 32 X 40,18.11,
C9895,PEWTER 32 X 40,18.11,
C9896,LAWN 32 X 40,18.11,
C9898,BURNT ORANGE 32 X 40,18.11,
C9899,RED HOT 32 X 40,18.11,
C9900,BAKER'S WHITE 32 X 40,24.52,
C9901,CHALK 32 X 40,24.52,
C9902,WHITE ART 32 X 40,24.52,
C9904,PURE WHITE 32 X 40,24.52,
C9905,DOVE 32 X 40,24.52,
C9906,OFF WHITE 32 X 40,24.52,
C9910,ANTWERPEN 32 X 40,28.47,
C9911,BRUXELLES 32 X 40,28.47,
C9912,SANDSTONE 32 X 40,24.52,
C9916,MOCHA GREEN 32 X 40,24.52,
C9917,FOREST GREEN 32 X 40,24.52,
C9922,FLAG BLUE 32 X 40,24.52,
C9923,BLUE NIGHT 32 X 40,24.52,
C9926,ALL AMERICAN RED 32 X 40,24.52,
C9927,BRICK 32 X 40,24.52,
C9928,CABERNET 32 X 40,24.52,
C9930,PLUM 32 X 40,24.52,
C9934,PUTTY 32 X 40,24.52,
C9935,YORK 32 X 40,24.52,
C9938,KENSINGTON 32 X 40,24.52,
C9942,DARK SHALE 32 X 40,24.52,
C9944,JET BLACK 32 X 40,24.52,
C9945,SILVER 32 X 40,28.47,
C9946,ROSE 32 X 40,28.47,
C9947,SPANISH GOLD 32 X 40,28.47,
C9948,BLACK BELT 32 X 40,24.52,
C9949,GUNMETAL ULTIBLACK SELECT 32 X 40,28.47,
C9950,OIL-RUBBED BRONZE ULT/BL/SEL 32X40,28.47,
C9960,IGNITE BLACK CORE SELECT 32 X 40,49.68,
C9961,SHOCKWAVE SELECT BLACK CORE 32 X 40,49.68,
C9962,COSMOS CELECT BLACK CORE 32 X 40,49.68,
C9963,INFERNO SELECT BLACK CORE 32 X 40,49.68,
C9964,SUPERNOVA SELECT BLACK CORE 32 X 40,49.68,
C21104,ANTIQUE TAN RAG SOLID 32 X 40,73.24,
C9965,SOLAR FLARE SELECT BLACK CORE32X40,49.68,
C21106,ANTIQUE GRAY RAG SOLID 32 X 40,73.24,
C21112,8 PLY SOFT WHITE MUSEUM 32 X 40,69.84,
C21115,8 PLY BLACK MUSEUM 32 X 40,97.79,
C21126,SAND DOLLAR RAG SOLID 32 X 40,69.84,
C21188,8PLY WINTER WHITE RAG/MUS/SOL 32X40,69.84,
C21171,SILK 8 PLY SOLID RAG 32 X 40,69.84,
C22255,8 PLY CREAM MUSEUM 32 X 40,73.24,
C25700,8 PLY VIVID WHITE CON SOLIDS 32X40,41.91,
C25702,8 PLY WHITE CON. SOLIDS 32 X 40,41.91,
C25703,8 PLY ANTIQUE WHITE CON SOLIDS32X40,41.91,
C25704,8 PLY CREAM CON. SOLIDS 32 X 40,41.91,
C25706,8 PLY TAN CONSERVATION SOLIDS 32X40,41.91,
C25711,8 PLY DEEP BLACK CON SOLIDS 32 X 40,47.3,
C25712,CLOUD GRAY 8 PLY 32 X 40,41.91,
C29301,ECLIPSE EARTHCORE 6 PLY SEL 32 X 40,56.08,
C29302,URBAN MOON EARTHCORE 6PLY 32 X 40,56.08,
C29303,SHADOWFALL EARTHCORE 6PLY 32 X 40,56.08,
C29304,JUNIPER EARTHCORE 6 PLY SEL 32 X 40,56.08,
C29305,FERN EARTHCORE 6PLY SEL 32 X 40,56.08,
C29306,CYPRESS EARTHCORE 6 PLY SEL 32 X 40,56.08,
C29307,CLAYSTONE EARTHCORE 6 PLY 32 X 40,56.08,
C29308,MOSSWOOD EARTHCORE 6 PLY SEL 32X40,56.08,
C29309,SUNBAKED EARTHCORE 6 PLY SEL 32X40,56.08,
C29500,WHITE GLOVE 6 PLY 32 X 40,25.86,
C29502,WHITE SALE 6 PLY 32 X 40,25.86,
C29505,WHITE WASH 6 PLY 32 X 40,25.86,
C29507,WHITE ELEPHANT 6 PLY 32 X 40,25.86,
C29599,AFTER DARK 6 PLY 32 X 40,25.86,
C67101,PERLE BLACK CORE SUEDE 32 X 40,61.47,
C67102,DUNE BLACK CORE SUEDE 32 X 40,61.47,
C67106,ANTELOPE BLACK CORE SUEDE 32 X 40,61.47,
C67111,SHAMROCK GREEN BLACK C. SUEDE 32X40,61.47,
C67112,BORDEAUX BLACK CORE SUEDE 32 X 40,61.47,
C67113,MARINE BLUE BLACK C. SUEDE 32 X 40,61.47,
C67114,CARBON BLACK BLACK C. SUEDE 32 X 40,61.47,
C67139,ANTHRACITE BLACK CORE SUEDE 32 X 40,61.47,
C69745,FOOTBALL 32 X 40 BT,37.13,
C69746,BASKETBALL 32 X 40 BT,37.13,
C91545,LIGHT UMBRIA 32 X 40,18.11,
C91604,WHEAT 32 X 40,18.11,
C91650,WARM WHITE 32 X 40,18.11,
C91672,BARELY PINK 32 X 40,18.11,
C91688,WHISPER WHITE 32 X 40,18.11,
C1162,WHITE MUSEUM 40 X 60,49.97,
C2260,CLASSIC RAG ANTIQUE WHITE 40 X 60,60.03,
C2261,CLASSIC RAG CREAM 40 X 60,63.4,
C2262,CLASSIC RAG WHITE 40 X 60,60.03,
C2263,WHITE 4 PLY MUSEUM 48X72,100.03,
C2268,CLASSIC RAG WHITE 8PLY 40 X 60,138.55,
C2269,ANTIQUE WHITE48X72 SPECIAL ORDER 20,100.03,
C22263,WHITE 8 PLY 48X72 SPECIAL ORDER 10,222.26,
C22269,ANT WHITE 8PLY48X72 SPECIAL ORDER10,222.26,
C22273,WHITE 8 PLY 48X96 SPECIAL ORDER 5,313.65,
C22279,ANT WHITE 8PLY 48 X 96 SPEC ORD 5,313.65,
C2273,RAGMAT WHITE MUSEUM SOLIDS 48X96,128.38,
C2275,RAGMAT MUSEUM SOLIDS BLACK 48 X 96,156.19,
C2279,RAGMAT MUSEUM SOLIDS ANT/WH 48 X 96,128.38,
C2281,RAGMAT MUSEUM SOLID SILK 60 X 104,172.93,
C2283,RAGMAT MUSEUM SOLIDS WHITE 60 X 104,172.93,
C2289,RAGMAT MUSEUM SOLIDS ANT/WH 60X104,172.93,
CO,DOUBLE THICK WHITE MOUNT 40 X 60,19.77,
C81104,ANTIQUE TAN RAG SOLID 40 X 60,63.4,
C81105,DESERT SAND RAG SOLID 40 X 60,63.4,
C81106,ANTIQUE GRAY SOLID RAG 40 X 60,63.4,
C81112,SOFT WHITE MUSEUM 40 X 60,60.03,
C81114,ALMOND MUSEUM 40 X 60,63.4,
C81115,BLACK MUSEUM 40 X 60,99.45,
C81121,INVERNESS MUSEUM 40 X 60,63.4,
C81126,SAND DOLLAR RAG SOLID 40 X 60,60.03,
C81150,WHITE 2 PLY MUSEUM 40 X 60,30.28,
C81171,SILK RAGMAT MUSEUM SOLID 40 X 60,60.03,
C81188,WINTER WHITE RAG/MUS/SOLID 40 X 60,60.03,
C82239,8 PLY ANTIQUE WHITE MUSEUM 40 X 60,138.55,
C85501,BROOK SUEDE 40 X 60 BT,90.51,
C85533,VINTAGE WHITE 40 X 60 BT,114.21,
C85539,CREAM JUTE 40 X 60 BT,123.77,
C85540,BARNWOOD JUTE 40 X 60 BT,123.77,
C85542,BLACK JUTE 40 X 60 BT,123.77,
C85579,ETCHED BLACK 40 X 60,58.53,
C85598,ETCHED BLACK 40 X 60,42.89,
C85638,TILE BLUE SUEDE 40 X 60 BT,90.51,
C85636,PURPLE TORCH SUEDE 40 X 60 BT,90.51,
C85654,NATURAL JUKE 40 X 60 BT,123.77,
C85660,WHITE SHIMMER 40 X 60 BT,121.52,
C85661,IVORY SHIMMER 40 X 60 BT,121.52,
C85700,VIVID WHITE CON. SOLIDS 40 X 60,47.74,
C85702,WHITE CONSERVATION SOLIDS 40 X 60,47.74,
C85703,ANTIQUE WHITE CON. SOLIDS 40 X 60,47.74,
C85704,CREAM CONSERVATION SOLIDS 40 X 60,47.74,
C85706,TAN CONSERVATION SOLIDS 40 X 60,47.74,
C85711,DEEP BLACK CONSERVATION SOLIDS40X60,53.94,
C85712,CLOUD GRAY 40 X 60,47.74,
C85713,NEUTRAL GRAY 40 X 60,47.74,
C85714,CLASSIC GRAY 40 X 60,53.94,
C85853,EBONY SHIMMER 40 X 60 BT,121.52,
C86989,RAVEN BLACK BLACK CORE 40 X 60,32.27,
C87100,MOUTARDE SUEDE 40 X 60,107.81,
C87101,PERLE SUEDE 40 X 60,107.81,
C87102,DUNE SUEDE 40 X 60,107.81,
C87104,CHAMOIS SUEDE 40 X 60,107.81,
C87105,DARK RUST SUEDE 40 X 60,107.81,
C87106,ANTELOPE SUEDE 40 X 60,107.81,
C87109,TAUPE SUEDE 40 X 60,107.81,
C87111,SHAMROCK GREEN SUEDE 40 X 60,107.81,
C87112,BORDEAUX SUEDE 40 X 60,107.81,
C87113,MARINE BLUE SUEDE 40 X 60,107.81,
C87114,CARBON BLACK SUEDE 40 X 60,107.81,
C87115,MOKA SUEDE 40 X 60,107.81,
C87116,CHINESE RED SUEDE 40 X 60,107.81,
C87120,POLARIS SUEDE 40 X 60,107.81,
C87127,MILKWEED SUEDE 40 X 60,107.81,
C87128,OFF WHITE SUEDE 40 X 60,107.81,
C87132,WHISPER SUEDE 40 X 60,107.81,
C87133,DUSTY GREEN SUEDE 40 X 60,107.81,
C87134,ASPARAGUS SUEDE 40 X 60,107.81,
C87135,PINE GREEN SUEDE 40 X 60,107.81,
C87136,LE BEIGE SUEDE 40 X 60,107.81,
C87139,ANTHRACITE SUEDE 40 X 60,107.81,
C87141,PLATINUM SUEDE 40 X 60,107.81,
C87154,MARIGOLD SUEDE 40 X 60,107.81,
C87155,WILDGRASS SUEDE 40 X 60,107.81,
C87157,CATTAIL SUEDE 40 X 60,107.81,
C87158,STORM GRAY SUEDE 40 X 60,107.81,
C87163,RATTAN SUEDE 40 X 60,107.81,
C87164,MEADOW SUEDE 40 X 60,107.81,
C87166,NAVY SUEDE 40 X 60,107.81,
C87168,GRAPHITE SUEDE 40 X 60,107.81,
C87180,WHITE SUEDE 40 X 60,107.81,
C87182,BRONZE SUEDE 40 X 60,107.81,
C87183,MOCCASIN SUEDE 40 X 60,107.81,
C87184,CINNAMON SUEDE 40 X 60,107.81,
C87185,CHAMBORD SUEDE 40 X 60,107.81,
C87188,MERCURY SUEDE 40 X 60,107.81,
C87190,OLIVE SUEDE 40 X 60,107.81,
C87191,PFALZGRAFF SUEDE 40 X 60,107.81,
C87193,TUMBLEWEED SUEDE 40 X 60,107.81,
C87195,SAPPHIRE SUEDE 40 X 60,107.81,
C87199,SPRUCE SUEDE 40 X 60,107.81,
C87501,VINK TWEED LINEN 40 X 60,104.7,
C87513,FOREST GREEN LINEN 40 X 60,104.7,
C87519,WHITE LINEN 40 X 60,104.7,
C87522,BLACK LINEN 40 X 60,104.7,
C87526,CREAM LINEN 40 X 60,104.7,
C87540,LIGHT BEIGE LINEN 40 X 60,104.7,
C87541,SILVER GRAY LINEN 40 X 60,104.7,
C87542,RED CARPET LINENS 40 X 60,104.7,
C87548,TRUE BLUE LINENS 40 X 60,104.7,
C87549,JASPER BROWN LINENS 40 X 60,104.7,
C87550,SMOKEY HILL LINEN 40 X 60,104.7,
C87551,FLAX LINEN 40 X 60,104.7,
C87553,EDELWEISS LINEN 40 X 60,104.7,
C87554,NORTH SEA LINEN 40 X 60,104.7,
C87556,DUTCH CHOCOLATE LINENS 40 X 60,104.7,
C87557,TOPIARY LINENS 40 X 60,104.7,
C87560,BASQUE LINEN 40 X 60,104.7,
C87564,MAROON LINEN 40 X 60,104.7,
C87569,LODEN GREEN LINEN 40 X 60,104.7,
C87572,WORN GRAY LINENS 40 X 60,104.7,
C87580,BURGANDY LINEN 40 X 60,104.7,
C87581,JEWEL BLUE LINEN 40 X 60,104.7,
C87582,LOTUS PACIFIC LINEN 40 X 60,104.7,
C87586,SUMI PACIFIC LINEN 40 X 60,104.7,
C87597,OFF WHITE LINEN 40 X 60,104.7,
C87700,WARM WHITE LINENS 40 X 60,175.08,
C87705,STONE LINENS 40 X 60,175.08,
C87706,HARVEST LINENS 40 X 60,175.08,
C87707,MIDNIGHT LINENS 40 X 60,175.08,
C89500,WHITE GLOVE 40 X 60,37.23,
C89501,WHITE COLLAR 40 X 60,37.23,
C89502,WHITE SALE 40 X 60,37.23,
C89505,WHITE WASH 40 X 60,37.23,
C89506,EGG WHITE 40 X 60,36.89,
C89507,WHITE ELEPHANT 40 X 60,37.23,
C89508,WHITE SANDS 40 X 60,37.23,
C89511,FOSSIL 40 X 60,37.23,
C89514,TOASTY 40 X 60,37.23,
C89516,TUSK 40 X 60,37.23,
C89518,SUMMER 40 X 60,37.23,
C89520,HAYSTACK 40 X 60,37.23,
C89521,GOLD RUSH METALLICS 40 X 60,42.89,
C89574,MAROONED 40 X 60,37.23,
C89527,WISE GREEN 40 X 60,37.23,
C89533,BONSAI 40 X 60,37.23,
C89542,BLUE MONDAY 40 X 60,37.23,
C89552,NYPD 40 X 60,37.23,
C89553,MOODY BLUE 40 X 60,37.23,
C89554,PHARAOH 40 X 60,37.23,
C89591,TOP SOIL 40 X 60,37.23,
C89592,BLIZZARD 40 X 60,37.23,
C89598,BEFORE DARK 40 X 60,37.23,
C89599,AFTER DARK 40 X 60,37.23,
C89601,SANDPAPER 40 X 60,37.23,
C89610,CODE RED 40 X 60,37.23,
C89613,SUPER WHITE 40 X 60,37.23,
C89614,GLOW 40 X 60,37.23,
C89618,TATER 40 X 60,37.23,
C89632,BLACK BELT 40 X 60,37.23,
C89633,MORNING 40 X 60,37.23,
C89634,CLOUDBURST 40 X 60,37.23,
C89635,NIGHTFALL 40 X 60,37.23,
C89800,BAKER'S WHITE 40 X 60 T5928L,37.23,
C89801,CHALK 40 X 60 T1922L,37.23,
C89804,PURE WHITE 40 X 60 T1909L,37.23,
C89806,DOVE 40 X 60 T1930L,37.23,
C89807,OFF WHITE 40 X 60 T1904L,37.23,
C89808,IVORY ART 40 X 60 T1949L,37.23,
C89809,TWILIGHT 40 X 60 T5911L,37.23,
C89812,OLD IVORY 40 X 60 T5912L,37.23,
C89813,SANDSTONE 40 X 60 T5916L,37.23,
C89814,AUTUMN GOLD 40 X 60 T1915L,37.23,
C89820,FOREST GREEN 40 X 60 T1935L,37.23,
C89822,SIERRA OLIVE 40 X 60 T5931L,37.23,
C89826,MOCHA GREEN 40 X 60 T5943L,37.23,
C89827,FLAG BLUE 40 X 60 T5909L,37.23,
C89830,BLUE NIGHT 40 X 60 T5937L,37.23,
C89833,ORANGE ADE 40 X 60 T5951L,37.23,
C89834,RUSSET 40 X 60 T1974L,37.23,
C89837,ALL AMERICAN RED 40 X 60 T5901L,37.23,
C89838,BRICK 40 X 60 T1921L,37.23,
C89839,CABERNET 40 X 60 T5904L,37.23,
C89840,PLUM 40 X 60 T1965L,37.23,
C89846,DARK SHALE 40 X 60 T5939L,37.23,
C89848,JET BLACK 40 X 60 T1953L,37.23,
C89849,ANTWERPEN 40 X 60 T2150L,42.89,
C89850,SILVER 40 X 60 T1998L,42.89,
C89851,GOLD NUGGET 40 X 60 T19102L,42.89,
C89853,BRUXELLES 40 X 60 T2151L,42.89,
C89854,ROSE 40 X 60 T1996L,42.89,
C89855,SPANISH GOLD 40 X 60 T19100L,42.89,
C89856,SUN 40 X 60 T1991L,42.89,
C89861,YORK 40 X 60 T2143L,37.23,
C89865,KENSINGTON 40 X 60 T2119L,37.23,
C89866,PLYMOUTH 40 X 60 T2138L,37.23,
C89870,SILVER STAR METALLICS 40 X 60,42.89,
C89874,RED LINE 40 X 60,37.23,
C89876,MANDARIN ORANGE 40 X 60,37.23,
C89877,MIDNIGHT GREEN 40 X 60,37.23,
C89881,REAL TEAL 40 X 60,37.23,
C89882,CORNFLOWER 40 X 60,37.23,
C89886,DARK PURPLE 40 X 60,37.23,
C89889,DEEP BLUE 40 X 60,37.23,
C89892,DEEP ORANGE 40 X 60,37.23,
C89894,GOLDEN 40 X 60,37.23,
C89899,RED HOT 40 X 60,37.23,
C89901,CHALK 40 X 60 T2322L,50.45,
C89904,PURE WHITE 40 X 60 T2309L,50.45,
C89944,JET BLACK 40 X 60 T2353L,50.45,
C89948,BLACK BELT 40 X 60,50.45,
C821112,8 PLY SOFT WHITE MUSEUM 40 X 60,138.55,
C821115,8 PLY BLACK MUSEUM 40 X 60,205.23,
C821171,SILK 8 PLY RAGMAT MUSUEM SOLID 40X60,138.55,
C821188,8PLY WINTER WHITE RAG/MUS/SOL 40X60,138.55,
C229502,WHITE SALE 8 PLY 32 X 40,31.28,
C8229502,WHITE SALE 8 PLY 40 X 60,66.33,
C229508,WHITE SANDS 8 PLY 32 X 40,31.28,
C8229508,WHITE SANDS 8 PLY 40 X 60,66.33,
C229598,BEFORE DARK 8 PLY 32 X 40,31.28,
C8229598,BEFORE DARK 8 PLY 40 X 60,66.33,
C229613,SUPER WHITE 8 PLY 32 X 40,31.28,
C8229613,SUPER WHITE 8 PLY 40 X 60,66.33,
C229848,JET BLACK 8 PLY 32 X 40,31.28,
C8229848,JET BLACK 8 PLY 40 X 60,66.33,
C825700,8 PLY VIVID WHITE CON. SOLIDS 40X60,86.14,
C825702,8 PLY WHITE CON. SOLIDS 40 X 60,86.14,
C825703,8 PLY ANTIQUE WHITE CON SOLIDS 40X60,86.14,
C825706,8 PLY TAN CONSERVATION SOLIDS 40X60,86.14,
C825711,8 PLY DEEP BLACK CON. SOLIDS 40X60,95,
C825712,CLOUD GRAY 8 PLY 40 X 60,86.14,
CBR14921,BLACK/BLUE ON BLUE CORE 32 X 40,54.58,
CBR14987,WHITE/BLUE ON BLUE CORE 32 X 40,54.58,
CBR24921,BLACK/GREEN ON GREEN CORE 32 X 40,54.58,
CBR24987,WHITE/GREEN ON GREEN CORE 32 X 40,54.58,
CBR34921,BLACK/RED ON RED CORE 32 X 40,54.58,
CBR34987,WHITE/RED ON RED CORE 32 X 40,54.58,
CBR44921,BLACK/YELLOW ON YELLOW CORE 32 X 40,54.58,
CBR44987,WHITE/YELLOW ON YELLOW CORE 32 X 40,54.58,
CBR54921,BLACK/ORANGE ON ORANGE CORE 32 X 40,54.48,
CBR54987,WHITE/ORANGE ON ORANGE CORE 32 X 40,54.58,
CBR64921,BLACK/PURPLE ON PURPLE CORE 32 X 40,54.58,
CBR64987,WHITE/PURPLE ON PURPLE CORE 32 X 40,54.58,
CBR74987,WHITE ON PINK 32 X 40,54.58,
CBR74921,BLACK ON PINK 32 X 40,54.58,
CBR84987,WHITE ON AQUA 32 X 40,54.58,
CBR84921,BLACK ON AQUA 32 X 40,54.58,
CBR214921,8PLY BLACK ON BLUE BRITECORE 32X40,68.35,
CBR214987,8PLY WHITE ON BLUE BRITECORE 32X40,68.35,
CBR224921,8PLY BLACK ON GREEN BRITECORE 32X40,68.35,
CBR224987,8PLY WHITE ON GREEN BRITECORE 32X40,68.35,
CBR234921,8PLY BLACK ON RED BRITECORE 32 X 40,68.35,
CBR234987,8PLY WHITE ON RED BRITECORE 32 X 40,68.35,
CBR244921,8PLY BLACK ON YELLOW BRITECORE32X40,68.35,
CBR244987,8PLY WHITE ON YELLOW BRITECORE32X40,68.35,
CBR814921,BLACK ON BLUE BRITECORE 4,63.92,
CBR814987,WHITE ON BLUE BRITECORE 40 X 60,63.92,
CBR824921,BLACK ON GREEN BRITECORE 40 X 60,63.92,
CBR824987,WHITE ON GREEN BRITECORE 40 X 60,63.92,
CBR834921,BLACK ON RED BRITECORE 40 X 60,63.92,
CBR834987,WHITE ON RED BRITECORE 40 X 60,63.92,
CBR844921,BLACK ON YELLOW BRITECORE 40 X 60,63.92,
CBR844987,WHITE ON YELLOW BRITECORE 40 X 60,63.92,
CI24X36,B FOAMCORE 3/16 24 X 36,4.45,
CI32X40,B FOAMCORE 3/16 32 X 40,6.47,
CI40X60,B FOAMCORE 3/16 40 X 60,12.15,
CI48X96,B FOAMCORE 3/16 48 X 96,23.27,
CIAF32X40,B ARTCARE ARCHIVAL FC 3/16 32 X 40,8.18,
CIAF40X60,B ARTCARE ARCHIVAL FC 3/16 40 X 60,15.38,
CIT32X40,B FOAMCORE 1/8 32 X 40,6.47,
CIT40X60,B FOAMCORE 1/8 40 X 60,12.15,
CIAFT32X40,B ARTCARE ARCHIVAL FC 1/8 32 X 40,8.18,
CIAFT40X60,B ARTCARE ARCHIVAL FC 1/8 40 X 60,15.38,
CISM32X40,B SPEEDMOUNT FC 3/16 32 X 40,7.59,
CISM40X60,B SPEEDMOUNT FC 3/16 40 X 60,14.45,
CAF32X40,B ACID FREE FOAMBOARD 3/16 32 X 40,5.9,
CAFT32X40,B ACID FREE FOAMBOARD 1/8 32 X 40,5.9,
CAF40X60,B ACID FREE FOAMBOARD 3/16 40 X 60,11.05,
CAFT40X60,B ACID FREE FOAMBOARD 1/8 40 X 60,11.05,
CAF48X96,B ACID FREE FOAMBOARD 3/16 48 X 96,21.22,
CAFB32X40,B ACID FREE BLACK FC 3/16 32 X 40,7.12,
CAFB40X60,B ACID FREE BLACK FC 3/16 40 X 60,13.35,
CPSFC,PERFECT MOUNT FOAMCORE,31.16,
G48X96,GATORFOAM 3/16 48 X 96,113.47,
GTH48X96,GATORFOAM 1/2 WHITE 48X96,184.54,
GB48X96,BLACK GATORFOAM 3/16 48X96,119.14,
G32X40,GATORFOAM 3/16 32 X 40,42.19,
G40X60,GATORFOAM 3/16 40 X 60,82.75,
S2770,CRESCENT CLEAR BAGS 250 32 X 40,268.25,
S2771,CRESCENT CLEAR BAGS 150 40 X 60,268.25,