Item,cost,chop,size decimal,Desciption,group
656,3.56,4.27,0.375,"*CLOSEOUT* - 656 - 3/8"" GOLD FILLET",Fillet
657,3.52,4.22,0.375,"*CLOSEOUT* - 657 - 3/8"" SILVER FILLET",Fillet
1153,5.09,6.75,1.5,"1153 - 1"" SATIN BLACK",Wood
1277,8.5,10.2,2.5,"1277 - 2-1/2"" WHITE LINEN",Wood
1278,9.41,11.29,3,"1278 - 3"" WHITE LINEN",Wood
1287,5.1,6.65,1.25,"*CLOSEOUT* - 1287 - 1-1/4"" BLACK LACQ/ GOLD LIP",Wood
1659,2.57,3.31,1,"*CLOSEOUT* - 1659 - 1/2"" Black fillet",Fillet
1901,3.6,4.32,1,"*CLOSEOUT* 1901 - 3/4"" BLACK",Wood
1920,3.66,4.69,0.75,"*CLOSEOUT* 1920 - 5/8"" GOLD FILLET",Fillet
1937,4.09,5.29,1.25,"*CLOSEOUT* 1937 - 1-1/4"" BLACK SATIN",Wood
1938,5.36,7.02,1.5,"1938 - 1-1/2"" BLACK SATIN",Wood
2145,6.24,8.33,1,"*CLOSEOUT* 2145 - 3/4"" BLACK SHADOWBOX",Wood
2146,6.44,8.56,1.5,"*CLOSEOUT* 2146 - 1-1/2"" BLACK SHADOWBOX",Wood
2148,7.8,9.36,3,"2148 - 3"" BLACK",Wood
2220,5.75,6.9,1,"2220 - 3/4"" WHITE LINEN",Wood
2221,6.17,7.4,1,"2221 - 1"" WHITE LINEN",Wood
2222,6.28,8.02,1.5,"2222 - 1-1/2""  WHITE LINEN",Wood
2401,6.56,7.87,1,"2401 - 1"" PARCHMENT LINEN",Wood
2402,6.58,7.9,1,"2402 - 1"" ANTQ. WHITE LINEN",Wood
2403,6.51,7.81,1,"2403 - 1"" VANILLA LINEN",Wood
2404,6.5,7.8,1,"2404 - 1"" IVORY LINEN",Wood
2405,6.54,7.85,1,"2405 - 3/4"" KHAKI GREY LINEN",Wood
2406,6.5,7.8,1,"2406 - 3/4"" LIGHT BLUE LINEN",Wood
2407,6.53,7.84,1,"2407 - 3/4"" NEW INDIGO LINEN (DK)",Wood
2410,6.56,7.87,1,"2410 - 3/4"" WILLOW LINEN",Wood
2447,5.36,6.73,1,"*CLOSEOUT* - 2447 - 1"" MAHOGANY",Wood
2451,7.4,8.89,1.625,*CLOSEOUT* - 2451 - 1-5/8 COFFEE,Wood
2534,10.19,12.5,2.75,"*CLOSEOUT* 2534 - 2-3/4""  GOLDEN BRONZE BEVELED",Wood
2539,9.13,10.96,1.25,"2539 - 1-1/4"" GOLD CAP",Wood
2540,9.05,10.86,1.25,"2540 - 1-1/4"" SILVER CAP",Wood
2541,9,10.8,1.25,"2541 - 1-1/4"" GOLD W/ SILVER LIP",Wood
2542,8.96,10.76,1.25,"2542 - 1-1/4"" DARK GREY W/ SILVER LIP",Wood
2568,3.98,4.78,0.5,"*CLOSEOUT* 2568 - 1/4"" GOLD FILLET",Fillet
2569,3.92,4.7,0.5,"*CLOSEOUT* 2569 - 1/4"" SILVER  FILLET",Fillet
2579,9.69,11.63,2.75,"*CLOSEOUT* 2579 - 2-3/4"" ANT. BLACK/GOLD ORN. LIP",Wood
2593,6.47,7.76,0.625,"*CLOSEOUT* 2593 - 5/8"" ANT. SILVER CAP",Wood
2595,9.52,11.42,1,"*CLOSEOUT* 2595 - 1"" ANT. SILVER SHADOWBOX",Wood
2607,7.37,9.16,2.5,*CLOSEOUT* - 2607 - 2-1/2  SILVER W/ BLK.STREAKS,Wood
2639,8.72,10.26,1.25,"2639 - 1-1/4""  WALNUT RUSTIC",Wood
2640,8.59,10.12,1.25,"2640 - 1-1/4""  MAHOGANY RUSTIC",Wood
2641,8.77,10.33,1.25,"2641 - 1-1/4"" WALNUT RUSTIC",Wood
2642,8.67,10.21,1.25,"2642 - 1-1/4""  GREEN RUSTIC",Wood
2643,8.77,10.33,1.25,"2643 - 1-1/4""  CHARCOAL RUSTIC",Wood
2644,9.45,11.34,1.625,"2644 - 1-5/8"" ANT. OCHRE GLAZE",Wood
2646,9.56,11.47,1.625,"2646 - 1-5/8""  ANT. GREEN GLAZE",Wood
2652,7.01,8.41,1.5,"2652 - 1-1/2"" Brown w/ Blue Tones",Wood
2653,7.02,8.42,1.5,"2653 - 1-1/2""  Brown w/ Green Tones",Wood
2654,7.17,8.6,1.5,"2654 - 1-1/2""  Brown w/ Walnut Tones",Wood
2655,7.03,8.44,1.5,"2655 - 1-1/2"" Brown w/ Red Tones",Wood
2656,7.01,8.41,1.5,"2656 - 1-1/2"" Brown w/ Mahogany Tones",Wood
2674,7.43,8.91,1.25,"*CLOSEOUT* 2674 - 1-1/4""  BLACK CAP",Wood
2676,7.28,8.74,1.25,"*CLOSEOUT* 2676 - 1-1/4"" BLACK CAP / ROOFTOP",Wood
2679,6.09,7.7,1.5,"*CLOSEOUT* 2679 - 1-1/2"" FLAT BLACK W/SILVER LINES",Wood
2691,7.59,9.11,2,"2691 - 2"" BEIGE LINEN",Wood
2692,7.8,9.36,2,"2692 - 2"" WHITE LINEN",Wood
2697,5.61,6.73,1,"2697 - 3/4"" BEIGE LINEN",Wood
2698,6.23,7.48,1,"2698 - 1"" BEIGE LINEN",Wood
2699,6.43,7.72,1.5,"2699 - 1-1/2"" BEIGE LINEN",Wood
2701,6.55,7.84,1,"2701 - 1"" LIGHT WALNUT BURL",Wood
2702,6.62,7.92,1,"2702 - 1"" MAHOGANY BURL",Wood
2703,6.07,7.42,1,"2703 - 1""  DARK WALNUT BURL",Wood
2704,6.52,7.82,1,"2704 - 1"" CHARCOAL BURL",Wood
2706,9.15,11.47,1.5,"2706 - 1-1/2"" LIGHT WALNUT BURL",Wood
2707,9.07,11.38,1.5,"2707 - 1-1/2"" MAHOGANY  BURL",Wood
2708,8.43,10.77,1.5,"2708 - 1-1/2"" DARK WALNUT BURL",Wood
2709,9.1,11.41,1.5,"2709 - 1-1/2""  CHARCOAL BURL",Wood
2712,7.04,8.51,1.5,"2712 - 1-1/2""  WHITE SILVER TRIM",Wood
2751,8.63,10.45,1.25,"2751 - 1-1/4"" BURNISHED PEWTER",Wood
2752,8.72,10.56,1.25,"2752 - 1-1/4""  BURNISHED SILVER",Wood
2753,8.63,10.46,1.25,"2753 - 1-1/4"" BURNISHED CHARCOAL",Wood
2754,8.7,10.55,1.25,"2754 - 1-1/4""  BURNISHED COPPER",Wood
2756,9.39,11.59,2,"2756 - 2""  BURNISHED PEWTER",Wood
2757,9.62,11.88,2,"2757 - 2""  BURNISHED SILVER",Wood
2758,9.33,11.51,2,"2758 - 2""  BURNISHED CHARCOAL",Wood
2759,9.36,11.55,2,"2759 - 2""  BURNISHED COPPER",Wood
2767,7.14,8.59,1.5,"*CLOSEOUT* - 2767  1-1/2"" Black/Wal W/ Sil Lip",Wood
2773,8.21,10.26,1.5,"*CLOSEOUT* - 2773 - 1-1/2"" BLACK /WAVY SIL. EDGE",Wood
2779,10.56,13.26,2.75,"*CLOSEOUT* 2779 - 2-3/4"" ANT. GOLD W/ BROWN SCRATCH",Wood
2816,7.16,9.82,1,"2816 - 5/8""  WHITE SCALLOP",Wood
2818,7.84,10.46,1,"2818 - 5/8""  GOLD SCALLOP",Wood
2819,7.34,9.97,1,"2819 - 5/8""  GOLD SPIRAL",Wood
2820,7.8,10.4,1,"2820 - 5/8""  SILVER SCALLOP",Wood
2821,7.18,9.76,1,"2821 - 5/8""  SILVER SPIRAL",Wood
2822,6.8,9.52,1,"2822 - 5/8""  BLACK SCALLOP",Wood
2823,6.75,9.43,1,"2823 - 5/8""  BLACK SPIRAL",Wood
2824,11.89,14.26,2,"2824 - 2""  ANT.WHITE W/SILVER LIP",Wood
2825,13.38,15.75,2,"2825 - 2""  ANTIQUE GOLD",Wood
2826,12.97,15.27,2,"2826 - 2""  ANTIQUE SILVER",Wood
2827,13.4,15.78,2,"2827 - 2""  ANT.BROWN W/GOLD LIP",Wood
2828,12.93,15.22,2,"2828 - 2""  ANT. BLK W/SILVER LIP",Wood
2832,4.99,6.46,1,"*CLOSEOUT* 2832 - 3/4""  ANT. BLACK TEXTURED",Wood
2834,5.86,7.03,1.5,"*CLOSEOUT* 2834 - 1-1/2""  SILVER TEXTURED",Wood
2841,6.51,7.99,1.25,"2841 1-1/4"" WHITE",Wood
2843,6.58,8.08,1.25,"2843 1-1/4"" GREY",Wood
2844,6.78,8.32,1.25,"2844 1-1/4"" WALNUT",Wood
2845,6.68,8.2,1.25,"2845 1-1/4"" CHARCOAL",Wood
2852,8.5,10.2,2.25,"2852 2-1/4"" NATURAL",Wood
2853,8.51,10.21,2.25,"2853 2-1/4"" GREY",Wood
2854,8.72,10.46,2.25,"2854 2-1/4"" WALNUT",Wood
2868,7.64,9.26,1.25,"2868 1-1/4"" DK. WALNUT VENEER",Wood
2869,7.63,9.26,1.25,"2869 1-1/4"" LT. WALNUT VENEER",Wood
2870,7.6,9.21,1.25,"2870 1-1/4"" MAHOGANY VENEER",Wood
2871,7.98,9.57,1.25,"2871 1-1/4"" ESPRESSO VENEER",Wood
2872,8.02,9.62,1.25,"2872 1-1/4"" TAUPE BURL",Wood
2873,8.08,9.7,1.25,"2873 1-1/4"" WALNUT BURL",Wood
2874,8.1,9.72,1.25,"2874 1-1/4"" EBONY VENEER",Wood
2893,6.4,7.68,1,"2893 - 1"" ANTIQUE GOLD",Wood
2894,6.23,7.48,1,"2894 - 1"" ANTIQUE SILVER",Wood
2895,6.29,7.55,1,"2895 - 1"" ANTIQUE BROWN",Wood
2896,6.21,7.45,1,"2896 - 1"" ANTIQUE BLACK",Wood
2897,6.67,8.07,0.75,"2897 - 3/4"" WHITE TRADITIONAL",Wood
2898,7.99,9.58,0.75,"2898 - 3/4"" GOLD TRADITIONAL",Wood
2899,7.77,9.32,0.75,"2899 - 3/4"" SILVER TRADITIONAL",Wood
2900,6.78,8.23,0.75,"2900 - 3/4"" BROWN TRADITIONAL",Wood
2901,7.29,8.66,0.75,"2901 - 3/4"" BLACK TRADITIONAL",Wood
2903,12.47,14.96,2,"2903 - 2"" GOLD TRADITIONAL",Wood
2904,12.03,14.44,2,"2904 - 2"" SILVER TRADITIONAL",Wood
2905,9.98,12.16,2,"2905 - 2"" BROWN TRADITIONAL",Wood
2906,10.64,12.72,2,"2906 - 2"" BLACK TRADITIONAL",Wood
2908,7.3,9.52,1,"*CLOSEOUT* 2908 - 1"" LT. SILVER METALLIC",Wood
2910,7.64,9.64,2,"*CLOSEOUT* 2910 - 2""  LT.SILVER METALLIC",Wood
2915,7.2,9.07,1.625,"*CLOSEOUT* 2915 - 1-5/8""  WHITE WIRE BRUSHED",Wood
2919,7.29,9.19,1.625,"*CLOSEOUT* 2919 - 1-5/8""  BLK WIRE BRUSHED",Wood
2968,8.49,10.23,2,"*CLOSEOUT* 2968 - 2""  SHADED PEWTER",Wood
2981,5.49,6.84,0.625,"2981 - 1/2""  MAPLE VENEER",Wood
2982,5.46,6.8,0.625,"2982 - 1/2"" WHITE SATIN",Wood
2983,5.34,6.66,0.625,"2983 - 1/2""  WHITE W/GRAIN",Wood
2984,5.5,6.86,0.625,"2984 - 1/2""  TEAK VENEER",Wood
2985,5.38,6.7,0.625,"2985 - 1/2""  CHERRY VENEER",Wood
2986,5.38,6.71,0.625,"2986 - 1/2""  ESPRESSO VENEER",Wood
2987,5.44,6.78,0.625,"2987 - 1/2""  SATIN BLACK",Wood
2988,5.43,6.77,0.625,"2988 - 1/2""  BLACK W/GRAIN",Wood
2997,7.13,8.4,0.625,"2997 - 1/2""  WHITE W/ BEAD",Wood
2998,7.51,8.84,0.625,"2998 - 1/2""  GOLD W/ BEAD",Wood
2999,6.9,8.27,0.625,"2999 - 1/2""  SILVER W/ BEAD",Wood
3000,7.47,8.79,0.625,"3000 - 1/2""  BROWN W/BEAD",Wood
3001,7.4,8.71,0.625,"3001 - 1/2""  BLACK W/BEAD",Wood
3015,12.72,15.34,2.5,"3015 - 2-1/2""  WHITE DISTRESSED",Wood
3016,12.99,15.67,2.5,"3016 - 2-1/2""  TURTLEDOVE DISTRESS",Wood
3017,12.93,15.59,2.5,"3017 - 2-1/2""  LT. BLUE DISTRESSED",Wood
3018,12.53,15.11,2.5,"3018 - 2-1/2""  WALNUT DISTRESSED",Wood
3020,12.55,15.14,2.5,"3020 - 2-1/2"" DK. GREY DISTRESSED",Wood
3021,5.85,7.61,0.75,"3021 -3/4""  WHITE TEXTURED LACQUER",Wood
3022,5.88,7.65,0.75,"3022 - 3/4"" LT.ORANGE TEXT.LACQUER",Wood
3023,5.9,7.67,0.75,"3023 - 3/4"" DK.ORANGE TEXT. LACQUER",Wood
3024,5.91,7.69,0.75,"3024 - 3/4"" RED TEXTURED LACQUER",Wood
3025,5.99,7.78,0.75,"3025 - 3/4"" GREEN TEXTURE LACQUER",Wood
3026,5.93,7.71,0.75,"3026 - 3/4"" BLUE TEXTURED LACQUER",Wood
3027,5.88,7.64,0.75,"3027 - 3/4"" TURQUOISE TEXT.LACQUER",Wood
3028,5.98,7.77,0.75,"3028 - 3/4"" NAVY TEXTURED LACQUER",Wood
3029,5.35,7.08,0.75,"3029 - 3/4"" BROWN TEXTURED LACQUER",Wood
3030,7.66,9.2,0.875,"3030 - 1"" GOLD CAP",Wood
3031,7.43,8.91,0.875,"3031 - 1"" SILVER CAP",Wood
3033,7.72,9.26,0.875,"3033 - 1"" GOLD & BLACK CAP",Wood
3034,7.61,9.14,0.875,"3034 - 1"" SILVER & BLACK CAP",Wood
3035,9.15,10.77,1,"3035 - 1"" ANTIQUE GOLD",Wood
3036,8.21,9.85,1,"3036 - 1"" ANTIQUE SILVER",Wood
3037,10.94,12.89,1.75,"3037 - 1-3/4""  ANTIQUE GOLD",Wood
3038,10.79,12.7,1.75,"3038 - 1-3/4"" ANTIQUE SILVER",Wood
3039,10.52,12.63,1.375,"3039 - 1-3/8"" ANTIQUE GOLD",Wood
3040,10.11,12.13,1.375,"3040 - 1-3/8"" ANTIQUE SILVER",Wood
3041,11.33,13.59,2.75,"3041 - 2-3/4"" ANTIQUE GOLD",Wood
3042,11.18,13.42,2.75,"3042 - 2-3/4"" ANTIQUE SILVER",Wood
3043,7.8,9.76,0.625,"3043 - 5/8"" GOLD CAP",Wood
3044,7.12,9.1,0.625,"3044 - 5/8"" SILVER CAP",Wood
3045,10.1,11.89,0.8125,"3045 - 7/8"" GOLD SHADOWBOX",Wood
3046,9.25,11.09,0.8125,"3046 - 7/8"" SILVER SHADOWBOX",Wood
3047,11.64,13.97,1.5,"3047 - 1-1/2"" GOLD SHADOWBOX",Wood
3048,11.32,13.58,1.5,"3048 - 1-1/2"" SILVER SHADOWBOX",Wood
3064,7.38,8.86,2.25,"*CLOSEOUT* 3064 - 2-1/4"" GOLD MARBLE",Wood
3067,7.4,8.89,2.25,"*CLOSEOUT* 3067 - 2-1/4"" WHITE MARBLE",Wood
3069,6.94,8.42,0.75,"*CLOSEOUT* 3069 - 3/4"" GOLD SHADOWBOX",Wood
3071,7.16,8.81,1.5,"*CLOSEOUT* 3071 - 1-1/2"" GOLD W/ RIVET LIP",Wood
3073,6.99,8.39,0.5,"*CLOSEOUT* 3073 - 1-3/4"" DEEP WHITE FLOATER",Wood
3074,7.09,8.51,0.5,"*CLOSEOUT* 3074 - 1-3/4"" DEEP GREY FLOATER",Wood
3079,6.81,8.17,4,"*CLOSEOUT* - 3079 - 4"" FRUITWOOD DISTRESSED",Wood
3080,6.74,8.09,4,"*CLOSEOUT* 3080 - 4"" WALNUT DISTRESSED",Wood
3082,6.49,7.79,3.25,"*CLOSEOUT* 3082 - 3-1/4"" BROWN & BLACK SCRATCH",Wood
3083,6.34,7.61,3.25,"*CLOSEOUT* 3083 - 3-1/4"" WALNUT/BLACK SCRATCHED",Wood
3085,6.68,8.83,2.5,"*CLOSEOUT* 3085 - 2-1/2"" SILVER W/ BLACK LIP",Wood
3086,6.67,8.82,2.5,"*CLOSEOUT* 3086 - 2-1/2"" SILVER/BRONZE W/ BLACK LIP",Wood
3087,8.83,10.6,2,"3087 - 2"" BRUSHED GOLD",Wood
3088,8.8,10.56,2,"3088 - 2"" BRUSHED SILVER",Wood
3090,8.85,10.62,2,"3090 - 2"" BRUSHED BLACK",Wood
3091,13.82,16.28,1.75,"3091 - 1-3/4"" SCULPTURED GOLD",Wood
3092,13.77,16.21,1.75,"3092 - 1-3/4"" SCULPTURED SILVER",Wood
3093,22.84,27.66,3,"3093 - 3"" SCULPTURED GOLD",Wood
3094,21.3,26.29,2.75,"3094 - 2-3/4"" SCULPTURED SILVER",Wood
3095,22.65,27.44,2.75,"3095 - 2-3/4"" GOLD W/ BLACK PANEL",Wood
3096,20.71,25.56,2.75,"3096 - 2-3/4"" SILVER W/ BLACK PANEL",Wood
3097,21.07,26.01,2.75,"3097 - 2-3/4"" SCULPTED BLACK",Wood
3098,11.32,13.5,1,"3098 - 5/8"" SCULPTED GOLD",Wood
3099,11.28,13.44,1,"3099 - 5/8"" SCULPTED SILVER",Wood
3100,11.31,13.5,1,"3100 - 5/8"" GOLD/BLACK SCULPTED",Wood
3101,11.23,13.39,1,"3101 - 5/8"" SILVER/BLACK SCULPTED",Wood
3102,11.3,13.48,1,"3102 - 5/8"" BLACK SCULPTED",Wood
3103,7.75,9.13,1,"3103 - 7/8"" WHITE MARBLE",Wood
3104,7.45,8.99,1.5,"3104 - 1-5/8"" WHITE MARBLE",Wood
3105,8.85,10.86,2.5,"3105 - 2-3/8"" WHITE MARBLE",Wood
3106,5.27,7.46,1,"*CLOSEOUT* 3106 - 1"" WHITE WASH BROWN",Wood
3107,5.69,7.9,1,"3107 - 1"" WHITE WASH BLUE",Wood
3108,5.19,7.34,1,"3108 - 1"" WHITE WASH RED",Wood
3109,5.32,7.54,1,"3109 - 1"" WHITE WASH GREEN",Wood
3110,5.78,8.08,1.5,"*CLOSEOUT* 3110 - 1-1/2"" WHITE WASH BROWN",Wood
3111,5.96,8.33,1.5,"3111 - 1-1/2"" WHITE WASH BLUE",Wood
3112,5.7,7.97,1.5,"3112 - 1-1/2"" WHITE WASH RED",Wood
3113,5.9,8.25,1.5,"3113 - 1-1/2"" WHITE WASH GREEN",Wood
3114,8.99,11.01,1.5,"3114 - 1-1/2"" GOLD & BROWN",Wood
3115,8.8,10.78,1.5,"3115 - 1-1/2"" SILVER & BROWN",Wood
3117,8.75,10.72,1.5,"3117 - 1-1/2"" BRONZE & BROWN",Wood
3118,2.96,3.56,1,"*CLOSEOUT* 3118 - 3/4"" WHITE SPACER",Wood
3122,3.95,5.23,1.5,"*CLOSEOUT* 3122 - 1-1/2"" WALNUT FLAT TOP",Wood
3123,4.79,5.94,2.75,"*CLOSEOUT* 3123 - 2-3/4"" WALNUT FLAT TOP",Wood
3127,10.48,12.56,4.75,"*CLOSEOUT* 3127 - 4-3/4"" SILVER W/ BLACK RUB",Wood
3128,16.28,21.09,4.75,"*CLOSEOUT* 3128 - 4-3/4"" GOLD ORNATE BLACK/PANEL",Wood
3131,7.19,8.62,1.125,"3131 - 1-1/8"" WHITE",Wood
3132,6.84,8.21,1.125,"3132 - 1-1/8"" GREY",Wood
3133,7.53,8.87,1.125,"3133 - 1-1/8"" RED",Wood
3134,7.51,8.84,1.125,"3134 - 1-1/8"" BLACK",Wood
3135,8.43,10.23,0.75,"3135 - 3/4"" WHITE",Wood
3136,8.37,10.16,0.75,"3136 - 3/4"" GREY",Wood
3137,8.99,10.7,0.75,"3137 - 3/4"" RED",Wood
3138,8.5,10.32,0.75,"3138 - 3/4"" BLACK",Wood
3141,6.76,7.96,1,"3141 - 1"" YELLOW",Wood
3142,6.48,7.78,1,"3142 - 1"" RED",Wood
3144,6.4,7.68,1,"3144 - 1"" GREEN",Wood
3145,6.49,7.79,1,"3145 - 1"" BLUE",Wood
3146,6.32,7.59,1,"3146 - 1"" GREY",Wood
3147,6.8,8.01,1,"3147 - 1"" BLACK",Wood
3148,9.13,12.14,4,"*CLOSEOUT* 3148 - 4"" WHITE ORNATE LACQUER",Wood
3151,8.52,10.22,1.5,"*CLOSEOUT* 3151 - 1-1/2"" HAMMERED SILVER",Wood
3153,8.56,10.27,1.5,"3153 -1-1/2"" HAMMERED  GREY",Wood
3154,7.53,9.04,1.5,"3154 - 1-1/2"" MAPLE",Wood
3155,7.84,9.41,1,"3155 - 3/4"" MAPLE",Wood
3156,8.36,10.03,1,"3156 - 3/4"" MAPLE",Wood
3157,7.88,9.27,1,"3157 - 3/4"" ANT. SILVER W/ WHITE WASH",Wood
3158,7.92,9.32,1,"3158 - 3/4"" ANT. SILVER W/ BROWN WASH",Wood
3159,7.86,9.26,1,"3159 - 3/4"" ANT. SILVER W/ TAUPE WASH",Wood
3160,8.02,9.44,1,"3160 - 3/4"" ANT. SILVER W/ GREEN WASH",Wood
3161,7.91,9.31,1,"3161 - 3/4"" ANT. SILVER W/ DARK GREY WASH",Wood
3162,7.97,9.39,1,"3162 - 3/4"" ANT. SILVER W/ DARK BLUE WASH",Wood
3163,6.61,7.94,0.75,"3163 - 3/4"" BRIGHT HONEY POPLAR BURL",Wood
3164,6.57,7.89,0.75,"3164 - 3/4"" BRIGHT ELM BURL",Wood
3165,7.72,9.09,1.25,"3165 - 1-1/4"" BRIGHT HONEY POPLAR BURL",Wood
3166,7.12,8.55,1.25,"3166 - 1-1/4"" BRIGHT ELM BURL",Wood
3167,6.53,7.69,1.375,"3167 - 1-3/8"" SATIN STEEL",Wood
3168,6.17,7.4,1.375,"3168 - 1-3/8"" BRIGHT SILVER",Wood
3169,5.65,6.88,0.75,"3169 - 3/4"" SATIN STEEL",Wood
3170,6.07,7.27,0.75,"3170 - 3/4"" BRIGHT SILVER",Wood
3171,6.94,8.18,0.75,"3171 - 3/4"" SATIN STEEL",Wood
3172,6.52,7.82,0.75,"3172 - 3/4"" BRIGHT SILVER",Wood
3173,10.38,12.22,1.5,"3173 - 1-1/2"" ORNATE SILVER",Wood
3174,10.6,12.48,1.5,"3174 - 1-1/2"" ORNATE GOLD",Wood
3175,10.11,11.91,1.25,"3175 - 1-1/4"" ORNATE SILVER",Wood
3176,10.52,12.39,1.25,"3176 - 1-1/4"" ORNATE GOLD",Wood
3177,7.28,9.05,1,"3177 - 5/8"" GOLD W/ ORNATE EDGE",Wood
3178,7.19,8.94,1,"3178 - 5/8"" SILVER W/ ORNATE EDGE",Wood
3179,8.51,10.02,1,"3179 - 5/8"" GOLD W/ EMBOSS LIP",Wood
3180,8.24,9.69,1,"3180 - 5/8"" SILVER W/ EMBOSS LIP",Wood
3181,9.2,10.84,1,"3181 - 3/4"" GOLD W/ BEADED LIP",Wood
3182,8.34,10.01,1,"3182 - 3/4"" SILVER W/ BEADED LIP",Wood
3183,8.77,10.33,1,"3183 - 7/8"" GOLD W/ SMALL BEAD",Wood
3184,8.65,10.19,1,"3184 - 7/8"" SILVER W/ SMALL BEAD",Wood
3185,8,9.67,1,"3185 - 7/8"" GOLD FLORAL EMBOSS",Wood
3186,7.31,9.02,1,"3186 - 7/8"" SILVER FLORAL EMBOSS",Wood
3187,9.08,10.69,1,"3187 - 7/8"" BRIGHT GOLD SMALL BEADS",Wood
3188,8.38,10.06,1,"3188 - 7/8"" BRIGHT SILVER SMALL BEADS",Wood
3189,7.22,8.87,1,"3189 - 7/8"" GOLD DUTCH RIPPLE",Wood
3190,6.97,8.56,1,"3190 - 7/8"" SILVER DUTCH RIPPLE",Wood
3191,10.66,12.55,1.5,"3191 - 1 1/2"" GOLD ORNAMENTAL",Wood
3192,9.71,11.66,1,"3192 - 1 1/2"" SILVER ORNAMENTAL",Wood
3193,9.91,12.52,2,"*CLOSEOUT* 3193 - 2"" WHITE",Wood
3204,5.76,6.91,1,"3204 - 5/8"" SILVER MIRROR FINISH",Wood
3205,9.44,11.11,1,"3205 - 3/4"" SILVER MIRROR FINISH",Wood
3206,10.25,12.06,1,"3206 - 13/16"" SILVER MIRROR FINISH",Wood
3207,9.82,11.78,1.5,"3207 - 1-1/2"" SILVER MIRROR FINISH",Wood
3208,11.33,13.59,1,"3208 - 1"" SILVER MIRROR FINISH",Wood
3209,5.96,7.02,1,"3209 - 5/8"" BRONZE MIRROR FINISH",Wood
3210,9.25,10.89,1,"3210 - 3/4"" BRONZE MIRROR FINISH",Wood
3211,9.88,11.63,1,"3211 - 3/4"" BRONZE MIRROR FINISH",Wood
3212,9.45,11.34,1.5,"3212 - 1-1/2"" BRONZE MIRROR FINISH",Wood
3213,11.51,13.55,1,"3213 - 1"" BRONZE MIRROR FINISH",Wood
3214,11.28,13.51,1.75,"3214 - 1-3/4"" WHITE LACQUER CAP",Wood
3215,11.3,13.53,1.75,"3215 - 1-3/4"" BLACK LACQUER CAP",Wood
3216,8.32,10.72,2.75,"3216 - 2-3/4"" WHITE LACQUER",Wood
3217,8.26,10.64,2.75,"3217 - 2-3/4"" BLACK LACQUER",Wood
3218,8.27,10.66,1.75,"3218 - 1-3/4"" ALUMINUM CAP",Wood
3219,8.73,10.88,1.75,"3219 - 2-3/8"" ALUMINUM",Wood
3220,9.17,11.36,3.25,"3220 - 3-1/4"" ALUMINUM",Wood
3221,7.48,8.8,1.5,"3221 - 1-3/8"" WALNUT ASH VENEER",Wood
3222,7.49,8.82,1.5,"3222 - 1-3/8"" BLACK ASH VENEER",Wood
3223,6.9,8.27,1.5,"3223 - 1-3/8"" MEDIUM GREY ASH VENEER",Wood
3224,6.98,8.37,1.5,"3224 - 1-3/8"" DARK GREY ASH VENEER",Wood
3225,7.4,8.71,1.5,"3225 - 1-3/8"" LIGHT GREY ASH VENEER",Wood
3226,9.18,10.81,2,"3226 - 2"" WALNUT ASH VENEER",Wood
3227,9.17,10.8,2,"3227 - 2"" BLACK ASH VENEER",Wood
3228,9.18,10.81,2,"3228 - 2"" MEDIUM GREY ASH VENEER",Wood
3229,8.6,10.32,2,"3229 - 2"" DARK GREY ASH VENEER",Wood
3230,8.78,10.53,2,"3230 - 2"" LIGHT GREY ASH VENEER",Wood
3231,11.25,13.75,1.75,"3231 - 1-3/4"" GOLD RUB",Wood
3232,11.45,13.98,1.375,"3232 - 1-3/8"" GOLD CAP",Wood
3233,20.57,24.82,3.5,"3233 - 3-1/2"" GOLD RUB",Wood
3234,11.23,13.73,1.73,"3234 - 1-3/4"" SILVER RUB",Wood
3235,10.63,13.22,1.25,"3235 - 1-1/4"" SILVER CAP",Wood
3236,20.32,24.53,3.5,"3236 - 3-1/2"" SILVER RUB",Wood
3237,5.6,7.12,1,"3237 - 1"" WHITE W/ RIDGES",Wood
3238,5.75,7.29,1,"3238 - 1"" YELLOW W/ RIDGES",Wood
3239,5.77,7.34,1,"3239 - 1"" RED W/ RIDGES",Wood
3240,5.39,6.98,1,"3240 - 1"" RUST  W/ RIDGES",Wood
3241,5.83,7.39,1,"3241 - 1"" BLUE W/RIDGES",Wood
3242,5.39,6.98,1,"3242 - 1"" BLACK W/ RIDGES",Wood
3243,5.74,7.28,1,"3243 - 1"" GOLD W/ RIDGES",Wood
3244,5.74,7.28,1,"3244 - 1"" SILVER W/ RIDGES",Wood
3245,7.38,8.8,1,"3245 - 1/2"" GOLD BAMBOO",Wood
3246,6.49,7.98,1,"3246 - 1/2"" SILVER BAMBOO",Wood
3247,5.94,7.41,1,"3247 - 1/2"" BLACK BAMBOO",Wood
3248,9.39,11.06,1.25,"3248 - 1-1/4"" GOLD BAMBOO",Wood
3249,9.3,10.95,1.25,"3249 - 1-1/4"" SILVER BAMBOO",Wood
3250,8.58,10.11,1.25,"3250 - 1-1/4"" BLACK BAMBOO",Wood
3251,5.8,7.23,1,"3251 - 1/2"" WHITE BAMBOO",Wood
3252,8.53,10.04,1.25,"3252 - 1-1/4"" WHITE BAMBOO",Wood
3255,8.3,10.99,1.5,"3255 - 1 1/2"" White Slope w/ Gold Lip",Wood
3256,8.06,10.67,1.5,"3256 - 1 1/2"" Grey Slope w/ Gold Lip",Wood
3257,8.37,11.1,1.5,"3257 - 1 1/2"" Navy Slope w/ Gold Lip",Wood
3258,8.3,11,1.5,"3258 - 1 1/2"" Black Slope w/ Gold Lip",Wood
3259,11.79,15.63,2.125,"3259 - 2 1/8"" White Slope w/ Gold Lip",Wood
3260,11.42,15.13,2.125,"3260 - 2 1/8"" Grey Slope w/ Gold Lip",Wood
3261,11.84,15.68,2.125,"3261 - 2 1/8"" Navy Slope w/ Gold Lip",Wood
3262,11.86,15.7,2.125,"3262 - 2 1/8"" Black Slope w/ Gold Lip",Wood
3263,6.58,7.75,1,"3263 - 3/4"" NATURAL",Wood
3264,6,7.2,1,"3264 - 3/4"" WHITE",Wood
3265,6.14,7.36,1,"3265 - 3/4"" Natural Oak",Wood
3266,5.98,7.18,1,"3266 - 3/4"" PALE GREY",Wood
3267,6.29,7.41,1,"3267 - 3/4"" DARK GREY",Wood
3268,6.44,7.58,1,"3268 - 3/4"" Walnut",Wood
3269,5.96,7.15,1,"3269 - 3/4"" DARK WALNUT",Wood
3270,6.45,7.59,1,"3270 - 3/4"" BLACK",Wood
3271,8.63,10.44,1.25,"3271 - 1-1/4"" GOLD ORNATE",Wood
3272,8.31,10.06,1.25,"3272 - 1-1/4"" SILVER ORNATE",Wood
3273,8.47,10.24,1.25,"3273 - 1-1/4"" PLUM W/GOLD LIP",Wood
3274,8.31,10.06,1.25,"3274 - 1-1/4"" PLUM W/ SILVER LIP",Wood
3275,10.83,12.75,1.5,"3275 - 1-1/2"" PALE GOLD ORNATE",Wood
3276,15.64,18.41,2.5,"3276 - 2-1/2"" PALE GOLD ORNATE",Wood
3277,13.56,15.96,2,"3277 - 2"" PALE GOLD ORNATE",Wood
3278,12.98,15.28,3.25,"3278 - 3-1/4"" PALE GOLD ORNATE",Wood
3279,12.6,14.87,2.5,"3279 - 2-1/2"" GOLD DART PATTERN",Wood
3280,11.09,13.47,1.5,"3280 - 1-1/2"" GOLD DART PATTERN",Wood
3281,9.05,10.65,1,"3281 - 7/8"" GOLD ORNATE CIRCLES",Wood
3282,8.91,10.49,1,"3282 - 7/8"" SILVER ORNATE CIRCLES",Wood
3283,8.95,10.54,1,"3283 - 7/8"" GOLD W/ BEAD LIP",Wood
3284,8.91,10.49,1,"3284 - 7/8"" SILVER W/ BEAD LIP",Wood
3285,10,12.31,1.5,"3285 - 1-3/8"" GOLD/ RED RUB ORNATE",Wood
3286,9.76,12.01,1.5,"3286 - 1-3/8"" SILVER/RED RUB ORNATE",Wood
3287,10.27,12.89,1.125,"3287 -  1-1/8"" BACOPA YELLOW",Wood
3288,10.31,12.94,1.125,"3288 - 1-1/8"" - BACOPA ORANGE",Wood
3289,10.28,12.91,1.125,"3289 - 1-1/8"" - BACOPA RED",Wood
3290,10.3,12.94,1.125,"3290 - 1-1/8"" - BACOPA TEAL",Wood
3291,10.31,12.95,1.125,"3291 - 1-1/8""  BACOPA LIGHT GREEN",Wood
3292,9.67,12.38,1.125,"3292 - 1-1/8"" BACOPA LIGHT BLUE",Wood
3293,10.36,13.01,1.125,"3293 - 1-1/8"" BACOPA DARK BLUE",Wood
3294,10.36,13,1.125,"3294 - 1-1/8"" BACOPA PURPLE",Wood
3295,10.34,13,1.125,"3295 - 1-1/8"" BACOPA DARK GREEN",Wood
3296,6.92,9.63,0.875,"3296 - 7/8"" WHITE STUCCO",Wood
3297,6.89,9.59,0.875,"3297 - 7/8"" MUSTARD STUCCO",Wood
3298,6.34,8.99,0.875,"3298 - 7/8"" DARK GREY STUCCO",Wood
3299,6.4,9.07,0.875,"3299 - 7/8"" LIGHT GREY STUCCO",Wood
3300,6.93,9.65,0.875,"3300 - 7/8"" SAGE STUCCO",Wood
3301,6.96,9.67,0.875,"3301 - 7/8"" RED STUCCO",Wood
3302,6.92,9.63,0.875,"3302 - 7/8"" BLOOD ORANGE STUCCO",Wood
3303,6.96,9.67,0.875,"3303 - 7/8"" BLUE STUCCO",Wood
3304,6.94,9.65,0.875,"3304 - 7/8"" ORANGE STUCCO",Wood
3305,6.92,9.63,0.875,"3305 - 7/8"" TEAL STUCCO",Wood
3306,6.9,9.6,0.875,"3306 - 7/8"" DARK GREEN STUCCO",Wood
3307,7.66,10.67,0.875,"3307 - 7/8"" GOLD STUCCO",Wood
3308,7.63,10.62,0.875,"3308 - 7/8"" CHAMPAGNE STUCCO",Wood
3309,6.48,9.19,0.875,"3309 - 7/8"" CHARCOAL STUCCO",Wood
3310,11.34,14.16,0.375,"3310 - 1-5/8"" Deep True Maple Floater",Wood
3311,10.04,12.56,0.375,"3311 - 1-5/8"" Deep Natural Walnut Floater",Wood
3312,10,12.52,0.375,"3312 - 1-5/8"" Deep Chocolate Stain Floater",Wood
3313,9.97,12.48,0.375,"3313 - 1-5/8"" Deep Natural Brown Floater",Wood
3314,9.94,12.43,0.375,"3314 - 1-5/8"" Deep Black Woodgrain Floater",Wood
3315,10.05,12.56,0.375,"3315 - 1-5/8"" Deep Honey Natural Floater",Wood
3316,8.66,11.9,1.0625,"3316 - 1-1/4"" Bronze Vatican",Wood
3317,7.77,10.87,1.0625,"3317 - 1-1/4"" Silver Vatican",Wood
3318,8.5,11.67,1.0625,"3318 - 1-1/4"" Charcoal Vatican",Wood
3319,7.85,10.99,1.0625,"3319 - 1-1/4"" Slate Vatican",Wood
3320,8.63,11.86,1.0625,"3320 - 1-1/4"" Gold Vatican",Wood
3321,8.18,11.47,1.0625,"3321 - 1-1/4"" Grey and Gold Vatican",Wood
3322,8.22,11.51,1.0625,"3322 - 1-1/4"" White And Silver Vatican",Wood
3323,11.64,14.48,1.9375,"3323 - 2"" Black with Silver Marquee",Wood
3324,11.74,14.6,1.9375,"3324 - 2"" Khaki with Silver Marquee",Wood
3325,11.49,14.29,1.9375,"3325 - 2"" Slate Blue with Silver Marquee",Wood
3326,11.54,14.36,1.9375,"3326 - 2"" Taupe with Silver Marquee",Wood
3327,11.85,14.74,1.9375,"3327 - 2"" White with Silver Marquee",Wood
3328,5.35,6.68,1,"3328 - 1"" White Meadow",Wood
3329,5.29,6.61,1,"3329 - 1"" Grey Wash Meadow",Wood
3330,5.32,6.66,1,"3330 - 1"" Pastel Purple Meadow",Wood
3331,5.27,6.59,1,"3331 - 1"" Brown Wash Meadow",Wood
3332,5.27,6.6,1,"3332 - 1"" Pastel Blue Meadow",Wood
3333,5.24,6.56,1,"3333 - 1"" Beige Meadow",Wood
3334,5.38,6.73,1,"3334 - 1"" Navy Wash Meadow",Wood
3335,13.91,19.44,2.5,"3335 - 2-1/2"" Tropical Gold",Wood
3336,13.83,19.32,2.5,"3336 - 2-1/2"" Tropical Silver",Wood
3337,10.88,15.19,1.3125,"3337 - 1-5/16"" Tropical Gold",Wood
3338,10.83,15.14,1.3125,"3338 - 1-5/16"" Tropical Silver",Wood
3339,7.79,10.89,0.8125,"3339 - 13/16"" Tropical Gold",Wood
3340,7.76,10.86,0.8125,"3340 - 13/16"" Tropical Silver",Wood
3341,9.6,13.68,1.5,"3341 - 1-1/2"" Sequoia Brown",Wood
3342,9.78,13.92,1.5,"3342 - 1-1/2"" Sequoia Grey",Wood
3343,9.69,13.8,1.5,"3343 - 1-1/2"" Sequoia Black",Wood
3344,9.84,14.01,1.5,"3344 - 1-1/2"" Sequoia Cream",Wood
3345,11.41,16.26,1.5,"3345 - 1-1/2"" Sequoia Silver w/ Black",Wood
3346,11.56,16.48,1.5,"3346 - 1-1/2"" Sequoia Gold w/ Black",Wood
3347,6.45,9.19,0.8125,"3347 - 13/16"" Sequoia Brown",Wood
3348,6.54,9.32,0.8125,"3348 - 13/16"" Sequoia Grey",Wood
3349,7.06,9.87,0.8125,"3349 - 13/16"" Sequoia Black",Wood
3350,6.56,9.36,0.8125,"3350 - 13/16"" Sequoia Cream",Wood
3351,7.98,11.36,0.8125,"3351 - 13/16"" Sequoia Silver w/ Black",Wood
3352,8.61,12.02,0.8125,"3352 - 13/16"" Sequoia Gold w/ Black",Wood
3353,7.66,10.91,0.4375,"3353 - 1"" Deep Soft Touch Floaters Orange",Wood
3354,7.72,10.99,0.4375,"3354 - 1"" Deep Soft Touch Floaters Turquoise",Wood
3355,7.49,10.66,0.4375,"3355 - 1"" Deep Soft Touch Floaters Lemon Yellow",Wood
3356,7.65,10.9,0.4375,"3356 - 1"" Deep Soft Touch Floaters Red",Wood
3357,7.63,10.87,0.4375,"3357 - 1"" Deep Soft Touch Floaters Light Grey",Wood
3358,8.27,11.56,0.4375,"3358 - 1"" Deep Soft Touch Floaters Blue",Wood
3359,7.6,10.83,0.4375,"3359 - 1"" Deep Soft Touch Floaters Beige",Wood
3360,7.68,10.93,0.4375,"3360 - 1"" Deep Soft Touch Floaters Dark Grey",Wood
3361,7.63,10.87,0.4375,"3361 - 1"" Deep Soft Touch Floaters Light Green",Wood
3362,7.54,10.74,0.4375,"3362 - 1"" Deep Soft Touch Floaters Robin's Egg Blue",Wood
3363,7.61,10.85,0.4375,"3363 - 1"" Deep Soft Touch Floaters Light Pink",Wood
3364,10.65,15.17,0.5,"3364 - 1-5/8"" Deep Gold Foil Floater",Wood
3365,10.65,15.17,0.5,"3365 - 1-5/8"" Deep Champagne Foil Floater",Wood
3366,10.4,14.82,0.5,"3366 - 1-5/8"" Deep Silver Foil Floater",Wood
3367,10.21,14.56,0.5,"3367 - 1-5/8"" Deep Matte Black Floater",Wood
3368,9.97,14.22,0.5,"3368 - 1-5/8"" Deep Matte White Floater",Wood
3369,5.77,8.23,0.9375,"3369 - 1"" Brook Black",Wood
3370,5.51,7.86,0.9375,"3370 - 1"" Brook Cream",Wood
3371,5.51,7.86,0.9375,"3371 - 1"" Brook Green",Wood
3372,5.51,7.86,0.9375,"3372 - 1"" Brook Navy",Wood
3373,5.51,7.86,0.9375,"3373 - 1"" Brook Maroon",Wood
3374,5.51,7.86,0.9375,"3374 - 1"" Brook Grey",Wood
3375,5.51,7.86,0.9375,"3375 - 1"" Brook Turquoise",Wood
3376,5.76,7.63,0.5625,3376 - 9/16'' Metalic Copper  - Prowl,Wood
3377,5.76,7.63,0.5625,3377 - 9/16'' Metalic Bronze - Prowl,Wood
3378,5.76,7.63,0.5625,3378 - 9/16'' Metalic Silver - Prowl,Wood
3379,5.76,7.63,0.5625,3379 - 9/16'' Metalic Gold  - Prowl,Wood
3380,5.86,7.76,0.5625,3380 - 9/16'' White and Silver  - Prowl,Wood
3381,5.86,7.76,0.5625,3381 - 9/16'' White and Gold  - Prowl,Wood
3382,5.86,7.76,0.5625,3382 - 9/16'' Black and Silver  - Prowl,Wood
3383,5.86,7.76,0.5625,3383 - 9/16'' Black and Gold  - Prowl,Wood
3400,3.37,4.53,0.8125,3400 - 13/16'' Black - Better Basics,Wood
3401,3.37,4.53,0.8125,3401 - 13/16'' White - Better Basics,Wood
3402,5.56,6.8,0.8125,3402 - 13/16'' Black Cap - Better Basics,Wood
3403,5.56,6.8,0.8125,3403 - 13/16'' White Cap - Better Basics,Wood
3404,5.74,7.8,1.1875,3404 - 1-3/16'' Black - Better Basics,Wood
3405,5.74,7.8,1.1875,3405 - 1-3/16'' White - Better Basics,Wood
3406,6.75,8.4,1,3406 - 1'' Black Shadow Box- Better Basics,Wood
3407,6.75,8.4,1,3407 - 1'' White Shadow Box - Better Basics,Wood
3408,9.23,11.19,0.5,3408 - 1-5/8'' Depth Black Floater - Better Basics,Wood
3409,9.23,11.19,0.5,3409 - 1-5/8'' Depth White Floater - Better Basics,Wood
3410,6.9,8.59,0.375,3410 - 15/16'' Depth Black Floater - Better Basics,Wood
3411,6.9,8.59,0.375,3411 - 15/16'' Depth White Floater - Better Basics,Wood
3412,5.97,7.65,1.9375,3412 - 1-15/16'' Black - Better Basics,Wood
3413,5.97,7.65,1.9375,3413 - 1-15/16'' White - Better Basics,Wood
3414,7.21,9.25,1.5625,3414 - 1-9/16'' Black Slope - Better Basics,Wood
3415,7.21,9.25,1.5625,3415 - 1-9/16'' White Slope - Better Basics,Wood
3416,9.26,11.63,1.5625,3416 - 1-9/16'' Black and Gold Ornate - Baroque,Wood
3417,9.26,11.63,1.5625,3417 - 1-9/16'' Gold Ornate - Baroque,Wood
3418,8.69,11.13,1.5625,3418 - 1-9/16'' Champagne Ornate - Baroque,Wood
3419,8.69,11.13,1.5625,3419 - 1-9/16'' Pewter Ornate - Baroque,Wood
3420,8.69,11.13,1.5625,3420 - 1-9/16'' Black Ornate - Baroque,Wood
3421,8,10,1.5625,3421 - 1-9/16'' Gold Ornate - Empire,Wood
3422,7.51,9.57,1.5625,3422 - 1-9/16'' Silver Ornate - Empire,Wood
3423,8,10,1.5625,3423 - 1-9/16'' Black Ornate - Empire,Wood
3424,14.7,18.73,3.3125,3424 - 3-5/16'' Gold Ornate - Empire,Wood
3425,14.7,18.73,3.3125,3425 - 3-5/16'' Silver Ornate - Empire,Wood
3426,14.7,18.73,3.3125,3426 - 3-5/16'' Black Ornate - Empire,Wood
3427,12.28,16.68,0.735,"3427 - 3/4"" Green - Rustica",Wood
3428,12.28,16.68,0.735,"3428 - 3/4"" Rose - Rustica",Wood
3429,12.28,16.68,0.735,"3429 - 3/4"" Mint - Rustica",Wood
3430,12.28,16.68,0.735,"3430 - 3/4"" Gold - Rustica",Wood
3431,12.28,16.68,0.735,"3431 - 3/4"" Teal - Rustica",Wood
3432,12.28,16.68,0.735,"3432 - 3/4"" Terracotta - Rustica",Wood
3433,10.45,14.16,0.626,"3433 - 5/8"" Rose - Diamante",Wood
3434,10.45,14.16,0.626,"3434 - 5/8"" Silver - Diamante",Wood
3435,10.45,14.16,0.626,"3435 - 5/8"" Black Nickel - Diamante",Wood
3436,10.45,14.16,0.626,"3436 - 5/8"" Gold - Diamante",Wood
3437,10.45,14.16,0.626,"3437 - 5/8"" Bronze - Diamante",Wood
3438,7.46,10.09,0.518,"3438 - 1/2"" Rose - Diamante",Wood
3439,7.46,10.09,0.518,"3439 - 1/2"" Silver - Diamante",Wood
3440,7.46,10.09,0.518,"3440 - 1/2"" Black Nickel - Diamante",Wood
3441,7.46,10.09,0.518,"3441 - 1/2"" Gold - Diamante",Wood
3442,7.46,10.09,0.518,"3442 - 1/2"" Bronze - Diamante",Wood
3443,17.43,23.54,0.410,"3443 - 1-3/4"" Deep Silver Scallop - Signature Floaters",Wood
3444,17.43,23.54,0.410,"3444 - 1-3/4"" Deep Gold Scallop - Signature Floaters",Wood
3445,14.73,19.88,0.410,"3445 - 1-3/4"" Deep Black with Gold Scallop - Signature Floaters",Wood
3446,12.73,17.18,0.410,"3446 - 1-3/4"" Deep Black Scallop - Signature Floaters",Wood
3447,17.43,23.54,0.410,"3447 - 1-3/4"" Deep Silver Ornate - Signature Floaters",Wood
3448,17.43,23.54,0.410,"3448 - 1-3/4"" Deep Gold Ornate - Signature Floaters",Wood
3449,14.73,19.88,0.410,"3449 - 1-3/4"" Deep Black with Gold Ornate - Signature Floaters",Wood
3450,12.73,17.18,0.410,"3450 - 1-3/4"" Deep Black Ornate - Signature Floaters",Wood
3451,7.65,10.33,0.750,"3451 - 3/4"" Silver - Torino Twist",Wood
3452,7.65,10.33,0.750,"3452 - 3/4"" Gold - Torino Twist",Wood
3453,7.65,10.33,0.750,"3453 - 3/4"" Blue with Gold - Torino Twist",Wood
3454,7.65,10.33,0.750,"3454 - 3/4"" Brown with Gold - Torino Twist",Wood
3455,7.65,10.33,0.750,"3455 - 3/4"" Red with Gold - Torino Twist",Wood
3456,7.65,10.33,0.750,"3456 - 3/4"" Purple with Gold - Torino Twist",Wood
3457,7.65,10.33,0.750,"3457 - 3/4"" Gray with Gold - Torino Twist",Wood
3458,6.3,8.5,1,"3458 - 1"" Navy - Wave",Wood
3459,6.3,8.5,1,"3459 - 1"" Royal Blue - Wave",Wood
3460,6.3,8.5,1,"3460 - 1"" Teal - Wave",Wood
3461,6.3,8.5,1,"3461 - 1"" Green - Wave",Wood
3462,6.3,8.5,1,"3462 - 1"" Yellow - Wave",Wood
3463,6.3,8.5,1,"3463 - 1"" Burnt Orange - Wave",Wood
3464,6.3,8.5,1,"3464 - 1"" Red - Wave",Wood
3465,6.3,8.5,1,"3465 - 1"" Purple - Wave",Wood
3466,6.3,8.5,1,"3466 - 1"" Dark Brown - Wave",Wood
3467,6.3,8.5,1,"3467 - 1"" Tan - Wave",Wood
3468,9.1,12.29,0.5,"3468 - 1-5/8"" Deep Soft Touch Floater Tall Orange",Wood
3469,9.1,12.29,0.5,"3469 - 1-5/8"" Deep Soft Touch Floater Tall Turquoise",Wood
3470,9.1,12.29,0.5,"3470 - 1-5/8"" Deep Soft Touch Floater Tall Lemon Yellow",Wood
3471,9.1,12.29,0.5,"3471 - 1-5/8"" Deep Soft Touch Floater Tall Red",Wood
3472,9.1,12.29,0.5,"3472 - 1-5/8"" Deep Soft Touch Floater Tall Blue",Wood
3473,9.1,12.29,0.5,"3473 - 1-5/8"" Deep Soft Touch Floater Tall Beige",Wood
3474,9.1,12.29,0.5,"3474 - 1-5/8"" Deep Soft Touch Floater Tall Light Grey",Wood
3475,9.1,12.29,0.5,"3475 - 1-5/8"" Deep Soft Touch Floater Tall Dark Grey",Wood
3476,9.1,12.29,0.5,"3476 - 1-5/8"" Deep Soft Touch Floater Tall Light Green",Wood
3477,9.1,12.29,0.5,"3477 - 1-5/8"" Deep Soft Touch Floater Tall Robin's Egg Blue",Wood
3478,9.1,12.29,0.5,"3478 - 1-5/8"" Deep Soft Touch Floater Tall Light Pink",Wood
3479,9,12.15,1.12,"3479 - 1-1/8"" Silver Wavy - Ritz",Wood
3480,9,12.15,1.12,"3480 - 1-1/8"" Gold Wavy - Ritz",Wood
3481,8.18,11.05,1.12,"3481 - 1-1/8"" Black Wavy - Ritz",Wood
3482,7.67,10.36,0.63,"3482 - 5/8"" Silver Wavy - Ritz",Wood
3483,7.67,10.36,0.63,"3483 - 5/8"" Gold Wavy - Ritz",Wood
3484,7.1,9.58,0.63,"3484 - 5/8"" Black Wavy - Ritz",Wood
3485,9,12.15,1.14,"3485 - 1-1/8"" Silver Weave - Ritz",Wood
3486,9,12.15,1.14,"3486 - 1-1/8"" Gold Weave - Ritz",Wood
3487,8.18,11.05,1.14,"3487 - 1-1/8"" Black Weave - Ritz",Wood
3488,7.67,10.36,0.64,"3488 - 5/8"" Silver Weave - Ritz",Wood
3489,7.67,10.36,0.64,"3489 - 5/8"" Gold Weave - Ritz",Wood
3490,7.1,9.58,0.64,"3490 - 5/8"" Black Weave - Ritz",Wood
3491,8.12,10.97,0.82,"3491 - 13/16"" Silver Ribbed - Ritz",Wood
3492,8.12,10.97,0.82,"3492 - 13/16"" Gold Ribbed - Ritz",Wood
3493,7.42,10.02,0.82,"3493 - 13/16"" Black Ribbed - Ritz",Wood
4000,5.77,7.08,1.25,"4000 - 1-1/4"" GOLD RIVETS",Wood
4001,5.83,7.14,1.25,"4001 - 1-1/4"" SILVER RIVETS",Wood
4002,5.72,7.01,1.25,"4002 - 1-1/4"" COPPER RIVETS",Wood
4003,5.76,7.06,1.25,"4003 - 1-1/4"" BRONZE RIVETS",Wood
4004,5.84,7.16,1.25,"4004 - 1-1/4"" BLACK RIVETS",Wood
4010,12,18.86,3,"4010 - 3"" TAN W/ LIGHT GREY PANEL",Wood
4011,11.96,18.79,3,"4011 - 3"" DARK GREY W/ LIGHT GREY PANEL",Wood
4017,6.21,10.51,2.5,"4017 - 2-1/2"" OFF WHITE W/ SILVER EDGE",Wood
4018,8.47,16.61,4,"4018 - 4"" OFF WHITE W/ SILVER EDGE",Wood
4019,7.9,12.22,3,"4019 - 3"" WHITE GROOVED LACQUER",Wood
4020,7.75,11.98,3,"4020 - 3"" BLACK GROOVED LACQUER",Wood
4021,11.8,19.53,5,"4021 - 5"" WHITE GROOVED LACQUER",Wood
4022,11.77,19.48,5,"4022 - 5"" BLACK GROOVED LACQUER",Wood
5001,2.32,4.69,1,"5001 - 1"" GOLD W/BEADS",Wood
5002,2.34,4.73,1,"5002 - 1"" MAHOGANY  W/ GOLD LIP",Wood
5003,2.36,4.76,1,"5003 - 1"" BLACK W/ GOLD LIP",Wood
5005,3.6,5.27,1,"5005 - 1"" WALNUT W/ SILVER EDGE",Wood
5006,3.82,5.6,1,"5006 - 1"" BLACK W/ SILVER EDGE",Wood
5007,3.2,4.61,1,"5007 - 1"" WALNUT W/ SHADED LIP",Wood
5008,3.23,4.65,1,"5008 - 1"" MAHOGANY W/ SHADED LIP",Wood
5009,3.53,5.48,1.25,"5009 - 1-1/4"" ANT. BLACK & GOLD",Wood
5010,2.77,4.88,1.25,"5010 - 1-1/4"" LIGHT WALNUT W/ GOLD LIP",Wood
5011,2.79,4.92,1.25,"5011 - 1-1/4"" MAHOGANY W/ GOLD LIP",Wood
5012,3.66,5.13,1.25,"5012 - 1-1/4"" LIGHT WALNUT W/ BEADS",Wood
5013,3.65,5.11,1.25,"5013 - 1-1/4"" MAHOGANY W/ BEADS",Wood
5014,3.62,4.34,1.25,"*CLOSEOUT* 5014 - 1-1/4"" DARK WALNUT W/ BEADS",Wood
5015,3.68,5.15,1.25,"5015 - 1-1/4"" BLACK W/ BEADS",Wood
5016,3.18,5.18,1.25,"5016 - 1-1/4"" LIGHT WALNUT",Wood
5017,3.13,5.11,1.25,"5017 - 1-1/4"" MAHOGANY",Wood
5018,3.14,5.12,1.25,"5018 - 1-1/4"" WALNUT",Wood
5021,2.95,5,1.375,"5021 - 1-3/8"" DARK WALNUT",Wood
5026,2.79,5.05,1.25,"5026 - 1-1/4"" SILVER",Wood
5027,4.38,6.55,1.625,"5027 - 1-5/8"" WALNUT",Wood
5028,4.41,6.6,1.625,"5028 - 1-5/8"" MAHOGANY",Wood
5029,4.11,6.4,1.625,"5029 - 1-5/8"" LIGHT WALNUT W/ BEADS",Wood
5030,4.11,6.39,1.625,"5030 - 1-5/8"" MAHOGANY W/ BEADS",Wood
5031,4.12,4.94,1.625,"*CLOSEOUT* 5031 - 1-5/8"" DARK WALNUT W/ BEADS",Wood
5032,4.17,6.49,1.625,"5032 - 1-5/8"" BLACK W/ BEADS",Wood
5045,5.24,7.25,1.875,"5045 - 1-7/8"" BLACK W/ SILVER EDGE",Wood
5046,6.23,7.85,2.625,"5046 - 2-5/8"" WALNUT",Wood
5047,6.32,7.98,2.625,"5047 - 2-5/8"" MAHOGANY",Wood
5048,5.47,7.01,2.25,"5048 - 2-1/4"" ANT. BLACK & GOLD",Wood
5049,2.78,4.5,1,"5049 - 1"" SILVER CAP",Wood
5050,5.06,6.86,1.375,"5050 - 1-3/8"" WHITE SCOOP",Wood
5052,5.78,6.94,2.625,"*CLOSEOUT* - 5052 - 2-5/8"" WHITE - KC Only",Wood
5053,4.97,6.57,1.375,"5053 - 1-3/4"" SILVER SCOOP",Wood
5058,7.02,9.15,1.125,"5058 - 1-1/2"" DEEP DARK BROWN FLOATER",Wood
5059,7.2,9.38,1.125,"5059 - 1-1/2"" DEEP BLACK FLOATER",Wood
5075,3.41,5.57,1.25,"5075 - 1-1/4"" WHITE FLAT TOP",Wood
5076,4.45,6.25,1.75,"5076 - 1-3/4"" WHITE",Wood
5077,4.44,6.33,1.75,"5077 - 1-3/4"" WHITE FLAT TOP",Wood
5078,5.39,7.69,1.625,"5078 - 1-5/8"" WHITE FLAT TOP",Wood
5080,4.8,7.4,1.75,"5080 - 1-3/4"" BLACK",Wood
5081,6.35,9.3,2.75,"5081 - 2-3/4"" BLACK",Wood
5084,5.02,7.08,1.625,"5084 - 1-5/8"" SILVER FLAT TOP",Wood
5085,5.04,6.68,1.375,"5085 - 1-3/8"" GOLD SCOOP",Wood
5086,5,6.62,1.375,"5086 - 1-3/8"" BRONZE SCOOP",Wood
5087,5.11,6.76,1.375,"5087 - 1-3/8"" BLACK SCOOP",Wood
5088,8.32,10.82,2,"5088 - 2"" WHITE SCOOP",Wood
5089,8.24,10.71,2,"5089 - 2"" SILVER SCOOP",Wood
5090,8.2,10.65,2,"5090 - 2"" GOLD SCOOP",Wood
5092,8.44,10.97,2,"5092 - 2"" BLACK SCOOP",Wood
5093,7.2,9.38,1.125,"5093 - 1-1/2"" DEEP GOLD FLOATER",Wood
5094,7.21,9.39,1.125,"5094 - 1-1/2"" DEEP SILVER FLOATER",Wood
5095,5.03,7.39,0.625,"5095 - 1"" DEEP WHITE FLOATER",Wood
5096,5.09,7.48,0.625,"5096 - 1"" DEEP BLACK FLOATER",Wood
5097,6.15,8.49,1,"5097 - 1"" DEEP WHITE FLOATER",Wood
5098,6.05,8.37,1,"5098 - 1"" DEEP BLACK FLOATER",Wood
5099,6.16,8.49,1,"5099 - 1"" DEEP SILVER FLOATER",Wood
5100,6.17,8.67,0.625,"5100 - 2"" DEEP WHITE FLOATER",Wood
5101,6.06,8.53,0.625,"5101 - 2"" DEEP BLACK FLOATER",Wood
5102,6.87,9.39,0.5,"5102 - 2-1/4"" DEEP GOLD FLOATER",Wood
5103,6.9,9.41,0.5,"5103 - 2-1/4"" DEEP SILVER FLOATER",Wood
5104,6.73,9.19,0.5,"5104 - 2-1/4"" DEEP BLACK FLOATER",Wood
5105,6.14,8.98,2.75,"5105 - 2-3/4"" COFFEE",Wood
5106,5.23,6.28,1.25,"*CLOSEOUT* 5106 - 1-1/4"" TAUPE PANEL VENEER",Wood
5107,5.3,8.62,1.25,"5107 - 1-1/4"" LIGHT WALNUT PANEL VENEER",Wood
5108,5.3,8.63,1.25,"5108 - 1-1/4"" DARK WALNUT PANEL VENEER",Wood
5109,5.25,8.56,1.25,"5109 - 1-1/4"" BLACK PANEL VENEER",Wood
5112,6.43,10.03,1.75,"5112 - 1-3/4"" DARK WALNUT PANEL VENEER",Wood
5113,6.36,9.93,1.75,"5113 - 1-3/4"" BLACK PANEL VENEER",Wood
5114,4.47,7.45,1,"5114 - 7/8"" BEIGE W/SILVER LIP",Wood
5117,4.4,5.28,1,"*CLOSEOUT* 5117 - 7/8"" ESPRESSO W/ SILVER LIP",Wood
5118,5.91,8.82,1.75,"*CLOSEOUT* 5118 - 1-3/4"" ESPRESSO W/ SILVER LIP",Wood
5121,5.37,6.44,1.75,"*CLOSEOUT* - 5121 - 1-3/4""  DK.WAL. W/RIPPLE LIP",Wood
5122,5.37,6.44,1.75,"*CLOSEOUT* - 5122 - 1-3/4"" CHARCOAL W/RIPPLE LIP",Wood
5123,5.87,7.04,2.375,"*CLOSEOUT* - 5123 - 2-3/8""  LT.WAL. WOOD GRAIN",Wood
5124,5.83,7,2.375,"*CLOSEOUT* - 5124 - 2-3/8""  DK.WAL. WOOD GRAIN",Wood
5126,5.01,6.02,0.75,"*CLOSEOUT* - 5126 - 3/4""  CHAMPAGNE CAP",Wood
5131,4.25,5.1,1.125,"*CLOSEOUT* - 5131 - 1-1/8""  BLK.W/SILVER EDGE",Wood
5132,4.91,5.89,1.6875,"*CLOSEOUT* - 5132 - 1-5/8""  BLK.W/SILVER EDGE",Wood
5133,4.53,6.14,1.25,"5133 - 1-1/8"" GOLD W /BLACK SCRATCHES",Wood
5134,4.47,6.05,1.125,"5134 - 1-1/8"" SILVER W/ BLACK SCRATCHES",Wood
5136,4.6,6.22,1.25,"5136 - 1-1/8"" GOLD SCOOP",Wood
5146,5.67,8.34,1.125,"5146 - 1-1/8"" WHITE SLOPE CAP",Wood
5147,5.64,8.29,1.25,"5147 - 1-1/8"" CHAMPAGNE SILVER CAP",Wood
5148,5.66,8.32,1.25,"5148 - 1-1/8"" STREAKED SILVER CAP",Wood
5149,5.69,8.37,1.25,"5149 - 1-1/8"" GOLD FOIL CAP",Wood
5150,5.6,8.24,1.25,"5150 - 1-1/8"" BRONZE FOIL CAP",Wood
5151,5.52,8.13,1.25,"5151 - 1-1/8"" BLACK WASHED CAP",Wood
5152,5.5,8.1,1.25,"5152 - 1-1/8"" ESPRESSO CAP",Wood
5153,5.77,8.5,1.25,"5153 - 1-1/8"" BLACK CAP",Wood
5163,5.8,8.25,1.25,"5163 - 1-1/4"" BLACK W/ GOLD LIP",Wood
5175,3.32,3.98,1,"*CLOSEOUT* 5175 - 5/8"" SATIN BLACK",Wood
5176,3.44,4.13,1,"*CLOSEOUT* 5176 - 1"" SATIN BLACK",Wood
5177,3.74,4.49,2.5,"*CLOSEOUT* 5177 - 2-3/8"" SATIN BLACK",Wood
5183,3.96,4.75,1.875,"*CLOSEOUT* 5183 - 1-7/8"" TEXTURED WALNUT",Wood
5184,3.9,4.68,1.875,"*CLOSEOUT* 5184 - 1-7/8"" TEXTURED ESPRESSO",Wood
6019,7.75,9.3,1.625,"*CLOSEOUT* - 6019 - 1-5/8"" RUSTIC WHITE WASH",Wood
8018,18.4,29.18,3.5,"8018 - 3-1/2"" GOLD LEAF",Wood
8019,16.69,26.99,3.5,"8019 - 3-1/2"" SILVER LEAF",Wood
8020,17.99,28.53,3.5,"8020 - 3-1/2"" BROWN W/GOLD LIP",Wood
8021,16.52,26.7,3.5,"8021 - 3-1/2"" BLACK W/SILVER LIP",Wood
8022,15.78,25.11,3,"8022 - 3"" WHITE W/SILVER LIP",Wood
8023,17.73,27.68,3,"8023 - 3"" GOLD LEAF",Wood
8024,16.56,26.33,3,"8024 - 3""  SILVER LEAF",Wood
8025,16.22,25.8,3,"8025 - 3"" BROWN W/GOLD LIP",Wood
8026,15.96,25.41,3,"8026 - 3"" BLACK W/SILVER LIP",Wood
8027,10.65,19.66,1.75,"8027 - 1-3/4"" WHITE W/ SILVER LIP",Wood
8028,11.91,21.56,1.75,"8028 - 1-3/4"" GOLD LEAF",Wood
8029,11.8,21.36,1.75,"8029 - 1-3/4"" SILVER LEAF",Wood
8030,10.94,20.21,1.75,"8030 -1-3/4""  BROWN W/ GOLD LIP",Wood
8031,10.73,19.8,1.75,"8031 - 1-3/4"" BROWN W/ SILVER LIP",Wood
8032,13.04,16.53,2.25,"8032 - 2-1/4"" GOLD",Wood
8033,20.39,26.32,3.5,"8033 - 3-1/2"" GOLD",Wood
8034,12.9,16.36,2.25,"8034 - 2-1/4"" SILVER",Wood
8035,21.21,26.85,3.5,"8035 - 3-1/2"" SILVER",Wood
8036,13.28,16.87,3,"8036 - 3"" FLAT GOLD",Wood
8037,13.35,16.96,3,"8037 - 3"" FLAT SILVER",Wood
8038,17.98,26.21,3,"8038 - 3"" SOFT GOLD",Wood
8039,17.95,26.19,3,"8039 - 3"" SOFT SILVER",Wood
8040,14.1,23.91,2.75,"8040 - 2-3/4"" ANT. GOLD W/ BLACK RUB",Wood
8041,14.01,23.75,2.75,"8041 - 2-3/4"" ANT. SILVER W/ BLACK RUB",Wood
8042,13.62,23.26,2.75,"8042 - 2-3/4"" BROWN W/ GOLD LIP",Wood
8043,13.61,23.22,2.75,"8043 - 2-3/4"" BLACK W/ GOLD LIP",Wood
8044,13.34,22.76,2.75,"8044 - 2-3/4"" BLACK W/ SILVER LIP",Wood
8045,7.99,10.98,1,"8045 - 1"" GOLD",Wood
8046,7.92,10.88,1,"8046 - 1"" SILVER",Wood
8047,7.99,10.99,1,"8047 - 1"" BROWN W/ GOLD",Wood
8048,7.99,10.97,1,"8048 - 1"" BLACK W/ GOLD",Wood
8049,7.95,10.93,1,"8049 - 1"" BLACK W/ SILVER",Wood
8050,11.72,15.83,1.75,"8050 - 1-3/4"" GOLD",Wood
8051,11.61,15.69,1.75,"8051 - 1-3/4"" SILVER",Wood
8052,11.72,15.85,1.75,"8052 - 1-3/4"" BROWN W/ GOLD",Wood
8053,11.7,15.81,1.75,"8053 - 1-3/4"" BLACK W/ GOLD",Wood
8054,10.76,14.84,1.75,"8054 - 1-3/4"" BLACK W/ SILVER",Wood
8055,19.87,28.06,3,"8055 - 3"" GOLD",Wood
8056,19.53,27.58,3,"8056 - 3"" SILVER",Wood
8057,19.85,28.03,3,"8057 - 3"" BROWN W/ GOLD",Wood
8058,19.59,27.67,3,"8058 - 3"" BLACK W/ GOLD",Wood
8059,19.34,27.31,3,"8059 - 3"" BLACK W/ SILVER",Wood
9032,6.74,8.09,2.25,"*CLOSEOUT* - 9032 - 2-1/4""  LIGHT WALNUT DISTRESSED",Wood
9034,6.85,8.22,1,"*CLOSEOUT* - 9034 - 1"" WHITE SILVER",Wood
9035,6.91,8.29,1,"*CLOSEOUT* - 9035 - 1"" GREY SILVER",Wood
9039,9.05,11.92,1.75,"*CLOSEOUT* - 9039 - 1-3/4"" GREY SILVER",Wood
9041,9.07,11.94,1.75,"*CLOSEOUT* - 9041 - 1-3/4""  BLACK SILVER",Wood
9061,4.6,5.52,1,"*CLOSEOUT* - 9061 - 3/4"" RUSTIC BROWN GLAZE",Wood
9064,5.73,7.38,1,"*CLOSEOUT* - 9064 - 1"" RUSTIC BLUE GLAZE",Wood
M141-18,4.98,7.16,1.625,"M141-18 - 1-5/8"" CHARCOAL",Wood
M141-233,5.6,7.44,1.625,"M141-233 - 1-5/8"" CHAMPAGNE GOLD",Wood
M154-25,4.42,5.3,1.625,"*CLOSEOUT* M154-25 - 1-5/8"" GOLD TERRAIN",Wood
M165-21,3.75,5.34,1.6875,"M165-21 - 1-5/8"" LIGHT WALNUT",Wood
M165-24,3.67,5.22,1.6875,"M165-24 - 1-5/8"" MAHOGANY",Wood
M165-25,3.7,5.27,1.6875,"M165-25 - 1-5/8"" DARK WALNUT",Wood
M21-21,2.67,3.92,1.125,"*CLOSEOUT* M21-21 - 1-1/8"" LIGHT WALNUT",Wood
M21-24,3.5,4.21,1.125,"*CLOSEOUT* - M21-24 - 1-1/8"" MAHOGANY - KC Only",Wood
M240-71,5.25,7.48,1,"M240-71 - 1"" WALNUT WOODGRAIN SHADOW",Wood
M240-72,5.28,7.53,1,"M240-72 - 1"" OFF WHITE WOODGRAIN SHADOW",Wood
M240-78,5.18,7.38,1,"M240-78 - 1"" GREY WOODGRAIN SHADOWBOX",Wood
M240-79,5.28,7.52,1,"M240-79 - 1"" BLACK SHADOWBOX",Wood
M240-81,5.19,7.39,1,"M240-81 - 1"" DARK WALNUT SHADOWBOX",Wood
M240-82,5.36,7.63,1,"M240-82 - 1"" NATURAL SHADOWBOX",Wood
M240-88,5.18,7.37,1,"M240-88 - 1"" CHARCOAL SHADOWBOX",Wood
M24-250,3.96,6.32,1.25,"M24-250 - 1-1/4"" GOLD ORNATE",Wood
M251-03,3.06,4.72,1,"M251-03 - 1"" DARK STAINLESS STEEL",Wood
M252-10,4.41,6.46,2,"M252-10 - 2"" SATIN GOLD",Wood
M252-11,4.44,6.5,2,"M252-11 - 2"" BRONZE GOLD",Wood
M252-18,4.39,6.43,2,"M252-18 - 2"" SATIN CHARCOAL",Wood
M252-21,4.36,6.38,2,"M252-21 - 2"" ESPRESSO",Wood
M252-22,4.41,6.46,2,"M252-22 - 2"" WHITE",Wood
M252-29,4.53,6.64,2,"M252-29 - 2"" BLACK",Wood
M252-33,4.41,6.45,2,"M252-33 - 2"" SILVER FLAT TOP",Wood
M252-73,4.51,5.42,2,"*CLOSEOUT* - M252-73 - 2"" TRUE SILVER",Wood
M253-22,5.64,8.3,3,"M253-22 - 3"" WHITE",Wood
M253-23,5.54,6.65,3,"*CLOSEOUT* - M253-23 - 3"" CHAMPAGNE GOLD - KC Only",Wood
M266-22,3.59,5.05,1,"M266-22 - 1"" WHITE W/ SILVER EDGE",Wood
M267-22,4.92,6.95,1.875,"M267-22 - 1-7/8"" WHITE",Wood
M301-10,5.39,7.38,0.5,"M301-10 - 1-5/8"" DEEP GOLD FLOATER",Wood
M301-11,5.37,7.36,0.5,"M301-11 - 1-5/8"" DEEP BRONZE FLOATER",Wood
M301-13,5.3,7.27,0.5,"M301-13 - 1-5/8"" DEEP DARK SILVER FLOATER",Wood
M301-18,5.3,7.27,0.5,"M301-18 - 1-5/8"" DEEP CHARCOAL FLOATER",Wood
M301-22,5.42,7.43,0.5,"M301-22 - 1-5/8"" DEEP WHITE FLOATER",Wood
M301-29,5.4,7.4,0.5,"M301-29 - 1-5/8"" DEEP BLACK FLOATER",Wood
M301-33,5.36,7.34,1.6875,"M301-33 - 1-5/8"" STAINLESS STEEL FLOATER",Wood
M301-38,5.21,7.14,0.5,"M301-38 - 1-5/8"" DEEP BRONZE FLOATER",Wood
M301-93,5.38,7.37,0.5,"M301-93 - 1-5/8"" DEEP SATIN SILVER FLOATER",Wood
M303-11,5.37,7.36,0.5,"M303-11 - 1-5/8"" DEEP ESPRESSO FLOATER",Wood
M303-12,5.48,7.51,0.5,"M303-12 - 1-5/8"" DEEP NATURAL FLOATER",Wood
M303-18,5.18,7.1,0.5,"M303-18 - 1-5/8"" DEEP GREY FLOATER",Wood
M303-19,5.31,7.29,0.5,"M303-19 - 1-5/8"" DEEP BLACK FLOATER",Wood
M303-31,5.27,7.23,0.5,"M303-31 - 1-5/8"" DEEP WALNUT FLOATER",Wood
M317-11,4.95,7.22,1.75,"M317-11 - 1-3/4"" SKINNY BRONZE FLOATER",Wood
M317-21,4.91,7.16,1.75,"M317-21 - 1-3/4"" SKINNY BROWN FLOATER",Wood
M317-22,5.03,7.32,0.375,"M317-22 - 1-5/8"" DEEP SKINNY WHITE FLOATER",Wood
M317-29,5.04,7.34,0.375,"M317-29 - 1-5/8"" DEEP SKINNY BLACK FLOATER",Wood
M317-30,5.03,7.33,0.375,"M317-30 - 1-5/8"" DEEP SKINNY GOLD FLOATER",Wood
M317-73,4.98,7.26,1.75,"M317-73 - 1-3/4"" SKINNY SILVER FLOATER",Wood
M319-29,2.91,5.24,0.25,"M319-29 - 11/16"" DEEP BLACK FLOATER",Wood
M330-11,4.25,5.99,1,"M330-11 - 1"" GREY/ BEIGE LINE SHADOWBOX",Wood
M330-12,4.32,6.08,1,"M330-12 - 1"" WHITE/RED LINE SHADOWBOX",Wood
M330-121,4.3,6.06,1,"M330-121 - 1"" BROWN/WHITE BARNWOOD SHADOWBOX",Wood
M330-125,4.4,6.19,1,"M330-125 - 1"" DARK BROWN BARNWOOD SHADOWBOX",Wood
M330-131,4.32,6.08,1,"M330-131 - 1"" GREEN/BROWN BARNWOOD SHADOWBOX",Wood
M330-138,4.26,6,1,"M330-138 - 1"" WHITE/GREY BARNWOOD SHADOWBOX",Wood
M330-18,4.3,6.05,1,"M330-18 - 1"" CHARCOAL BARNWOOD SHADOWBOX",Wood
M330-19,4.27,6.03,1,"M330-19 - 1"" BLACK/LIGHT BROWN LINE/SHADOWBOX",Wood
M330-22,4.45,6.27,1,"M330-22 - 1"" WHITE SHADOWBOX",Wood
M330-28,4.3,6.06,1,"M330-28 - 1"" CHARCOAL/LIGHT BROWN LINE SHADOWBOX",Wood
M330-29,4.54,6.41,1,"M330-29 - 1"" BLACK SHADOWBOX",Wood
M330-73,4.33,6.09,1,"M330-73 - 1"" TRUE SILVER SHADOWBOX",Wood
M331-15,6.33,7.84,0.875,"M331-15 - 2-1/4"" DEEP GOLD SHADOWBOX",Wood
M331-20,6.46,8.01,1,"M331-20 - 1"" GOLD SHADOWBOX",Wood
M331-22,6.31,7.83,0.875,"M331-22 - 2-1/2"" DEEP WHITE SHADOWBOX",Wood
M331-23,6.41,7.94,1,"M331-23 - 1"" SILVER SHADOWBOX",Wood
M34-21,2.82,4.09,1,"M34-21 - 1"" WALNUT W/ BEADED LIP",Wood
M34-24,2.82,4.08,1,"*CLOSEOUT* M34-24 - 1"" MAHOGANY W/ BEADED LIP",Wood
M34-29,2.78,4.02,1,"M34-29 - 1"" BLACK",Wood
M360-71,4.95,6.94,0.375,"M360-71 - 1-5/8"" DEEP WALNUT WOODGRAIN FLOATER",Wood
M360-72,4.92,6.88,0.375,"M360-72 - 1-5/8"" DEEP OFF WHITE FLOATER",Wood
M360-78,4.9,6.85,0.375,"M360-78 - 1-5/8"" DEEP GREY FLOATER",Wood
M360-79,4.99,7,0.375,"M360-79 - 1 5/8"" DEEP BLACK FLOATER",Wood
M360-81,4.84,6.77,0.375,"M360-81 - 1-5/8"" DEEP DARK WALNUT FLOATER",Wood
M360-82,4.99,7,0.375,"M360-82 - 1-5/8"" DEEP NATURAL FLOATER",Wood
M360-88,4.88,6.83,0.375,"M360-88 - 1-5/8"" DEEP CHARCOAL FLOATER",Wood
M361-121,7.87,11.02,2.25,"M361-121 - 1-5/8"" DEEP LIGHT BROWN BARNWOOD FLOATER",Wood
M361-122,7.88,11.04,2.25,"M361-122 - 1-5/8"" DEEP GREY/BROWN BARNWOOD FLOATER",Wood
M361-125,7.97,11.16,2.25,"M361-125 - 1-5/8"" DEEP DARK BROWN BARNWOOD FLOATER",Wood
M361-138,7.85,9.42,2.25,"*CLOSEOUT* - M361-138 - 2-1/4"" LIGHT GREY BARNWOOD FLOATER - KC Only",Wood
M362-12,6.91,8.29,2.125,"M362-12 - 1-9/16"" DEEP WHITE SCRATCH FLOATER",Wood
M362-19,6.87,8.25,2.125,"M362-19 - 1-9/16"" DEEP BLACK SCRATCH FLOATER",Wood
M41-22,3.87,6.08,1.25,"M41-22 - 1-1/4"" SATIN WHITE",Wood
M41-233,4.14,5.61,1.1875,"M41-233 - 1-3/16"" CHAMPAGNE GOLD",Wood
M429-121,3.81,5.5,1.25,"M429-121 - 1-1/4"" BROWN BARNWOOD",Wood
M429-125,3.78,5.47,1.25,"M429-125 - 1-1/4"" CHOCOLATE BARNWOOD",Wood
M429-138,3.8,5.5,1.25,"M429-138 - 1-1/4"" GREY BARNWOOD",Wood
M430-121,4.49,6.25,2,"M430-121 - 2"" BROWN BARNWOOD",Wood
M430-125,4.51,6.29,2,"M430-125 - 2"" CHOCOLATE BARNWOOD",Wood
M430-138,4.52,6.29,2,"M430-138 - 2"" GREY BARNWOOD",Wood
M432-02,4.04,6.19,0.875,"M432-02 - 7/8"" WHITE LACQUER",Wood
M432-09,4,6.13,0.875,"M432-09  - 7/8"" BLACK LACQUER",Wood
M432-10,3.14,4.83,0.875,"M432-10 - 7/8"" SATIN GOLD",Wood
M432-11,3.14,4.83,0.875,"M432-11 - 7/8"" BRONZE GOLD",Wood
M432-13,3.02,4.63,0.875,"M432-13 - 7/8"" SATIN DARK SILVER",Wood
M432-15,3.01,3.61,0.875,"*CLOSEOUT* - M432-15 - 7/8"" SATIN BRONZE",Wood
M432-18,3.14,4.82,0.875,"M432-18 - 7/8"" SATIN CHARCOAL",Wood
M432-20,3.78,5.45,0.875,"M432-20 - 7/8"" GOLD",Wood
M432-21,3.05,4.68,0.875,"M432-21 - 7/8"" ESPRESSO",Wood
M432-22,3.18,4.89,0.875,"M432-22 - 7/8"" WHITE",Wood
M432-23,3.74,5.41,0.875,"M432-23 - 7/8"" SILVER",Wood
M432-233,3.39,5.06,0.875,"M432-233 - 7/8"" CHAMPAGNE GOLD",Wood
M432-29,3.21,4.94,0.875,"M432-29 - 7/8"" BLACK",Wood
M432-73,3.62,5.37,1,"M432-73 - 1"" TRUE SILVER",Wood
M432-79,3.58,5.29,1,"M432-79 - 1"" SPECKLED BLACK",Wood
M432-83,3.54,5.24,1,"M432-83 - 1"" SPECKLED SILVER",Wood
M47-29,5.2,6.76,2,"M47-29 - 2""  SATIN BLACK",Wood
M533-210,2.84,4.12,1.25,"M533-210 - 1-1/4"" LIGHT WALNUT/ BLACK",Wood
M533-240,2.86,4.14,1.25,"M533-240 - 1-1/4"" MAHOGANY & BLACK",Wood
M69-21,3.52,5.08,1.5,"M69-21 - 1-1/2"" WALNUT W/ BEADED LIP",Wood
M69-24,3.54,5.11,1.5,"M69-24 - 1-1/2"" MAHOGANY W/ BEADED LIP",Wood
SB1,3.32,4.61,1.5,"SB1 - 1-1/2"" STRETCHER BAR",Extender
SB2,4.21,5.76,2,"SB2 - 2"" STRETCHER BAR",Extender
SB3,4.54,6.02,1.75,"SB3 - 1-3/4"" STRETCHER BAR",Extender
SB4,4.73,5.98,1.9375,"SB4 - 1-15/16"" STRETCHER BAR",Extender