Item #,Description,Line                   Name,Size Decimal,Rabbet Decimal, cost , Chop , Join , Sugg. Retail , AC 
511062,MATTE BLACK RIPPLED PATTERN,Pompeii,1.1250,0.2500, $ 5.45 , $ 8.72 , $ 11.41 , $ 24.80 ,
520193,TINY SILVER W/GRAY DIAMONDS,Diamanti,.625,.3125, $ 10.54 , $ 17.37 , $ 22.11 , $ 46.40 ,
520195,TINY SILVER W/ TEAL DIAMONDS,Diamanti,.625,.3125, $ 10.54 , $ 17.37 , $ 22.11 , $ 46.40 ,
520196,TINY GOLD W/UMBER DIAMONDS,Diamanti,.625,.3125, $ 9.37 , $ 15.49 , $ 20.03 , $ 41.70 ,
520198,TINY GOLD W/GREEN DIAMONDS,Diamanti,.625,.3125, $ 9.37 , $ 15.49 , $ 20.03 , $ 41.70 ,
520199,TINY SILVER W/DIAMONDS,Diamanti,.625,.3125, $ 9.91 , $ 16.36 , $ 20.99 , $ 43.90 ,
520200,TINY GOLD W/DIAMONDS,Diamanti,.625,.3125, $ 9.37 , $ 15.49 , $ 20.03 , $ 41.70 ,
520203,BLUE CELESTINE CENTURY ANGLE,Century,1.625,.6875, $ 12.86 , $ 21.13 , $ 26.25 , $ 55.80 ,
520205,BLACK DIAMOND CENTURY ANGLE,Century,1.625,.6875, $ 12.86 , $ 21.13 , $ 26.25 , $ 55.80 ,
520215,CREME CREPE SHIMMY,Shimmy,.9375,.625, $ 7.96 , $ 13.19 , $ 17.51 , $ 36.00 ,
520216,CHAMPAGNE CREPE SHIMMY,Shimmy,.9375,.375, $ 7.96 , $ 13.19 , $ 17.51 , $ 36.00 ,
520217,SILVER NOIR SHIMMY,Shimmy,.9375,.625, $ 7.96 , $ 13.19 , $ 17.51 , $ 36.00 ,
520218,TURQUOISE CREPE SHIMMY,Shimmy,.9375,.625, $ 7.96 , $ 13.19 , $ 17.51 , $ 36.00 ,
520219,MOUTARDE CREPE SHIMMY,Shimmy,.9375,.625, $ 7.96 , $ 13.19 , $ 17.51 , $ 36.00 ,
520220,MANDARINE CREPE SHIMMY,Shimmy,.9375,.625, $ 7.96 , $ 13.19 , $ 17.51 , $ 36.00 ,
520221,NOIR CREPE SHIMMY,Shimmy,.9375,.625, $ 7.96 , $ 13.19 , $ 17.51 , $ 36.00 ,
520224,CHARTREUSE CREPE SHIMMY,Shimmy,.9375,.375, $ 7.96 , $ 13.19 , $ 17.51 , $ 36.00 ,
520225,ECRU CREPE SHIMMY,Shimmy,.9375,.375, $ 7.96 , $ 13.19 , $ 17.51 , $ 36.00 ,
520226,DENIM CREPE SHIMMY,Shimmy,.9375,.375, $ 7.96 , $ 13.19 , $ 17.51 , $ 36.00 ,
520227,CABERNET CREPE SHIMMY,Shimmy,.9375,.375, $ 7.96 , $ 13.19 , $ 17.51 , $ 36.00 ,
520233,SANDSTONE SILVER BLOCK,Indus,1.1875,.75, $ 11.36 , $ 18.71 , $ 23.58 , $ 49.80 ,
520234,PURPLE MOUNTAINS SILVER BLOCK,Indus,1.1875,.75, $ 11.36 , $ 18.71 , $ 23.58 , $ 49.80 ,
520235,BLUE DELTA SILVER BLOCK,Indus,1.1875,.75, $ 11.36 , $ 18.71 , $ 23.58 , $ 49.80 ,
520236,EUCALYPTUS GOLD BLOCK,Indus,1.1875,.75, $ 11.36 , $ 18.71 , $ 23.58 , $ 49.80 ,
520237,GREEN JADE GOLD BLOCK,Indus,1.1875,.75, $ 11.36 , $ 18.71 , $ 23.58 , $ 49.80 ,
520238,WHITE HERON GOLD BLOCK,Indus,1.1875,.75, $ 11.36 , $ 18.71 , $ 23.58 , $ 49.80 ,
520239,SILVER ZEPHYR MID-CENTURY,Century,1,.375, $ 10.61 , $ 17.49 , $ 22.24 , $ 46.70 ,
520244,ESPRESSO SCOOP,Gelato,1.0625,.5, $ 12.44 , $ 20.45 , $ 25.49 , $ 54.10 ,
520245,FRUTTI DI BOSCO SCOOP,Gelato,1.0625,.5, $ 12.44 , $ 20.45 , $ 25.49 , $ 54.10 ,
520246,LIMONCELLO SCOOP,Gelato,1.0625,.5, $ 12.44 , $ 20.45 , $ 25.49 , $ 54.10 ,
520247,ROSMARINO SCOOP,Gelato,1.0625,.5, $ 12.44 , $ 20.45 , $ 25.49 , $ 54.10 ,
520248,PISTACHIO SCOOP,Gelato,1.0625,.5, $ 12.44 , $ 20.45 , $ 25.49 , $ 54.10 ,
520249,MENTA SCOOP,Gelato,1.0625,.5, $ 12.44 , $ 20.45 , $ 25.49 , $ 54.10 ,
520250,AMARETTO SCOOP,Gelato,1.0625,.5, $ 12.44 , $ 20.45 , $ 25.49 , $ 54.10 ,
520251,BACCELLO DI VANIGLIA SCOOP,Gelato,1.0625,.5, $ 15.73 , $ 25.79 , $ 31.37 , $ 67.50 ,
520254,SMOKE SILVER LEAF HALF DOME,Duomo,1,.4375, $ 9.14 , $ 15.10 , $ 18.11 , $ 40.80 ,
520257,ECRU CREPE SHIMMY CAP,Shimmy,.9375,.9375, $ 12.47 , $ 20.50 , $ 25.55 , $ 54.30 ,
520258,TURQUOISE CREPE SHIMMY CAP,Shimmy,.9375,.9375, $ 12.47 , $ 20.50 , $ 25.55 , $ 54.30 ,
520259,NOIR CREPE SHIMMY CAP,Shimmy,.9375,.9375, $ 12.47 , $ 20.50 , $ 25.55 , $ 54.30 ,
520260,MANDARINE CREPE SHIMMY CAP,Shimmy,.9375,.9375, $ 12.47 , $ 20.50 , $ 25.55 , $ 54.30 ,
520261,SILVER NOIR SHIMMY CAP,Shimmy,.9375,.9375, $ 12.47 , $ 20.50 , $ 25.55 , $ 54.30 ,
520262,CRÈME CREPE SHIMMY CAP,Shimmy,.9375,.9375, $ 12.47 , $ 20.50 , $ 25.55 , $ 54.30 ,
520263,MOCHA RUST CENTURY ANGLE,Oxide,1.625,.6875, $ 11.98 , $ 19.71 , $ 24.68 , $ 52.30 ,
520264,AMBER RUST CENTURY ANGLE,Oxide,1.625,.6875, $ 10.99 , $ 18.11 , $ 22.92 , $ 48.30 ,
520266,TEAL RUST CENTURY ANGLE,Oxide,1.625,.6875, $ 11.98 , $ 19.71 , $ 24.68 , $ 52.30 ,
520267,BLACK IRAN RUST CENTURY ANGLE,Oxide,1.625,.6875, $ 11.98 , $ 19.71 , $ 24.68 , $ 52.30 ,
520270,OXBLOOD RUST MID-CENTURY,Oxide,1,.4375, $ 9.20 , $ 15.21 , $ 19.73 , $ 41.00 ,
520271,TEAL RUST MID-CENTURY,Oxide,1,.4375, $ 9.20 , $ 15.21 , $ 19.73 , $ 41.00 ,
520272,BLACK IRON RUST MID-CENTURY,Oxide,1,.4375, $ 9.20 , $ 15.21 , $ 19.73 , $ 41.00 ,
520274,IRON & BRONZE STONEHENGE,Stonehenge,2.75,1, $ 18.19 , $ 29.76 , $ 33.50 , $ 77.40 ,
520292,WASABI BAMBU,Bambu,.75,.4375, $ 13.11 , $ 21.53 , $ 26.68 , $ 56.80 ,
520293,KOI BAMBU,Bambu,.75,.4375, $ 13.11 , $ 21.53 , $ 26.68 , $ 56.80 ,
520294,SHIBORI BLUE BAMBU,Bambu,.75,.4375, $ 13.11 , $ 21.53 , $ 26.68 , $ 56.80 ,
520295,FUJI GREY BAMBU,Bambu,.75,.4375, $ 13.11 , $ 21.53 , $ 26.68 , $ 56.80 ,
520296,NATURAL BAMBU,Bambu,.75,.4375, $ 13.11 , $ 21.53 , $ 26.68 , $ 56.80 ,
520297,GEISHA BAMBU,Bambu,.75,.4375, $ 13.11 , $ 21.53 , $ 26.68 , $ 56.80 ,
520298,WHISKEY BAMBU,Bambu,.75,.4375, $ 13.11 , $ 21.53 , $ 26.68 , $ 56.80 ,
520299,TOMAGO BAMBU,Bambu,.75,.4375, $ 13.11 , $ 21.53 , $ 26.68 , $ 56.80 ,
520300,SANDSTONE TINY BLOCK,Indus,.5625,.4375, $ 8.14 , $ 13.49 , $ 17.83 , $ 36.70 ,
520301,PURPLE MOUNTAINS TINY BLOCK,Indus,.5625,.4375, $ 8.14 , $ 13.49 , $ 17.83 , $ 36.70 ,
520302,BLUE DELTA TINY BLOCK,Indus,.5625,.4375, $ 8.14 , $ 13.49 , $ 17.83 , $ 36.70 ,
520303,EUCALYPTUS TINY BLOCK,Indus,.5625,.4375, $ 8.14 , $ 13.49 , $ 17.83 , $ 36.70 ,
520304,GREEN JADE TINY BLOCK,Indus,.5625,.4375, $ 8.14 , $ 13.49 , $ 17.83 , $ 36.70 ,
520305,WHITE HERON TINY BLOCK,Indus,.5625,.4375, $ 8.14 , $ 13.49 , $ 17.83 , $ 36.70 ,
520306,FELDSPAR GREEN RAKU,Raku,1.9375,.75, $ 16.28 , $ 26.67 , $ 32.34 , $ 69.70 ,
520307,IRRIDESCENT FLINT RAKU,Raku,1.9375,.75, $ 16.28 , $ 26.67 , $ 32.34 , $ 69.70 ,
520308,COBALT BLUE RAKU,Raku,1.9375,.75, $ 16.28 , $ 26.67 , $ 32.34 , $ 69.70 ,
520309,COPPER RED RAKU,Raku,1.9375,.75, $ 16.28 , $ 26.67 , $ 32.34 , $ 69.70 ,
520310,COPPER FLAME RAKU,Raku,1.9375,.75, $ 16.28 , $ 26.67 , $ 32.34 , $ 69.70 ,
520311,SPARTA GOLD RAKU,Raku,1.9375,.75, $ 16.28 , $ 26.67 , $ 32.34 , $ 69.70 ,
520312,FELDSPAR GREEN KINTSUGI,Raku,1,.4375, $ 9.21 , $ 15.21 , $ 19.74 , $ 41.00 ,
520313,IRRIDESCENT FLINT KINTSUGI,Raku,1,.4375, $ 9.21 , $ 15.21 , $ 19.74 , $ 41.00 ,
520314,COBALT BLUE KINTSUGI,Raku,1,.4375, $ 9.21 , $ 15.21 , $ 19.74 , $ 41.00 ,
520315,COPPER RED KINTSUGI,Raku,1,.4375, $ 9.21 , $ 15.21 , $ 19.74 , $ 41.00 ,
520316,COPPER FLAME KINTSUGI,Raku,1,.4375, $ 9.21 , $ 15.21 , $ 19.74 , $ 41.00 ,
520317,SPARTA GOLD KINTSUGI,Raku,1,.4375, $ 9.21 , $ 15.21 , $ 19.74 , $ 41.00 ,
520330,ORO BRANCUSI DEEP CAP,Brancusi,.75,1, $ 12.86 , $ 21.14 , $ 26.25 , $ 55.80 ,
520331,NERO BRANCUSI DEEP CAP,Brancusi,.75,1, $ 11.74 , $ 19.31 , $ 24.24 , $ 51.30 ,
520332,ARGENTO BRANCUSI DEEP CAP,Brancusi,.75,1, $ 12.86 , $ 21.14 , $ 26.25 , $ 55.80 ,
520333,PLATINO BRANCUSI DEEP CAP,Brancusi,.75,1, $ 15.38 , $ 25.22 , $ 30.74 , $ 66.00 ,
520334,ORO ROSA BRANCUSI DEEP CAP,Brancusi,.75,1, $ 15.38 , $ 25.22 , $ 30.74 , $ 66.00 ,
520335,PIOMBO BRANCUSI DEEP CAP,Brancusi,.75,1, $ 12.86 , $ 21.14 , $ 26.25 , $ 55.80 ,
520336,TINY ORO BRANCUSI,Brancusi,.625,.3125, $ 7.40 , $ 12.29 , $ 16.52 , $ 33.70 ,
520337,TINY NERO BRANCUSI,Brancusi,.625,.3125, $ 5.45 , $ 9.14 , $ 13.05 , $ 25.80 ,
520338,TINY ARGENTO BRANCUSI,Brancusi,.625,.3125, $ 7.40 , $ 12.29 , $ 16.52 , $ 33.70 ,
520339,TINY PLATINO BRANCUSI,Brancusi,.625,.3125, $ 9.23 , $ 15.25 , $ 19.78 , $ 41.10 ,
520340,TINY ORO ROSA BRANCUSI,Brancusi,.625,.3125, $ 9.23 , $ 15.25 , $ 19.78 , $ 41.10 ,
520341,TINY PIOMBO BRANCUSI,Brancusi,.625,.3125, $ 7.40 , $ 12.29 , $ 16.52 , $ 33.70 ,
520342,CHESTNUT TINY BRAMBLE,Bramble,.5625,.4375, $ 5.54 , $ 9.27 , $ 13.20 , $ 26.20 ,
520343,HONEYSUCKLE TINY BRAMBLE,Bramble,.5625,.4375, $ 5.54 , $ 9.27 , $ 13.20 , $ 26.20 ,
520344,PRIMROSE TINY BRAMBLE,Bramble,.5625,.4375, $ 5.54 , $ 9.27 , $ 13.20 , $ 26.20 ,
520345,THISLTE TINY BRAMBLE,Bramble,.5625,.4375, $ 5.54 , $ 9.27 , $ 13.20 , $ 26.20 ,
520346,GOLDENROD TINY BRAMBLE,Bramble,.5625,.4375, $ 5.54 , $ 9.27 , $ 13.20 , $ 26.20 ,
520347,TSUNAMI BAMBU,Bambu,.75,.4375, $ 13.11 , $ 21.53 , $ 26.68 , $ 56.80 ,
520372,BEL AIR BLUE LINE,LaLa,1,.4375, $ 6.44 , $ 10.73 , $ 13.51 , $ 29.80 ,
520376,PACIFIC BLUE SCOOP,LaLa,2,.5, $ 15.18 , $ 24.90 , $ 30.39 , $ 65.20 ,
520377,TECHNICOLOR SCOOP,LaLa,2,.5, $ 15.18 , $ 24.90 , $ 30.39 , $ 65.20 ,
520379,OSCAR GOLD SCOOP,LaLa,2,.5, $ 15.18 , $ 24.90 , $ 30.39 , $ 65.20 ,
520381,LUNAR SURFACE SCOOP,Luna,2,.5, $ 17.20 , $ 28.17 , $ 33.99 , $ 73.40 ,
520382,MARS ROVER SCOOP,Luna,2,.5, $ 17.20 , $ 28.17 , $ 33.99 , $ 73.40 ,
520383,"2"" LUNAR SURFACE",Luna,2,.5, $ 15.08 , $ 24.73 , $ 30.20 , $ 64.80 ,
520384,"2"" MARS ROVER",Luna,2,.5, $ 15.08 , $ 24.73 , $ 30.20 , $ 64.80 ,
520385,"2"" SILVER MOONWALK NEBULA",Luna,2,.5, $ 19.19 , $ 31.39 , $ 37.53 , $ 81.50 ,
520386,"2"" TEAL GALAXY NEBULA",Luna,2,.5, $ 19.19 , $ 31.39 , $ 37.53 , $ 81.50 ,
520387,"2"" DEEP SPACE NEBULA",Luna,2,.5, $ 19.19 , $ 31.39 , $ 37.53 , $ 81.50 ,
520388,SILVER MOONWALK NEBULA BLOCK,Luna,1.1875,.6875, $ 15.72 , $ 25.77 , $ 31.35 , $ 67.40 ,
520389,TEAL GALAXY NEBULA BLOCK,Luna,1.1875,.6875, $ 15.72 , $ 25.77 , $ 31.35 , $ 67.40 ,
520390,DEEP SPACE NEBULA BLOCK,Luna,1.1875,.6875, $ 15.72 , $ 25.77 , $ 31.35 , $ 67.40 ,
520391,APRICOT METALLIC GINGHAM,Gingham,1.7500,.5625, $ 14.21 , $ 23.33 , $ 28.66 , $ 61.30 ,
520394,PERIWINKLE METALLIC GINGHAM,Gingham,1.7500,.5625, $ 14.21 , $ 23.33 , $ 28.66 , $ 61.30 ,
520395,BUBBLEGUM METALLIC GINGHAM,Gingham,1.7500,.5625, $ 14.21 , $ 23.33 , $ 28.66 , $ 61.30 ,
520396,EBONY ARABESQUE,Bernini,1,.375, $ 10.07 , $ 16.61 , $ 21.28 , $ 44.50 ,
520397,CHERUB ARABESQUE,Bernini,1,.375, $ 10.07 , $ 16.61 , $ 21.28 , $ 44.50 ,
520398,OLIVE ARABESQUE,Bernini,1,.375, $ 10.07 , $ 16.61 , $ 21.28 , $ 44.50 ,
520399,STERLING ARABESQUE,Bernini,1,.375, $ 11.74 , $ 19.32 , $ 24.25 , $ 51.30 ,
520400,CERULEAN BLUE LAUREL,Daphne,1,.375, $ 10.07 , $ 16.61 , $ 21.28 , $ 44.50 ,
520401,PHARAOH GREEN LAUREL,Daphne,1,.375, $ 10.07 , $ 16.61 , $ 21.28 , $ 44.50 ,
520402,ROYAL HEATHER LAUREL,Daphne,1,.375, $ 10.07 , $ 16.61 , $ 21.28 , $ 44.50 ,
520403,EBONY ROSE LAUREL,Daphne,1,.375, $ 10.07 , $ 16.61 , $ 21.28 , $ 44.50 ,
520404,OLIVE GREEN LAUREL,Daphne,1,.375, $ 10.07 , $ 16.61 , $ 21.28 , $ 44.50 ,
520405,CHIFFON GOLD LAUREL,Daphne,1,.375, $ 10.07 , $ 16.61 , $ 21.28 , $ 44.50 ,
520406,COPPER FLAME RAKU DEEP CAP,Raku,0.7500,1, $ 14.06 , $ 23.07 , $ 28.38 , $ 60.70 ,
520407,FELDSPAR GREEN RAKU DEEP CAP,Raku,0.7500,1, $ 14.06 , $ 23.07 , $ 28.38 , $ 60.70 ,
520408,SPARTA GOLD RAKU DEEP CAP,Raku,0.7500,1, $ 14.06 , $ 23.07 , $ 28.38 , $ 60.70 ,
520409,COBALT BLUE RAKU DEEP CAP,Raku,0.7500,1, $ 14.06 , $ 23.07 , $ 28.38 , $ 60.70 ,
520410,COPPER RED RAKU DEEP CAP,Raku,0.7500,1, $ 14.06 , $ 23.07 , $ 28.38 , $ 60.70 ,
520411,COPPER FLAME RAKU BLOCK,Raku,1.1875,.6875, $ 14.47 , $ 23.75 , $ 29.12 , $ 62.40 ,
520412,FELDSPAR GREEN RAKU BLOCK,Raku,1.1875,.6875, $ 14.47 , $ 23.75 , $ 29.12 , $ 62.40 ,
520413,SPARTA GOLD RAKU BLOCK,Raku,1.1875,.6875, $ 14.47 , $ 23.75 , $ 29.12 , $ 62.40 ,
520414,COBALT BLUE RAKU BLOCK,Raku,1.1875,.6875, $ 14.47 , $ 23.75 , $ 29.12 , $ 62.40 ,
520415,COPPER RED RAKU BLOCK,Raku,1.1875,.6875, $ 14.47 , $ 23.75 , $ 29.12 , $ 62.40 ,
520416,TINY COPPER FLAME RAKU ,Raku,0.5625,.5, $ 8.14 , $ 13.48 , $ 17.83 , $ 36.70 ,
520417,TINY FELDSPAR GREEN RAKU ,Raku,0.5625,.5, $ 8.14 , $ 13.48 , $ 17.83 , $ 36.70 ,
520418,TINY SPARTA GOLD RAKU ,Raku,0.5625,.5, $ 8.14 , $ 13.48 , $ 17.83 , $ 36.70 ,
520419,TINY COBALT BLUE RAKU ,Raku,0.5625,.5, $ 8.14 , $ 13.48 , $ 17.83 , $ 36.70 ,
520420,TINY COPPER RED RAKU ,Raku,0.5625,.5, $ 8.14 , $ 13.48 , $ 17.83 , $ 36.70 ,
520451,CELESTINE BLUE FILIGREE,Bernini,2.0000,0.5000, $ 21.35 , $ 34.88 , $ 41.37 , $ 90.20 ,
520452,CHIFFON GOLD FILIGREE,Bernini,2.0000,0.5000, $ 21.35 , $ 34.88 , $ 41.37 , $ 90.20 ,
520453,CAPPUCCINO ROSE FILIGREE,Bernini,2.0000,0.5000, $ 21.35 , $ 34.88 , $ 41.37 , $ 90.20 ,
520454,ITALIAN ORCHID FILIGREE,Bernini,2.0000,0.5000, $ 21.35 , $ 34.88 , $ 41.37 , $ 90.20 ,
520459,CAMPFIRE BLACK TRACKS MEDIUM BLOCK,Scout,1.5625,1.0625, $ 12.10 , $ 19.91 , $ 24.90 , $ 52.80 ,
520462,SCOUT BLUE TRACKS MEDIUM BLOCK,Scout,1.5625,1.0625, $ 12.10 , $ 19.91 , $ 24.90 , $ 52.80 ,
520463,CAMPFIRE BLACK TRACKS  BLOCK,Scout,1.1250,0.6875, $ 9.35 , $ 15.45 , $ 20.00 , $ 41.60 ,
520464,CABINE RED TRACKS  BLOCK,Scout,1.1250,0.6875, $ 9.35 , $ 15.45 , $ 20.00 , $ 41.60 ,
520465,SCOUT GREEN TRACKS BLOCK,Scout,1.1250,0.6875, $ 9.35 , $ 15.45 , $ 20.00 , $ 41.60 ,
520466,SCOUT BLUE TRACKS  BLOCK,Scout,1.1250,0.6875, $ 9.35 , $ 15.45 , $ 20.00 , $ 41.60 ,
520473,GILDED BERRIES OF VERSAILLES,Marie,2.6875,0.5000, $ 27.36 , $ 44.62 , $ 52.08 , $ 114.60 ,
520474,VERDANT BERRIES OF VERSAILLES,Marie,2.6875,0.5000, $ 27.36 , $ 44.62 , $ 52.08 , $ 114.60 ,
520475,PETITE GOLD AND GREY ROCOCO RUFFLE,Marie,0.7500,0.375, $ 12.72 , $ 20.90 , $ 25.99 , $ 55.30 ,
520476,PETITE GOLD AND ROUGE ROCOCO RUFFLE,Marie,0.7500,0.375, $ 12.72 , $ 20.90 , $ 25.99 , $ 55.30 ,
520477,PETITE BRIGHT GOLD ROCOCO RUFFLE,Marie,0.7500,0.375, $ 12.72 , $ 20.90 , $ 25.99 , $ 55.30 ,
520478,PETITE GOLD AND GREEN ROCOCO RUFFLE,Marie,0.7500,0.375, $ 12.72 , $ 20.90 , $ 25.99 , $ 55.30 ,
520479,PETITE GOLD AND BLEU ROCOCO RUFFLE,Marie,0.7500,0.375, $ 12.72 , $ 20.90 , $ 25.99 , $ 55.30 ,
520482,GOLDEN PEARL TINY SCALLOP,Abalone,0.5625,0.4375, $ 9.62 , $ 15.89 , $ 20.48 , $ 42.70 ,
520483,COPPER CORAL TINY SCALLOP,Abalone,0.5625,0.4375, $ 10.47 , $ 17.26 , $ 21.99 , $ 46.20 ,
520484,DOLPHIN BLUE TINY SCALLOP,Abalone,0.5625,0.4375, $ 9.62 , $ 15.89 , $ 20.48 , $ 42.70 ,
520485,OYSTER PEARL TINY SCALLOP,Abalone,0.5625,0.4375, $ 9.62 , $ 15.89 , $ 20.48 , $ 42.70 ,
520486,SILVER SANDS TINY SCALLOP,Abalone,0.5625,0.4375, $ 9.62 , $ 15.89 , $ 20.48 , $ 42.70 ,
520487,SILVER SHARKL TINY SCALLOP,Abalone,0.5625,0.4375, $ 9.62 , $ 15.89 , $ 20.48 , $ 42.70 ,
520488,MOON JELLYFISH TINY SCALLOP,Abalone,0.5625,0.4375, $ 9.62 , $ 15.89 , $ 20.48 , $ 42.70 ,
520489,MAROONED TINY SCALLOP,Abalone,0.5625,0.4375, $ 9.62 , $ 15.89 , $ 20.48 , $ 42.70 ,
520496,JET BLACK POP,Pop!,0.625,0.3125, $ 9.51 , $ 15.70 , $ 20.27 , $ 42.30 ,
520497,ELECTRIC BLUE POP,Pop!,0.625,0.3125, $ 9.51 , $ 15.70 , $ 20.27 , $ 42.30 ,
520498,PARADISE BLUE POP,Pop!,0.625,0.3125, $ 9.51 , $ 15.70 , $ 20.27 , $ 42.30 ,
520499,KALE POP,Pop!,0.625,0.3125, $ 9.51 , $ 15.70 , $ 20.27 , $ 42.30 ,
520500,EMERALD POP,Pop!,0.625,0.3125, $ 9.51 , $ 15.70 , $ 20.27 , $ 42.30 ,
520501,GREENERY POP,Pop!,0.625,0.3125, $ 9.51 , $ 15.70 , $ 20.27 , $ 42.30 ,
520503,MIMOSA POP,Pop!,0.625,0.3125, $ 9.51 , $ 15.70 , $ 20.27 , $ 42.30 ,
520504,TIGERLILY POP,Pop!,0.625,0.3125, $ 9.51 , $ 15.70 , $ 20.27 , $ 42.30 ,
520505,BORDEAUX POP,Pop!,0.625,0.3125, $ 9.51 , $ 15.70 , $ 20.27 , $ 42.30 ,
520506,FUCHSIA POP,Pop!,0.625,0.3125, $ 9.51 , $ 15.70 , $ 20.27 , $ 42.30 ,
520507,CARAMEL POP,Pop!,0.625,0.3125, $ 9.51 , $ 15.70 , $ 20.27 , $ 42.30 ,
520508,ROOT BEER POP,Pop!,0.625,0.3125, $ 9.51 , $ 15.70 , $ 20.27 , $ 42.30 ,
520509,CARAMEL ANGLE,Pop!,1.125,0.5000, $ 10.84 , $ 17.86 , $ 22.64 , $ 47.60 ,
520510,JET BLACK ANGLE,Pop!,1.125,0.5000, $ 11.81 , $ 19.44 , $ 24.38 , $ 51.60 ,
520511,ELECTRIC BLUE ANGLE,Pop!,1.125,0.5000, $ 11.81 , $ 19.44 , $ 24.38 , $ 51.60 ,
520512,FUCHSIA ANGLE,Pop!,1.125,0.5000, $ 11.81 , $ 19.44 , $ 24.38 , $ 51.60 ,
520513,LILAC AMETHYST BLOCK,Quarry,1.9375,0.7500, $ 24.18 , $ 39.47 , $ 46.41 , $ 101.70 ,
520515,WHITE MOONSTONE BLOCK,Quarry,1.9375,0.7500, $ 22.18 , $ 36.23 , $ 42.86 , $ 93.60 ,
520516,TURQUOISE BLOCK,Quarry,1.9375,0.7500, $ 24.18 , $ 39.47 , $ 46.41 , $ 101.70 ,
520517,GREEN JASPER BLOCK,Quarry,1.9375,0.7500, $ 24.18 , $ 39.47 , $ 46.41 , $ 101.70 ,
520518,LAPIS LAZULI BLOCK,Quarry,1.9375,0.7500, $ 24.18 , $ 39.47 , $ 46.41 , $ 101.70 ,
520519,TIGER'S EYE BLOCK,Quarry,1.9375,0.7500, $ 24.18 , $ 39.47 , $ 46.41 , $ 101.70 ,
520520,RED GARNET BLOCK,Quarry,1.9375,0.7500, $ 24.18 , $ 39.47 , $ 46.41 , $ 101.70 ,
520521,LILAC AMETHYST DOME CAP,Quarry,1.1875,1.1875, $ 20.87 , $ 34.11 , $ 40.52 , $ 88.30 ,
520522,ROSE QUARTZ DOME CAP,Quarry,1.1875,1.1875, $ 20.87 , $ 34.11 , $ 40.52 , $ 88.30 ,
520523,WHITE MOONSTONE DOME CAP,Quarry,1.1875,1.1875, $ 20.87 , $ 34.11 , $ 40.52 , $ 88.30 ,
520524,TURQUOISE DOME CAP,Quarry,1.1875,1.1875, $ 20.87 , $ 34.11 , $ 40.52 , $ 88.30 ,
520525,GREEN JASPER DOME CAP,Quarry,1.1875,1.1875, $ 20.87 , $ 34.11 , $ 40.52 , $ 88.30 ,
520526,LAPIS LAZULI DOME CAP,Quarry,1.1875,1.1875, $ 20.87 , $ 34.11 , $ 40.52 , $ 88.30 ,
520527,TIGER'S EYE DOME CAP,Quarry,1.1875,1.1875, $ 20.87 , $ 34.11 , $ 40.52 , $ 88.30 ,
520528,RED GARNET DOME CAP,Quarry,1.1875,1.1875, $ 20.87 , $ 34.11 , $ 40.52 , $ 88.30 ,
520529,FERRIS STEEL TIVOLI DEEP CAP,Tivoli,0.75,1, $ 17.41 , $ 28.50 , $ 34.35 , $ 74.30 ,
520530,JACKPOT GOLD TIVOLI DEEP CAP,Tivoli,0.75,1, $ 17.41 , $ 28.50 , $ 34.35 , $ 74.30 ,
520532,CHERRY ICE TIVOLI DEEP CAP,Tivoli,0.75,1, $ 17.41 , $ 28.50 , $ 34.35 , $ 74.30 ,
520533,JUPITER GREEN TIVOLI DEEP CAP,Tivoli,0.75,1, $ 17.41 , $ 28.50 , $ 34.35 , $ 74.30 ,
520534,VIOLET SIDESHOW TIVOLI DEEP CAP,Tivoli,0.75,1, $ 22.29 , $ 36.41 , $ 43.06 , $ 94.00 ,
520535,JACKPOT GOLD TIVOLI,Tivoli,1,0.4375, $ 11.22 , $ 18.47 , $ 23.32 , $ 49.20 ,
520536,GOLDEN HOUR TIVOLI,Tivoli,1,0.4375, $ 11.22 , $ 18.47 , $ 23.32 , $ 49.20 ,
520537,CHERRY ICE TIVOLI,Tivoli,1,0.4375, $ 11.22 , $ 18.47 , $ 23.32 , $ 49.20 ,
520538,PEGASUS BLUE TIVOLI,Tivoli,1,0.4375, $ 11.22 , $ 18.47 , $ 23.32 , $ 49.20 ,
520539,VIOLET SIDESHOW TIVOLI,Tivoli,1,0.4375, $ 11.22 , $ 18.47 , $ 23.32 , $ 49.20 ,
520540,MERRY GO BROWN TIVOLI,Tivoli,1,0.4375, $ 11.22 , $ 18.47 , $ 23.32 , $ 49.20 ,
520541,GREEN PLEASURE GARDEN TIVOLI,Tivoli,1,0.4375, $ 11.22 , $ 18.47 , $ 23.32 , $ 49.20 ,
520542,LIMELIGHT TIVOLI,Tivoli,1,0.4375, $ 11.22 , $ 18.47 , $ 23.32 , $ 49.20 ,
520543,COPPER CANDY TIVOLI,Tivoli,1,0.4375, $ 11.22 , $ 18.47 , $ 23.32 , $ 49.20 ,
520545,CHAMPAGNE WALTZ TIVOLI,Tivoli,1,0.4375, $ 11.22 , $ 18.47 , $ 23.32 , $ 49.20 ,
520550,WINTER GREY DRAGONS SCALES,Castelli,1.25,0.5625, $ 17.31 , $ 28.34 , $ 34.17 , $ 73.80 ,
520551,FLAMING BRONZE DRAGONS SCALES,Castelli,1.25,0.5625, $ 17.31 , $ 28.34 , $ 34.17 , $ 73.80 ,
520552,SMOLDERING SILVER DRAGONS SCALES,Castelli,1.25,0.5625, $ 22.16 , $ 36.19 , $ 42.81 , $ 93.50 ,
520553,ALCHEMIST GOLD DRAGONS SCALES,Castelli,1.25,0.5625, $ 17.31 , $ 28.34 , $ 34.17 , $ 73.80 ,
520554,MOLTEN SILVER FLAT,Castelli,1,0.4375, $ 13.44 , $ 22.07 , $ 27.28 , $ 58.20 ,
520555,ALCHEMIST GOLD FLAT,Castelli,1,0.4375, $ 10.58 , $ 17.44 , $ 22.19 , $ 46.60 ,
520556,BURNT BRONZE FLAT,Castelli,1,0.4375, $ 10.58 , $ 17.44 , $ 22.19 , $ 46.60 ,
520557,BURNT BRASS FLAT,Castelli,1,0.4375, $ 10.58 , $ 17.44 , $ 22.19 , $ 46.60 ,
520558,MOLTEN SILVER DRAGONS TONGUE,Castelli,1.0625,0.3750, $ 22.18 , $ 36.23 , $ 42.86 , $ 93.60 ,
520559,BURNT BRONZE DRAGONS TONGUE,Castelli,1.0625,0.3750, $ 22.18 , $ 36.23 , $ 42.86 , $ 93.60 ,
520560,ALCHEMIST GOLD DRAGONS TONGUE,Castelli,1.0625,0.3750, $ 17.32 , $ 28.35 , $ 34.19 , $ 73.90 ,
520561,BATHTUB GIN ANGLED,Ellington,2.5,0.8750, $ 20.69 , $ 33.82 , $ 40.20 , $ 87.50 ,
520562,COUNT BASIE BRONZE ANGLED,Ellington,2.5,0.8750, $ 20.69 , $ 33.82 , $ 40.20 , $ 87.50 ,
520564,COTTON CLUB PINK ANGLED,Ellington,2.5,0.8750, $ 20.69 , $ 33.82 , $ 40.20 , $ 87.50 ,
520565,MOOD INDIGO ANGLED,Ellington,2.5,0.8750, $ 20.69 , $ 33.82 , $ 40.20 , $ 87.50 ,
520566,COUNT BASIE BRONZE TINY TRACKS,Ellington,0.625,0.3125, $ 8.50 , $ 14.08 , $ 18.48 , $ 38.20 ,
520567,BATHTUB GIN TINY TRACKS,Ellington,0.625,0.3125, $ 8.50 , $ 14.08 , $ 18.48 , $ 38.20 ,
520568,COTTON CLUB PINK TINY TRACKS,Ellington,0.625,0.3125, $ 8.50 , $ 14.08 , $ 18.48 , $ 38.20 ,
520569,SOPHISTICATED LILAC TINY TRACKS,Ellington,0.625,0.3125, $ 8.50 , $ 14.08 , $ 18.48 , $ 38.20 ,
520570,MOOD INDIGO TINY TRACKS,Ellington,0.625,0.3125, $ 8.50 , $ 14.08 , $ 18.48 , $ 38.20 ,
520571,DARK CRIMSON BAY LEAF AND BERRY,Daphne,1.375,0.6250, $ 18.12 , $ 29.66 , $ 35.62 , $ 77.10 ,
520572,DARK OLIVE BAY LEAF AND BERRY,Daphne,1.375,0.6250, $ 18.12 , $ 29.66 , $ 35.62 , $ 77.10 ,
520573,PHARAOH GREEN BAY LEAF AND BERRY,Daphne,1.375,0.6250, $ 18.12 , $ 29.66 , $ 35.62 , $ 77.10 ,
520574,EBONY BAY LEAF AND BERRY,Daphne,1.375,0.6250, $ 18.12 , $ 29.66 , $ 35.62 , $ 77.10 ,
520575,CHIFFON GOLD BAY LEAF AND BERRY,Daphne,1.375,0.6250, $ 18.12 , $ 29.66 , $ 35.62 , $ 77.10 ,
520576,EBONY PETITE ARABESQUE,Daphne,0.6258,0.3125, $ 10.67 , $ 17.59 , $ 22.34 , $ 47.00 ,
520577,PHARAOH GREEN PETITE ARABESQUE,Daphne,0.6258,0.3125, $ 10.67 , $ 17.59 , $ 22.34 , $ 47.00 ,
520578,CERULEAN BLUE PETITE ARABESQUE,Daphne,0.6258,0.3125, $ 10.67 , $ 17.59 , $ 22.34 , $ 47.00 ,
520579,OLIVE GREEN PETITE ARABESQUE,Daphne,0.6258,0.3125, $ 10.67 , $ 17.59 , $ 22.34 , $ 47.00 ,
520580,CRIMSON PETITE ARABESQUE,Daphne,0.6258,0.3125, $ 10.67 , $ 17.59 , $ 22.34 , $ 47.00 ,
520581,MORNING MIST MOUNTAIN PINE,Garda,2,0.75, $ 23.21 , $ 37.91 , $ 44.70 , $ 97.80 ,
520582,SHADOW BLACK MOUNTAIN PINE,Garda,2,0.75, $ 23.21 , $ 37.91 , $ 44.70 , $ 97.80 ,
520583,LILAC SKY MOUNTAIN PINE,Garda,2,0.75, $ 23.21 , $ 37.91 , $ 44.70 , $ 97.80 ,
520584,SERENE CERULEAN MOUNTAIN PINE,Garda,2,0.75, $ 23.21 , $ 37.91 , $ 44.70 , $ 97.80 ,
520585,GILDED SUN MOUNTAIN PINE,Garda,2,0.75, $ 23.21 , $ 37.91 , $ 44.70 , $ 97.80 ,
520586,CASTELLO GREY MOUNTAIN PINE,Garda,2,0.75, $ 23.21 , $ 37.91 , $ 44.70 , $ 97.80 ,
520587,MORNING MIST ORNATE RIPPLE CAP,Garda,1.0625,1.1875, $ 18.66 , $ 30.53 , $ 36.59 , $ 79.30 ,
520588,SHADOW BLACK ORNATE RIPPLE CAP,Garda,1.0625,1.1875, $ 18.66 , $ 30.53 , $ 36.59 , $ 79.30 ,
520589,LILAC SKY ORNATE RIPPLE CAP,Garda,1.0625,1.1875, $ 18.66 , $ 30.53 , $ 36.59 , $ 79.30 ,
520590,SERENE CERULEAN ORNATE RIPPLE CAP,Garda,1.0625,1.1875, $ 18.66 , $ 30.53 , $ 36.59 , $ 79.30 ,
520591,GILDED SUN ORNATE RIPPLE CAP,Garda,1.0625,1.1875, $ 18.66 , $ 30.53 , $ 36.59 , $ 79.30 ,
520592,CASTELLO GREY ORNATE RIPPLE CAP,Garda,1.0625,1.1875, $ 18.66 , $ 30.53 , $ 36.59 , $ 79.30 ,
520593,TINY AMBER ORANGE RAKU,Raku,0.5625,0.50, $ 8.14 , $ 13.48 , $ 17.83 , $ 36.70 ,
520594,AMBER ORANGE RAKU BLOCK,Raku,0.8125,0.6875, $ 14.47 , $ 23.75 , $ 29.12 , $ 62.40 ,
520595,AMBER ORANGE RAKU DEEP CAP,Raku,0.75,1, $ 14.06 , $ 23.07 , $ 28.38 , $ 60.70 ,
520596,AMBER ORANGE RAKU,Raku,1.9375,0.75, $ 16.28 , $ 26.67 , $ 32.34 , $ 69.70 ,
520597,SILVER MOONWALK NEBULA FLOATER,Raku,0.8125,1.9375, $ 38.11 , $ 62.04 , $ 71.24 , $ 158.10 ,
520598,AMBER ORANGE RAKU FLOATER,Raku,0.8125,1.9375, $ 29.57 , $ 48.20 , $ 56.02 , $ 123.50 ,
520599,SPARTA GOLD RAKU FLOATER,Raku,0.8125,1.9375, $ 29.57 , $ 48.20 , $ 56.02 , $ 123.50 ,
520600,COPPER FLAME RAKU FLOATER,Raku,0.8125,1.9375, $ 29.57 , $ 48.20 , $ 56.02 , $ 123.50 ,
520601,COPPER RED RAKU FLOATER,Raku,0.8125,1.9375, $ 29.57 , $ 48.20 , $ 56.02 , $ 123.50 ,
520602,COBALT BLUE RAKU FLOATER,Raku,0.8125,1.9375, $ 29.57 , $ 48.20 , $ 56.02 , $ 123.50 ,
520603,FELDSPAR GREEN RAKU FLOATER,Raku,0.8125,1.9375, $ 29.57 , $ 48.20 , $ 56.02 , $ 123.50 ,
520604,TINY ESPRESSO,Gelato,0.5625,0.3750, $ 8.29 , $ 13.73 , $ 18.11 , $ 37.30 ,
520605,TINY FRUTTI DE BOSCO,Gelato,0.5625,0.3750, $ 8.29 , $ 13.73 , $ 18.11 , $ 37.30 ,
520606,TINY LIMONCELLO,Gelato,0.5625,0.3750, $ 8.29 , $ 13.73 , $ 18.11 , $ 37.30 ,
520607,TINY ROSMARINO,Gelato,0.5625,0.3750, $ 8.29 , $ 13.73 , $ 18.11 , $ 37.30 ,
520608,TINY PISTACHIO,Gelato,0.5625,0.3750, $ 8.29 , $ 13.73 , $ 18.11 , $ 37.30 ,
520609,TINY MENTA ,Gelato,0.5625,0.3750, $ 8.29 , $ 13.73 , $ 18.11 , $ 37.30 ,
520610,TINY AMARETTO,Gelato,0.5625,0.3750, $ 8.29 , $ 13.73 , $ 18.11 , $ 37.30 ,
520611,DUESTED MOON SILVER TREILLIS,Jardin,1.375,0.5000, $ 14.53 , $ 23.84 , $ 29.23 , $ 62.60 ,
520612,SUN KING GOLD TREILLIS,Jardin,1.375,0.5000, $ 14.53 , $ 23.84 , $ 29.23 , $ 62.60 ,
520613,SOIL BLACK TREILLIS,Jardin,1.375,0.5000, $ 14.53 , $ 23.84 , $ 29.23 , $ 62.60 ,
520614,FOUNTAIN GREY TREILLIS,Jardin,1.375,0.5000, $ 14.53 , $ 23.84 , $ 29.23 , $ 62.60 ,
520615,BORDEAUX BRICK TREILLIS,Jardin,1.375,0.5000, $ 14.53 , $ 23.84 , $ 29.23 , $ 62.60 ,
520616,DELPHINIUM BLEU TREILLIS,Jardin,1.375,0.5000, $ 14.53 , $ 23.84 , $ 29.23 , $ 62.60 ,
520617,AQUA VERT TREILLIS,Jardin,1.375,0.5000, $ 14.53 , $ 23.84 , $ 29.23 , $ 62.60 ,
520618,DUSTED MOON VIGNE,Jardin,2.25,0.5000, $ 24.61 , $ 40.17 , $ 47.18 , $ 103.40 ,
520619,SUN KING GOLD VIGNE,Jardin,2.25,0.5000, $ 24.61 , $ 40.17 , $ 47.18 , $ 103.40 ,
520620,SOIL BLACK VIGNE,Jardin,2.25,0.5000, $ 24.61 , $ 40.17 , $ 47.18 , $ 103.40 ,
520621,FOUNTAIN GREY VIGNE,Jardin,2.25,0.5000, $ 24.61 , $ 40.17 , $ 47.18 , $ 103.40 ,
520622,BORDEAUX BRICK VIGNE,Jardin,2.25,0.5000, $ 24.61 , $ 40.17 , $ 47.18 , $ 103.40 ,
520623,DELPHINIUM BLEU VIGNE,Jardin,2.25,0.5000, $ 24.61 , $ 40.17 , $ 47.18 , $ 103.40 ,
520624,AQUA VERT VIGNE,Jardin,2.25,0.5000, $ 24.61 , $ 40.17 , $ 47.18 , $ 103.40 ,
520625,DUSTED MOON FOLIAGE CAP,Jardin,0.875,1.7500, $ 21.83 , $ 35.66 , $ 42.23 , $ 92.10 ,
520626,SUN KING GOLD FOLIAGE CAP,Jardin,0.875,1.7500, $ 21.83 , $ 35.66 , $ 42.23 , $ 92.10 ,
520627,SOIL BLACK FOLIAGE CAP,Jardin,0.875,1.7500, $ 21.83 , $ 35.66 , $ 42.23 , $ 92.10 ,
520628,FOUNTAIN GREY FOLIAGE CAP,Jardin,0.875,1.7500, $ 21.83 , $ 35.66 , $ 42.23 , $ 92.10 ,
520629,BORDEAUX BRICK FOLIAGE CAP,Jardin,0.875,1.7500, $ 21.83 , $ 35.66 , $ 42.23 , $ 92.10 ,
520630,DELPHINIM BLEU FOLIAGE CAP,Jardin,0.875,1.7500, $ 21.83 , $ 35.66 , $ 42.23 , $ 92.10 ,
520631,AQUA VERT FOLIAGE CAP,Jardin,0.875,1.7500, $ 21.83 , $ 35.66 , $ 42.23 , $ 92.10 ,
520632,PROPHECY BLACK COINS CAP,Helena,0.75,1.000, $ 18.36 , $ 30.05 , $ 36.06 , $ 78.10 ,
520633,LUSH HARVEST GREEN COINS CAP,Helena,0.75,1.000, $ 18.36 , $ 30.05 , $ 36.06 , $ 78.10 ,
520634,DEEP POSEIDON BLUE COINS CAP,Helena,0.75,1.000, $ 18.36 , $ 30.05 , $ 36.06 , $ 78.10 ,
520635,TRUE TYRIAN PURPLE COINS CAP,Helena,0.75,1.000, $ 18.36 , $ 30.05 , $ 36.06 , $ 78.10 ,
520636,RUSTED CYPRESS COINS CAP,Helena,0.75,1.000, $ 18.36 , $ 30.05 , $ 36.06 , $ 78.10 ,
520637,REGAL LINEN COINS CAP,Helena,0.75,1.000, $ 18.36 , $ 30.05 , $ 36.06 , $ 78.10 ,
520638,LIQUID DUSK EPOXY ANGLE,Resina,1.5,0.375, $ 17.30 , $ 28.32 , $ 34.15 , $ 73.80 ,
520639,ENDLESS AZURE EPOXY ANGLE,Resina,1.5,0.375, $ 17.30 , $ 28.32 , $ 34.15 , $ 73.80 ,
520640,OPALINE EMERALD EPOXY ANGLE,Resina,1.5,0.375, $ 17.30 , $ 28.32 , $ 34.15 , $ 73.80 ,
520641,ROBUST RUBY EPOXY ANGLE,Resina,1.5,0.375, $ 17.30 , $ 28.32 , $ 34.15 , $ 73.80 ,
520642,BURNT GINGER EPOXY ANGLE,Resina,1.5,0.375, $ 17.30 , $ 28.32 , $ 34.15 , $ 73.80 ,
520643,LIQUID DUSK SERRATED SCOOP,Resina,2.25,0.750, $ 25.12 , $ 40.99 , $ 48.09 , $ 105.50 ,
520644,ENDLESS AZURE SERRATED SCOOP,Resina,2.25,0.750, $ 25.12 , $ 40.99 , $ 48.09 , $ 105.50 ,
520645,OPALINE EMERALD SERRATED SCOOP,Resina,2.25,0.750, $ 25.12 , $ 40.99 , $ 48.09 , $ 105.50 ,
520646,ROBUST RUBY SERRATED SCOOP,Resina,2.25,0.750, $ 25.12 , $ 40.99 , $ 48.09 , $ 105.50 ,
520647,BURNT GINGER SERRATED SCOOP,Resina,2.25,0.750, $ 25.12 , $ 40.99 , $ 48.09 , $ 105.50 ,
520648,ARDOISE NOIR PANEL W/ GOLD,Barbizon,1.1875,0.375, $ 16.77 , $ 27.46 , $ 33.21 , $ 71.70 ,
520649,VERDURE VIRIDIAN PANEL W/ GOLD,Barbizon,1.1875,0.375, $ 16.77 , $ 27.46 , $ 33.21 , $ 71.70 ,
520650,CRÈME DE SIENNE PANEL W/ GOLD,Barbizon,1.1875,0.375, $ 16.77 , $ 27.46 , $ 33.21 , $ 71.70 ,
520651,ARDOISE NOIR PANEL SCOOP W/ GOLD,Barbizon,2.500,1.000, $ 30.44 , $ 49.62 , $ 57.58 , $ 127.00 ,
520652,VERDURE VIRIDIAN PANEL SCOOP W/ GOLD,Barbizon,2.500,1.000, $ 30.44 , $ 49.62 , $ 57.58 , $ 127.00 ,
520653,CRÈME DE SIENNE PANEL SCOOP W/ GOLD,Barbizon,2.500,1.000, $ 30.44 , $ 49.62 , $ 57.58 , $ 127.00 ,
520654,GOLDEN GROUPER HALF ROUND,IL Mare,0.625,0.3125, $ 11.51 , $ 18.94 , $ 23.83 , $ 50.30 ,
520655,KINETIC KELP HALF ROUND,IL Mare,0.625,0.3125, $ 11.51 , $ 18.94 , $ 23.83 , $ 50.30 ,
520656,NEON PINK POLPO HALF ROUND,IL Mare,0.625,0.3125, $ 11.51 , $ 18.94 , $ 23.83 , $ 50.30 ,
520657,LUSCIOUS LANGOSTINO HALF ROUND,IL Mare,0.625,0.3125, $ 11.51 , $ 18.94 , $ 23.83 , $ 50.30 ,
520658,ELECTRIC BARRACUDA BLUE HALF ROUND,IL Mare,0.625,0.3125, $ 11.51 , $ 18.94 , $ 23.83 , $ 50.30 ,
520659,GOLDEN TIDAL WAVE,IL Mare,1.500,0.625, $ 24.29 , $ 39.64 , $ 46.61 , $ 102.10 ,
520660,TURQUIOSE TIDAL WAVE,IL Mare,1.500,0.625, $ 24.29 , $ 39.64 , $ 46.61 , $ 102.10 ,
520661,AMETHYST TIDAL WAVE,IL Mare,1.500,0.625, $ 24.29 , $ 39.64 , $ 46.61 , $ 102.10 ,
520662,BLUSHED TIDAL WAVE,IL Mare,1.500,0.625, $ 24.29 , $ 39.64 , $ 46.61 , $ 102.10 ,
520663,AEGEAN BLUE TIDAL WAVE,IL Mare,1.500,0.625, $ 24.29 , $ 39.64 , $ 46.61 , $ 102.10 ,
520664,BLACK ABYSS CORALLO W/ GOLD,IL Mare,1.875,0.875, $ 27.66 , $ 45.11 , $ 52.62 , $ 115.80 ,
520665,TURQUOISE COVE CORALLO W/ GOLD,IL Mare,1.875,0.875, $ 27.66 , $ 45.11 , $ 52.62 , $ 115.80 ,
520666,AMETHYST REEF CORALLO W/ GOLD,IL Mare,1.875,0.875, $ 27.66 , $ 45.11 , $ 52.62 , $ 115.80 ,
520667,BLUSHED SHORE CORALLO W/ GOLD,IL Mare,1.875,0.875, $ 27.66 , $ 45.11 , $ 52.62 , $ 115.80 ,
520668,AEGEAN BLUE CORALLO W/ GOLD,IL Mare,1.875,0.875, $ 27.66 , $ 45.11 , $ 52.62 , $ 115.80 ,
520669,SALTED IVORY CORALLO W/ GOLD,IL Mare,1.875,0.875, $ 27.66 , $ 45.11 , $ 52.62 , $ 115.80 ,
520670,TRES LECHES BRICK CAP,Pilsen,0.813,0.9375, $ 18.37 , $ 30.05 , $ 36.06 , $ 78.10 ,
520671,AZTLAN GOLD BRICK CAP,Pilsen,0.813,0.9375, $ 18.37 , $ 30.05 , $ 36.06 , $ 78.10 ,
520672,POSADA BLACK BRICK CAP,Pilsen,0.813,0.9375, $ 18.37 , $ 30.05 , $ 36.06 , $ 78.10 ,
520673,BOHEMIA BLUE BRICK CAP,Pilsen,0.813,0.9375, $ 18.37 , $ 30.05 , $ 36.06 , $ 78.10 ,
520674,THALIA TEAL BRICK CAP,Pilsen,0.813,0.9375, $ 18.37 , $ 30.05 , $ 36.06 , $ 78.10 ,
520675,EL MORADO MURAL BRICK CAP,Pilsen,0.813,0.9375, $ 18.37 , $ 30.05 , $ 36.06 , $ 78.10 ,
520676,MIDWAY MARIGOLD BRICK CAP,Pilsen,0.813,0.9375, $ 18.37 , $ 30.05 , $ 36.06 , $ 78.10 ,
520677,TRES LECHES SWAN,Pilsen,2.688,1.375, $ 29.84 , $ 48.65 , $ 56.51 , $ 124.60 ,
520678,AZTLAN GOLD SWAN,Pilsen,2.688,1.375, $ 29.84 , $ 48.65 , $ 56.51 , $ 124.60 ,
520679,POSADA BLACK SWAN,Pilsen,2.688,1.375, $ 29.84 , $ 48.65 , $ 56.51 , $ 124.60 ,
520680,ANCIENT COBALT ARABESQUE,Alhambra,0.9375,0.375, $ 10.57 , $ 17.43 , $ 22.17 , $ 46.60 ,
520681,OXIDIZED PURPLE ARABESQUE,Alhambra,0.9375,0.375, $ 10.57 , $ 17.43 , $ 22.17 , $ 46.60 ,
520682,ALHAMBRA RED ARABESQUE,Alhambra,0.9375,0.375, $ 10.57 , $ 17.43 , $ 22.17 , $ 46.60 ,
520683,EARTHEN BROWN ARABESQUE,Alhambra,0.9375,0.375, $ 10.57 , $ 17.43 , $ 22.17 , $ 46.60 ,
520684,VALLEY OF TURQUOISE ARABESQUE,Alhambra,0.9375,0.375, $ 10.57 , $ 17.43 , $ 22.17 , $ 46.60 ,
520685,OLIVED PERIDOT ARABESQUE,Alhambra,0.9375,0.375, $ 10.57 , $ 17.43 , $ 22.17 , $ 46.60 ,
520686,CARVED CREAM ARABESQUE,Alhambra,0.9375,0.375, $ 10.57 , $ 17.43 , $ 22.17 , $ 46.60 ,
520687,TALL BRONZE W/ KALEIDOSCOPE SIDES,Kaleidoscope,1.1250,1.000, $ 25.12 , $ 40.99 , $ 48.09 , $ 105.50 ,
520688,TALL TEAL W/ KALEIDOSCOPE SIDES,Kaleidoscope,1.1250,1.000, $ 25.12 , $ 40.99 , $ 48.09 , $ 105.50 ,
520689,TALL GOLD W/ KALEIDOSCOPE SIDES,Kaleidoscope,1.1250,1.000, $ 25.12 , $ 40.99 , $ 48.09 , $ 105.50 ,
520690,ATOMIC SCARLET W/ BLACK RAYS,Kaleidoscope,1.1875,0.6875, $ 14.81 , $ 24.29 , $ 29.72 , $ 63.70 ,
520691,MIDNIGHT DREAMS W/ BLACK RAYS,Kaleidoscope,1.1875,0.6875, $ 14.81 , $ 24.29 , $ 29.72 , $ 63.70 ,
520692,MOSS TRAILS W/ BLACK RAYS,Kaleidoscope,1.1875,0.6875, $ 14.81 , $ 24.29 , $ 29.72 , $ 63.70 ,
520693,MYSTIC VIOLET W/ BLACK RAYS,Kaleidoscope,1.1875,0.6875, $ 14.81 , $ 24.29 , $ 29.72 , $ 63.70 ,
520694,TRANQUIL TEAL W/ BLACK RAYS,Kaleidoscope,1.1875,0.6875, $ 14.81 , $ 24.29 , $ 29.72 , $ 63.70 ,
520695,SAFFRON CITRUS W/ BLACK RAYS,Kaleidoscope,1.1875,0.6875, $ 14.81 , $ 24.29 , $ 29.72 , $ 63.70 ,
520696,SEPIA NIGHT W/ BLACK RAYS,Kaleidoscope,1.1875,0.6875, $ 14.81 , $ 24.29 , $ 29.72 , $ 63.70 ,
520697,TEAL KALEIDOSCOPE,Kaleidoscope,0.9375,0.375, $ 14.10 , $ 23.14 , $ 28.46 , $ 60.90 ,
520698,BRONZE KALEIDOSCOPE,Kaleidoscope,0.9375,0.375, $ 14.10 , $ 23.14 , $ 28.46 , $ 60.90 ,
554552,GIRAFFE,The Zoo,1.0000,0.4380, $ 6.18 , $ 10.31 , $ 13.08 , $ 28.80 ,
554557,"1 1/2"" CRYSTAL GLITTER",Vegas,1.5000,0.4375, $ 17.67 , $ 28.93 , $ 34.82 , $ 75.30 ,
554558,"1 1/2"" COCO GLITTER",Vegas,1.5000,0.4375, $ 16.21 , $ 26.57 , $ 32.22 , $ 69.40 ,
554564," 1 1/2"" PINKY GLITTER",Vegas,1.5000,0.4375, $ 16.21 , $ 26.57 , $ 32.22 , $ 69.40 ,
554572,"1"" CRYSTAL GLITTER",Vegas,1,0.5000, $ 10.38 , $ 17.12 , $ 21.83 , $ 45.80 ,680569348456
554573,"1"" COCO GLITTER ",Vegas,1,0.5000, $ 10.38 , $ 17.12 , $ 21.83 , $ 45.80 ,
554575,"1"" PINKY GLITTER",Vegas,1,0.5000, $ 10.38 , $ 17.12 , $ 21.83 , $ 45.80 ,680569348463
554576,"1"" RUBY GLITTER",Vegas,1,0.5000, $ 10.38 , $ 17.12 , $ 21.83 , $ 45.80 ,680569348470
554577,"1"" SAPPHIRE GLITTER",Vegas,1,0.5000, $ 10.38 , $ 17.12 , $ 21.83 , $ 45.80 ,
554623,NATURAL CORK,Tappo,1,.3125, $ 7.05 , $ 11.72 , $ 15.89 , $ 32.30 ,
554624,DOVE CORK,Tappo,1,.3125, $ 4.64 , $ 7.52 , $ 10.50 , $ 21.80 ,
554625,COCOA CORK,Tappo,1,.3125, $ 7.05 , $ 11.72 , $ 15.89 , $ 32.30 ,
554626,CONCRETE CORK,Tappo,1,.3125, $ 7.05 , $ 11.72 , $ 15.89 , $ 32.30 ,
554627,INDIGO CORK,Tappo,1,.3125, $ 7.05 , $ 11.72 , $ 15.89 , $ 32.30 ,
554628,MUSHROOM CORK,Tappo,1,.3125, $ 7.05 , $ 11.72 , $ 15.89 , $ 32.30 ,
554629,ROUND HAMMERED SILVER,Marcello,.8125,.375, $ 4.94 , $ 8.31 , $ 12.14 , $ 23.80 ,
554630,ROUND HAMMERED TITANIUM,Marcello,.8125,.375, $ 5.39 , $ 9.03 , $ 12.93 , $ 25.60 ,
554631,ROUND HAMMERED CHAMPAGNE GOLD,Marcello,.8125,.375, $ 5.39 , $ 9.03 , $ 12.93 , $ 25.60 ,
554632,ROUND HAMMERED TUNGSTEN,Marcello,.8125,.375, $ 5.39 , $ 9.03 , $ 12.93 , $ 25.60 ,
554633,ROUND HAMMERED ROSE GOLD,Marcello,.8125,.375, $ 5.39 , $ 9.03 , $ 12.93 , $ 25.60 ,
554634,ROUND HAMMERED BRONZE,Marcello,.8125,.375, $ 5.39 , $ 9.03 , $ 12.93 , $ 25.60 ,
554635,SAND DOLLAR CAP,Malecon,.8125,1.0625, $ 6.93 , $ 11.53 , $ 15.69 , $ 31.80 ,
554636,BLACK RUBBER CAP,Malecon,.8125,1.0625, $ 7.56 , $ 12.54 , $ 16.80 , $ 34.40 ,
554637,PELICAN GREY CAP,Malecon,.8125,1.0625, $ 7.56 , $ 12.54 , $ 16.80 , $ 34.40 ,
554638,PURPLE PASSION CAP,Malecon,.8125,1.0625, $ 7.56 , $ 12.54 , $ 16.80 , $ 34.40 ,
554639,SALSA RED CAP,Malecon,.8125,1.0625, $ 7.56 , $ 12.54 , $ 16.80 , $ 34.40 ,
554640,HORIZON BLUE CAP,Malecon,.8125,1.0625, $ 7.56 , $ 12.54 , $ 16.80 , $ 34.40 ,
554642,JUNGLE GREEN CAP,Malecon,.8125,1.0625, $ 7.56 , $ 12.54 , $ 16.80 , $ 34.40 ,
554643,ORANGE HIBISCUS CAP,Malecon,.8125,1.0625, $ 7.56 , $ 12.54 , $ 16.80 , $ 34.40 ,
554644,CLASSIC CHEVY BLUE CAP,Malecon,.8125,1.0625, $ 7.56 , $ 12.54 , $ 16.80 , $ 34.40 ,
554645,BUTTERFLY BLUE CAP,Malecon,.8125,1.0625, $ 7.56 , $ 12.54 , $ 16.80 , $ 34.40 ,
554646,PARROT GREEN CAP,Malecon,.8125,1.0625, $ 7.56 , $ 12.54 , $ 16.80 , $ 34.40 ,
554647,CANARY YELLOW CAP,Malecon,.8125,1.0625, $ 7.56 , $ 12.54 , $ 16.80 , $ 34.40 ,
554648,BAHAMA BLUE CAP,Malecon,.8125,1.0625, $ 7.56 , $ 12.54 , $ 16.80 , $ 34.40 ,
554649,CHA CHA PINK CAP,Malecon,.8125,1.0625, $ 7.56 , $ 12.54 , $ 16.80 , $ 34.40 ,
554650,PINK FLAMINGO CAP,Malecon,.8125,1.0625, $ 7.56 , $ 12.54 , $ 16.80 , $ 34.40 ,
554651,SMALL COHIBA COGNAC LEATHER PANEL,Tobak,1.375,.5, $ 13.33 , $ 21.90 , $ 27.09 , $ 57.80 ,
554652,SMALL BOLIVAR BROWN LEATHER PANEL,Tobak,1.375,.5, $ 13.33 , $ 21.90 , $ 27.09 , $ 57.80 ,
554653,SMALL HABANA GREY LEATHER PANEL,Tobak,1.375,.5, $ 13.33 , $ 21.90 , $ 27.09 , $ 57.80 ,
554654,LARGE COHIBA COGNAC LEATHER PANEL,Tobak,2.125,.75, $ 14.18 , $ 23.28 , $ 28.60 , $ 61.20 ,
554655,LARGE BOLIVAR BROWN LEATHER PANEL,Tobak,2.125,.75, $ 14.18 , $ 23.28 , $ 28.60 , $ 61.20 ,
554656,LARGE HABANA GREY LEATHER PANEL,Tobak,2.125,.75, $ 14.18 , $ 23.28 , $ 28.60 , $ 61.20 ,
554663,FEATHERED WALNUT VENEER CAP,Renzo,.75,1.125, $ 9.19 , $ 15.18 , $ 19.70 , $ 41.00 ,
554665,DOVE POPLAR VENEER CAP,Renzo,.75,1.125, $ 8.43 , $ 13.95 , $ 18.35 , $ 37.90 ,
554669,DARK ROSEWOOD VENEER CAP,Renzo,.75,1.125, $ 8.43 , $ 13.95 , $ 18.35 , $ 37.90 ,
554680,MIDNIGHT BLUE SEQUINS,Cabaret,2.8750,.375, $ 18.35 , $ 30.02 , $ 36.02 , $ 78.10 ,
554681,CHAMPAGNE ROSE SEQUINS,Cabaret,2.8750,.375, $ 18.35 , $ 30.02 , $ 36.02 , $ 78.10 ,
554683,GOLD GILDED OAK SLOPE,Whistler,2,.625, $ 15.65 , $ 25.66 , $ 31.22 , $ 67.10 ,
554686,GOLD WHISTLER REED CAP,Whistler,0.7500,1.125, $ 9.39 , $ 15.52 , $ 20.07 , $ 41.80 ,
554687,SILVER WHISTLER REED CAP,Whistler,0.7500,1.125, $ 9.39 , $ 15.52 , $ 20.07 , $ 41.80 ,
554688,BRONZE WHISTLER REED CAP,Whistler,0.7500,1.125, $ 9.39 , $ 15.52 , $ 20.07 , $ 41.80 ,
554689,GOLD GILDED OAK SMALL CAP,Whistler,0.7500,1.125, $ 8.97 , $ 14.83 , $ 19.31 , $ 40.10 ,
554690,SILVER GILDED OAK SMALL CAP,Whistler,0.7500,1.125, $ 8.97 , $ 14.83 , $ 19.31 , $ 40.10 ,
554691,BRONZE GILDED OAK SMALL CAP,Whistler,0.7500,1.125, $ 8.97 , $ 14.83 , $ 19.31 , $ 40.10 ,
554692,"1"" MARBLEHEAD WHITE",Harbour,1.0625,0.4375, $ 8.42 , $ 13.94 , $ 18.34 , $ 37.90 ,
554693,"1"" NEW HAMPSHIRE RED",Harbour,1.0625,0.4375, $ 8.42 , $ 13.94 , $ 18.34 , $ 37.90 ,
554694,"1"" BAR HARBOR BLUE GREY",Harbour,1.0625,0.4375, $ 8.42 , $ 13.94 , $ 18.34 , $ 37.90 ,
554695,"1"" ADIRONACK BLACK",Harbour,1.0625,0.4375, $ 8.42 , $ 13.94 , $ 18.34 , $ 37.90 ,
554696,MARBLEHEAD WHITE TALL CAP,Harbour,1.0625,2, $ 15.03 , $ 24.65 , $ 30.12 , $ 64.60 ,
554699,ADIRONACK BLACK TALL CAP,Harbour,1.0625,2, $ 15.03 , $ 24.65 , $ 30.12 , $ 64.60 ,
554700,"2"" MARBLEHEAD WHITE",Harbour,2.0625,0.7500, $ 13.21 , $ 21.70 , $ 26.87 , $ 57.30 ,
554701,"2"" NEW HAMPSHIRE RED",Harbour,2.0625,0.7500, $ 13.21 , $ 21.70 , $ 26.87 , $ 57.30 ,
554702,"2"" BAR HARBOR BLUE GREY",Harbour,2.0625,0.7500, $ 12.12 , $ 19.94 , $ 24.93 , $ 52.80 ,
554703,"2"" ADIRONACK BLACK",Harbour,2.0625,0.7500, $ 13.21 , $ 21.70 , $ 26.87 , $ 57.30 ,
554706,GOLD LEAF NATURAL CORK,Tappo,0.8125,0.3750, $ 7.47 , $ 12.39 , $ 16.63 , $ 34.00 ,
554707,SILVER LEAF NATURAL CORK,Tappo,0.8125,0.3750, $ 7.47 , $ 12.39 , $ 16.63 , $ 34.00 ,
554708,BADA BING BRONZE SHIMMER,Cabaret,0.6875,0.7500, $ 7.13 , $ 11.85 , $ 16.04 , $ 32.60 ,
554709,JAZZ HANDS BLUE SHIMMER,Cabaret,0.6875,0.7500, $ 7.13 , $ 11.85 , $ 16.04 , $ 32.60 ,
554711,EVENING VELVET SHIMMER,Cabaret,0.6875,0.7500, $ 7.13 , $ 11.85 , $ 16.04 , $ 32.60 ,
554712,MOULIN ROUGE SHIMMER,Cabaret,0.6875,0.7500, $ 7.13 , $ 11.85 , $ 16.04 , $ 32.60 ,
554713,TAP DANCE SHIMMER,Cabaret,0.6875,0.7500, $ 7.13 , $ 11.85 , $ 16.04 , $ 32.60 ,
554714,BACKSTAGE BLACK SHIMMER,Cabaret,0.6875,0.7500, $ 7.13 , $ 11.85 , $ 16.04 , $ 32.60 ,
554715,PINK FEATHER BOA SHIMMER,Cabaret,0.6875,0.7500, $ 7.13 , $ 11.85 , $ 16.04 , $ 32.60 ,
554716,GREEN WITH ENVY SHIMMER,Cabaret,0.6875,0.7500, $ 7.13 , $ 11.85 , $ 16.04 , $ 32.60 ,
554717,RAINBOW GLITTER,Vegas,1,0.4375, $ 10.27 , $ 16.94 , $ 21.64 , $ 45.40 ,
554718,BLACK MAGIC EMBOSSED FLORA BLOCK,Frida,1.9375,1.0625, $ 11.88 , $ 19.54 , $ 24.50 , $ 51.90 ,
554719,XOLO NERO EMBOSSED FLORA BLOCK,Frida,1.9375,1.0625, $ 11.88 , $ 19.54 , $ 24.50 , $ 51.90 ,
554720,IRON RETABLO EMBOSSED FLORA BLOCK,Frida,1.9375,1.0625, $ 11.88 , $ 19.54 , $ 24.50 , $ 51.90 ,
554721,DIEGO BRONZE EMBOSSED FLORA BLOCK,Frida,1.9375,1.0625, $ 10.90 , $ 17.95 , $ 22.75 , $ 47.90 ,
554722,AZTEC GOLD EMBOSSED FLORA BLOCK,Frida,1.9375,1.0625, $ 11.88 , $ 19.54 , $ 24.50 , $ 51.90 ,
554723,CALLA LILY EMBOSSED FLORA BLOCK,Frida,1.9375,1.0625, $ 11.88 , $ 19.54 , $ 24.50 , $ 51.90 ,
554725,BLACK MAGIC EMBOSSED FLORA CAP,Frida,0.6875,0.7500, $ 6.96 , $ 11.58 , $ 15.74 , $ 31.90 ,
554726,XOLO NERO EMBOSSED FLORA CAP,Frida,0.6875,0.7500, $ 6.96 , $ 11.58 , $ 15.74 , $ 31.90 ,
554727,MOLE ROJO EMBOSSED FLORA CAP,Frida,0.6875,0.7500, $ 6.39 , $ 10.65 , $ 14.71 , $ 29.60 ,
554728,CASA AZUL EMBOSSED FLORA CAP,Frida,0.6875,0.7500, $ 6.96 , $ 11.58 , $ 15.74 , $ 31.90 ,
554729,CORAZON EMBOSSED FLORA CAP,Frida,0.6875,0.7500, $ 6.96 , $ 11.58 , $ 15.74 , $ 31.90 ,
554730,QUINCEANERA EMBOSSED FLORA CAP,Frida,0.6875,0.7500, $ 6.96 , $ 11.58 , $ 15.74 , $ 31.90 ,
554731,MARIGOLD EMBOSSED FLORA CAP,Frida,0.6875,0.7500, $ 6.96 , $ 11.58 , $ 15.74 , $ 31.90 ,
554732,IRON RETABLO EMBOSSED FLORA CAP,Frida,0.6875,0.7500, $ 6.96 , $ 11.58 , $ 15.74 , $ 31.90 ,
554733,DIEGO BRONZE EMBOSSED FLORA CAP,Frida,0.6875,0.7500, $ 6.96 , $ 11.58 , $ 15.74 , $ 31.90 ,
554734,AZTEC GOLD EMBOSSED FLORA CAP,Frida,0.6875,0.7500, $ 6.96 , $ 11.58 , $ 15.74 , $ 31.90 ,
554735,CALLA LILY EMBOSSED FLORA CAP,Frida,0.6875,0.7500, $ 6.96 , $ 11.58 , $ 15.74 , $ 31.90 ,
554737,NOPALES EMBOSSED FLORA CAP,Frida,0.6875,0.7500, $ 6.96 , $ 11.58 , $ 15.74 , $ 31.90 ,
554738,EBONY BLACK DIAMOND BLOCK,Bungalow,1.5,0.7500, $ 16.30 , $ 26.71 , $ 32.38 , $ 69.80 ,
554739,BUFFALO BROWN DIAMOND BLOCK,Bungalow,1.5,0.7500, $ 16.30 , $ 26.71 , $ 32.38 , $ 69.80 ,
554740,EGGSHELL WHITE DIAMOND BLOCK,Bungalow,1.5,0.7500, $ 16.30 , $ 26.71 , $ 32.38 , $ 69.80 ,
554741,INDIGO BLUE DIAMOND BLOCK,Bungalow,1.5,0.7500, $ 16.30 , $ 26.71 , $ 32.38 , $ 69.80 ,
554742,GOLDEN MUSTARD DIAMOND BLOCK,Bungalow,1.5,0.7500, $ 16.30 , $ 26.71 , $ 32.38 , $ 69.80 ,
554743,MINTED SAGE DIAMOND BLOCK,Bungalow,1.5,0.7500, $ 16.30 , $ 26.71 , $ 32.38 , $ 69.80 ,
554744,ORANGE BURST DIAMOND BLOCK,Bungalow,1.5,0.7500, $ 16.30 , $ 26.71 , $ 32.38 , $ 69.80 ,
570005,WHITE DECO GROOVE W/ BEAD,Marcello,1.8125,0.4375, $ 8.89 , $ 14.70 , $ 19.17 , $ 39.70 ,
570006,BLACK DECO GROOVE W/ BEAD,Marcello,1.8125,0.4375, $ 8.89 , $ 14.70 , $ 19.17 , $ 39.70 ,
570007,CHAMPAGNE DECO GROOVE W/ BEAD,Marcello,1.8125,0.4375, $ 8.89 , $ 14.70 , $ 19.17 , $ 39.70 ,
570008,SILVER DECO GROOVE W/ BEAD,Marcello,1.8125,0.4375, $ 8.89 , $ 14.70 , $ 19.17 , $ 39.70 ,
570009,TINY WHITE DECO GROOVE,Marcello,.8125,.375, $ 5.67 , $ 9.48 , $ 13.43 , $ 26.70 ,
570010,TINY BLACK DECO GROOVE,Marcello,.8125,.375, $ 5.67 , $ 9.48 , $ 13.43 , $ 26.70 ,
570011,TINY CHAMPAGNE DECO GROOVE,Marcello,.8125,.375, $ 5.67 , $ 9.48 , $ 13.43 , $ 26.70 ,
570012,TINY SILVER DECO GROOVE,Marcello,.8125,.375, $ 5.67 , $ 9.48 , $ 13.43 , $ 26.70 ,
570013,TINY BLACK CROSS STITCH,Jax,.625,.5, $ 5.38 , $ 9.02 , $ 12.92 , $ 25.50 ,
570014,TINY RED W/ GOLD CROSS STITCH,Jax,.625,.5, $ 5.38 , $ 9.02 , $ 12.92 , $ 25.50 ,
570015,TINY BROWN CROSS STITCH,Jax,.625,.5, $ 5.38 , $ 9.02 , $ 12.92 , $ 25.50 ,
570016,TINY BROWN W/ GOLD CROSS STITCH,Jax,.625,.5, $ 5.38 , $ 9.02 , $ 12.92 , $ 25.50 ,
570036,SILVER CHROME CAROL CUBE,Mackie,0.5625,0.3750, $ 6.86 , $ 11.41 , $ 15.55 , $ 31.50 ,
570037,CHER'S GRAMMY GOLD CUBE,Mackie,0.5625,0.3750, $ 6.86 , $ 11.41 , $ 15.55 , $ 31.50 ,
570038,DIANA ROSE GOLD CUBE,Mackie,0.5625,0.3750, $ 6.86 , $ 11.41 , $ 15.55 , $ 31.50 ,
570039,SILVER CHROME CAROL BLOCK,Mackie,1.0000,0.9375, $ 10.26 , $ 16.92 , $ 21.61 , $ 45.30 ,
570040,CHER'S GRAMMY GOLD BLOCK,Mackie,1.0000,0.9375, $ 10.26 , $ 16.92 , $ 21.61 , $ 45.30 ,
570041,DIANA ROSE GOLD BLOCK,Mackie,1.0000,0.9375, $ 10.26 , $ 16.92 , $ 21.61 , $ 45.30 ,
570042,SILVER CHROME CAROL PANEL,Mackie,2.7500,0.7500, $ 20.90 , $ 34.15 , $ 40.57 , $ 88.40 ,
570043,CHER'S GRAMMY GOLD PANEL,Mackie,2.7500,0.7500, $ 20.90 , $ 34.15 , $ 40.57 , $ 88.40 ,
580230,SMALL KABUKI WHITE,Sumi,0.7500,.4375, $ 5.05 , $ 8.49 , $ 12.34 , $ 24.20 ,
580231,SMALL HIBACHI CHARCOAL,Sumi,0.7500,.4375, $ 5.05 , $ 8.49 , $ 12.34 , $ 24.20 ,
580232,SMALL SAMURAI SMOKE,Sumi,0.7500,.4375, $ 5.05 , $ 8.49 , $ 12.34 , $ 24.20 ,
580233,SMALL MISO BROWN,Sumi,0.7500,.4375, $ 5.05 , $ 8.49 , $ 12.34 , $ 24.20 ,
580234,MEDIUM KABUKI WHITE,Sumi,1.3750,.4375, $ 6.81 , $ 11.33 , $ 15.46 , $ 31.30 ,
580235,MEDIUM HIBACHI CHARCOAL,Sumi,1.3750,.4375, $ 6.81 , $ 11.33 , $ 15.46 , $ 31.30 ,
580236,MEDIUM SAMURAI SMOKE,Sumi,1.3750,.4375, $ 6.81 , $ 11.33 , $ 15.46 , $ 31.30 ,
580237,MEDIUM MISO BROWN,Sumi,1.3750,.4375, $ 6.81 , $ 11.33 , $ 15.46 , $ 31.30 ,
590001,BLANC BIJOU D'ARGENT,Bijou,0.75,0.4375, $ 6.72 , $ 11.19 , $ 15.31 , $ 31.00 ,
590002,ROUGE BIJOU D'ARGENT,Bijou,0.75,0.4375, $ 6.72 , $ 11.19 , $ 15.31 , $ 31.00 ,
590003,VERT BIJOU D'OR,Bijou,0.75,0.4375, $ 6.72 , $ 11.19 , $ 15.31 , $ 31.00 ,
590004,BLEU BIJOU D'ARGENT,Bijou,0.75,0.4375, $ 6.72 , $ 11.19 , $ 15.31 , $ 31.00 ,
590005,GRIS BIJOU D'ARGENT,Bijou,0.75,0.4375, $ 6.72 , $ 11.19 , $ 15.31 , $ 31.00 ,
590006,TAUPE BIJOU D'OR,Bijou,0.75,0.4375, $ 6.72 , $ 11.19 , $ 15.31 , $ 31.00 ,
590007,NOIR BIJOU D'ARGENT,Bijou,0.75,0.4375, $ 6.72 , $ 11.19 , $ 15.31 , $ 31.00 ,
590008,NOIR BIJOU DI BRONZE,Bijou,0.75,0.4375, $ 6.72 , $ 11.19 , $ 15.31 , $ 31.00 ,
618514,PURPLE W/BLUE MARQUETRY,Confetti,0.7500,0.5000, $ 9.53 , $ 15.73 , $ 20.30 , $ 42.30 ,
618528,RED W/ MULTI  MARQUETRY,Confetti,0.7500,0.5000, $ 9.53 , $ 15.73 , $ 20.30 , $ 42.30 ,
618540,RED/BLACK CHECKERBOARD,Checkmate,0.7500,0.5000, $ 9.16 , $ 15.14 , $ 19.65 , $ 40.90 ,
618541,BLACK/WHITE CHECKERBOARD,Checkmate,0.7500,0.5000, $ 9.16 , $ 15.14 , $ 19.65 , $ 40.90 ,
618556,SMALL WENGE LACQUER,Wild Thing,0.7500,0.5000, $ 5.69 , $ 9.52 , $ 13.47 , $ 26.80 ,
618584,BLUE PIANO KEYS MARQUETRY,Liberace,1.1250,0.5000, $ 11.61 , $ 19.11 , $ 24.02 , $ 50.80 ,
618585,BLACK & WHITE PIANO KEYS MARQUETRY,Liberace,1.1250,0.5000, $ 11.61 , $ 19.11 , $ 24.02 , $ 50.80 ,
618591,BLACK HERRINGBONE,Rainbow Trout,1.1250,0.5000, $ 8.02 , $ 13.29 , $ 17.61 , $ 36.20 ,
618592,BLUE HERRINGBONE,Rainbow Trout,1.1250,0.5000, $ 8.02 , $ 13.29 , $ 17.61 , $ 36.20 ,
618593,RED HERRINGBONE,Rainbow Trout,1.1250,0.5000, $ 8.02 , $ 13.29 , $ 17.61 , $ 36.20 ,
618596,GREEN HERRINGBONE,Rainbow Trout,1.1250,0.5000, $ 8.02 , $ 13.29 , $ 17.61 , $ 36.20 ,
618608,LIGHT GREEN HERRINGBONE,Rainbow Trout,1.1250,0.5000, $ 8.02 , $ 13.29 , $ 17.61 , $ 36.20 ,
618609,LIGHT BLUE HERRINGBONE,Rainbow Trout,1.1250,0.5000, $ 8.02 , $ 13.29 , $ 17.61 , $ 36.20 ,
618613,PECAN HERRINGBONE,Rainbow Trout,1.1250,0.5000, $ 7.90 , $ 13.09 , $ 17.40 , $ 35.70 ,
618620,GREEN PINSTRIPE,Zoot Suit,1.1250,0.5000, $ 12.07 , $ 19.85 , $ 24.83 , $ 52.60 ,
618626,"WENGE, BLUE, TEAL SQUARES",Piazza,0.7500,0.5000, $ 8.51 , $ 14.09 , $ 18.50 , $ 38.20 ,
618636,BLACK W/ MULTI  MARQUETRY,Confetti,0.7500,0.5000, $ 9.71 , $ 16.03 , $ 20.64 , $ 43.10 ,
618637,SMALL TANGERINE,Jelly Bellas,0.7500,0.5000, $ 8.90 , $ 14.72 , $ 19.19 , $ 39.80 ,
618641,SMALL CINNAMON,Jelly Bellas,0.7500,0.5000, $ 8.90 , $ 14.72 , $ 19.19 , $ 39.80 ,
618642,SMALL COOL MINT,Jelly Bellas,0.7500,0.5000, $ 8.90 , $ 14.72 , $ 19.19 , $ 39.80 ,680569348494
618643,SMALL CAPPUCCINO,Jelly Bellas,0.7500,0.5000, $ 8.90 , $ 14.72 , $ 19.19 , $ 39.80 ,680569348500
618645,SMALL GRAPE JELLY,Jelly Bellas,0.7500,0.5000, $ 8.90 , $ 14.72 , $ 19.19 , $ 39.80 ,680569348517
618646,SMALL JALAPENO,Jelly Bellas,0.7500,0.5000, $ 8.90 , $ 14.72 , $ 19.19 , $ 39.80 ,680569348524
618647,SMALL BUTTERED POPCORN,Jelly Bellas,0.7500,0.5000, $ 8.90 , $ 14.72 , $ 19.19 , $ 39.80 ,680569348531
618648,SMALL BERRY BLUE,Jelly Bellas,0.7500,0.5000, $ 8.90 , $ 14.72 , $ 19.19 , $ 39.80 ,680569348548
618657,WENGE NERO,Compagno,0.7500,0.5000, $ 8.73 , $ 14.44 , $ 18.89 , $ 39.10 ,
618659,EBANO,Compagno,0.7500,0.5000, $ 8.73 , $ 14.44 , $ 18.89 , $ 39.10 ,
618660,MOGANO,Compagno,0.7500,0.5000, $ 8.73 , $ 14.44 , $ 18.89 , $ 39.10 ,
618662,WENGE NOCE ,Compagno,0.7500,0.5000, $ 8.73 , $ 14.44 , $ 18.89 , $ 39.10 ,
618667,PEARL & CHARCOAL,Darma,1.1250,0.5000, $ 12.58 , $ 20.68 , $ 25.75 , $ 54.70 ,
618681,WHITE HEARTS ,Charms,.75,0.5000, $ 9.53 , $ 15.74 , $ 20.31 , $ 42.30 ,
618694,MEDIUM BERRY BLUE,Jelly Bellas,1.125,.5, $ 9.00 , $ 14.88 , $ 19.37 , $ 40.20 ,
618696,MEDIUM CINNAMON,Jelly Bellas,1.125,.5, $ 9.00 , $ 14.88 , $ 19.37 , $ 40.20 ,680569348609
618698,BLACK STRIPE WITH RED/WHITE CHECK,Zoot Suit,1.125,.5, $ 8.62 , $ 14.26 , $ 18.69 , $ 38.70 ,
618699,GREY STRIPE WITH B/W CHECK,Zoot Suit,1.125,.5, $ 8.62 , $ 14.26 , $ 18.69 , $ 38.70 ,
618702,SMALL GREY PINSTRIPE,Zoot Suit,1.125,.5, $ 8.35 , $ 13.83 , $ 18.21 , $ 37.60 ,
618703,SMALL SKY BLUE,Parade,.75,0.5000, $ 8.28 , $ 13.71 , $ 18.08 , $ 37.30 ,
618704,SMALL GRASS GREEN,Parade,.75,0.5000, $ 8.28 , $ 13.71 , $ 18.08 , $ 37.30 ,
618705,SMALL EGGPLANT,Parade,.75,0.5000, $ 8.28 , $ 13.71 , $ 18.08 , $ 37.30 ,
618706,SMALL SUNSHINE,Parade,.75,0.5000, $ 8.28 , $ 13.71 , $ 18.08 , $ 37.30 ,
618707,SMALL PISTACHIO,Parade,.75,0.5000, $ 8.28 , $ 13.71 , $ 18.08 , $ 37.30 ,
618708,SMALL PINK CARNATION,Parade,.75,0.5000, $ 8.28 , $ 13.71 , $ 18.08 , $ 37.30 ,
618709,SMALL MARMALADE,Parade,.75,0.5000, $ 8.28 , $ 13.71 , $ 18.08 , $ 37.30 ,
618710,SMALL ROSE RED,Parade,.75,0.5000, $ 8.28 , $ 13.71 , $ 18.08 , $ 37.30 ,
618712,MEDIUM ERMINE & ANGORA CHEVRON,Calzini,1.1250,0.5000, $ 10.15 , $ 16.75 , $ 21.42 , $ 44.90 ,
618713,MEDIUM SABLE & ANGORA CHEVRON,Calzini,1.1250,0.5000, $ 10.15 , $ 16.75 , $ 21.42 , $ 44.90 ,
618714,SMALL ERMINE & ANGORA CHEVRON,Calzini,0.7500,0.5000, $ 7.16 , $ 11.90 , $ 16.09 , $ 32.80 ,
618715,SMALL SABLE & ANGORA CHEVRON,Calzini,0.7500,0.5000, $ 7.16 , $ 11.90 , $ 16.09 , $ 32.80 ,
618716,MEDIUM RAINBOW,Parade,1.1250,0.5000, $ 10.35 , $ 17.07 , $ 21.78 , $ 45.70 ,
618717,SMALL RAINBOW,Parade,0.7500,0.5000, $ 7.82 , $ 12.96 , $ 17.26 , $ 35.40 ,
620001,SILVERED STEEL SCOOP W/ NATURAL OAK SIDES,Forged,1.9375,0.9375, $ 16.75 , $ 27.43 , $ 33.17 , $ 71.60 ,
620002,PEWTERED STEEL SCOOP W/ GREY ASH SIDES,Forged,1.9375,0.9375, $ 16.75 , $ 27.43 , $ 33.17 , $ 71.60 ,
620003,GOLDEN STEEL SCOOP W/ BRONZE ASH SIDES,Forged,1.9375,0.9375, $ 16.75 , $ 27.43 , $ 33.17 , $ 71.60 ,
620004,BLACKENED STEEL SCOOP W/ EBONY WALNUT SIDES,Forged,1.9375,0.9375, $ 16.75 , $ 27.43 , $ 33.17 , $ 71.60 ,
620005,SILVERED STEEL CAP W/ NATURAL OAK,Forged,1,1, $ 11.33 , $ 18.66 , $ 23.52 , $ 49.60 ,
620006,PEWTERED STEEL CAP W/ GREY ASH,Forged,1,1, $ 11.33 , $ 18.66 , $ 23.52 , $ 49.60 ,
620007,GOLDEN STEEL CAP W/ BRONZE ASH,Forged,1,1, $ 11.33 , $ 18.66 , $ 23.52 , $ 49.60 ,
620008,BLACKENED STEEL CAP W/ EBONY WALNUT,Forged,1,1, $ 11.33 , $ 18.66 , $ 23.52 , $ 49.60 ,
620009,SILVERED STEEL ANGLE W/ NATURAL OAK SIDES,Forged,0.6875,0.6250, $ 6.48 , $ 10.80 , $ 14.88 , $ 30.00 ,
620010,PEWTERED STEEL ANGLE W/ GREY ASH SIDES,Forged,0.6875,0.6250, $ 6.48 , $ 10.80 , $ 14.88 , $ 30.00 ,
620011,GOLDEN STEEL ANGLE W/ BRONZE ASH SIDES,Forged,0.6875,0.6250, $ 6.48 , $ 10.80 , $ 14.88 , $ 30.00 ,
620012,BLACKENED STEEL ANGLE W/ EBONY WALNUT SIDES,Forged,0.6875,0.6250, $ 6.48 , $ 10.80 , $ 14.88 , $ 30.00 ,
620013,ARGENTIUM SILVER SILK BATISTE CAP,Batiste,1.1875,0.8750, $ 9.60 , $ 15.86 , $ 20.44 , $ 42.60 ,
620014,HONEYED SILK BATISTE CAP,Batiste,1.1875,0.8750, $ 9.60 , $ 15.86 , $ 20.44 , $ 42.60 ,
620015,BYZANTINE BRONZED SILK BATISTE CAP,Batiste,1.1875,0.8750, $ 9.60 , $ 15.86 , $ 20.44 , $ 42.60 ,
620016,OILED IRON SILK BATISTE CAP,Batiste,1.1875,0.8750, $ 9.60 , $ 15.86 , $ 20.44 , $ 42.60 ,
620017,ARGENTIUM SILVER SILK BATISTE ANGLE,Batiste,0.8125,0.6250, $ 8.94 , $ 14.78 , $ 19.26 , $ 39.90 ,
620018,HONEYED SILK BATISTE ANGLE,Batiste,0.8125,0.6250, $ 8.94 , $ 14.78 , $ 19.26 , $ 39.90 ,
620019,BYZANTINE BRONZED SILK BATISTE ANGLE,Batiste,0.8125,0.6250, $ 8.94 , $ 14.78 , $ 19.26 , $ 39.90 ,
620020,OILED IRON SILK BATISTE ANGLE,Batiste,0.8125,0.6250, $ 8.94 , $ 14.78 , $ 19.26 , $ 39.90 ,
620021,PLEATED ARGENTIUM SILVER SILK BATISTE,Batiste,2.3750,0.5625, $ 11.74 , $ 19.32 , $ 24.25 , $ 51.30 ,
620022,PLEATED HONEYED SILK BATISTE,Batiste,2.3750,0.5625, $ 11.74 , $ 19.32 , $ 24.25 , $ 51.30 ,
620023,PLEATED BYZANTINE BRONZED SILK BATISTE,Batiste,2.3750,0.5625, $ 11.74 , $ 19.32 , $ 24.25 , $ 51.30 ,
620024,PLEATED OILED IRON SILK BATISTE,Batiste,2.3750,0.5625, $ 11.74 , $ 19.32 , $ 24.25 , $ 51.30 ,
720062,RUBY ON CRIMSON LARGE ANGLE,Rothko,1.0627,.6877, $ 7.96 , $ 13.20 , $ 17.52 , $ 36.00 ,
720063,PEARL ON CLAY LARGE ANGLE,Rothko,1.0628,.6878, $ 7.96 , $ 13.20 , $ 17.52 , $ 36.00 ,
720064,GREY ON GRAY LARGE ANGLE,Rothko,1.0629,.6879, $ 7.30 , $ 12.13 , $ 16.35 , $ 33.30 ,
720065,INDIGO ON COBALT LARGE ANGLE,Rothko,1.0630,.6880, $ 7.96 , $ 13.20 , $ 17.52 , $ 36.00 ,
720066,VIOLET ON PURPLE LARGE ANGLE,Rothko,1.0631,.6881, $ 7.96 , $ 13.20 , $ 17.52 , $ 36.00 ,
720069,RUBY ON CRIMSON SMALL ANGLE,Rothko,.75,.5, $ 6.36 , $ 10.61 , $ 14.67 , $ 29.50 ,
720070,PEARL ON CLAY SMALL ANGLE,Rothko,.75,.5, $ 6.36 , $ 10.61 , $ 14.67 , $ 29.50 ,
720071,GREY ON GRAY SMALL ANGLE,Rothko,.75,.5, $ 6.36 , $ 10.61 , $ 14.67 , $ 29.50 ,
720072,INDIGO ON COBALT SMALL ANGLE,Rothko,.75,.5, $ 6.36 , $ 10.61 , $ 14.67 , $ 29.50 ,
720073,VIOLET ON PURPLE SMALL ANGLE,Rothko,.75,.5, $ 6.36 , $ 10.61 , $ 14.67 , $ 29.50 ,
720079,GOLD OPERA BEADED SCOOP,Aida,1.8125,.5, $ 11.44 , $ 18.84 , $ 23.72 , $ 50.10 ,
720080,SILVER OPERA BEADED SCOOP,Aida,1.8125,.5, $ 11.44 , $ 18.84 , $ 23.72 , $ 50.10 ,
720088,RUSTED CORTEN STEEL DEEP CAP,Stanley,.8125,.875, $ 18.55 , $ 30.35 , $ 36.38 , $ 78.90 ,
720089,OXIDIZED COPPER RUST DEEP CAP,Stanley,.8125,.875, $ 18.55 , $ 30.35 , $ 36.38 , $ 78.90 ,
720090,GARAGE GREY DEEP CAP,Stanley,.8125,.875, $ 18.55 , $ 30.35 , $ 36.38 , $ 78.90 ,
720092,RUSTED CORTEN STEEL ANGLE,Stanley,.875,.5, $ 18.55 , $ 30.35 , $ 36.38 , $ 78.90 ,
720093,OXIDIZED COPPER RUST ANGLE,Stanley,.875,.5, $ 18.55 , $ 30.35 , $ 36.38 , $ 78.90 ,
720094,GARAGE GREY ANGLE,Stanley,.875,.5, $ 18.55 , $ 30.35 , $ 36.38 , $ 78.90 ,
720096,RUSTED CORTEN STEEL FLOATER,Stanley,2.0620,1.625, $ 20.44 , $ 33.42 , $ 39.76 , $ 86.50 ,
720097,OXIDIZED COPPER RUST FLOATER,Stanley,2.0620,1.625, $ 20.44 , $ 33.42 , $ 39.76 , $ 86.50 ,
720098,GARAGE GREY FLOATER,Stanley,2.0620,1.625, $ 20.44 , $ 33.42 , $ 39.76 , $ 86.50 ,
720099,CEMENT MIX FLOATER,Stanley,2.0620,1.625, $ 20.44 , $ 33.42 , $ 39.76 , $ 86.50 ,
720100,RUSTED HIGHWAY SIGN WHITE DEEP CAP,Stanley,0.8125,.875, $ 17.01 , $ 27.86 , $ 33.65 , $ 72.70 ,
720104,RUSTED HIGHWAY SIGN WHITE FLOATER,Stanley,2.0620,1.625, $ 18.75 , $ 30.67 , $ 36.74 , $ 79.70 ,
720123,WIDE BLACK ICE,Varis,2.8750,0.6875, $ 9.99 , $ 16.48 , $ 21.13 , $ 44.20 ,
720124,WIDE POLAR ICE,Varis,2.8750,0.6875, $ 10.89 , $ 17.93 , $ 22.73 , $ 47.80 ,
720125,BLACK ICE CAP,Varis,1.1250,0.5625, $ 7.67 , $ 12.72 , $ 16.99 , $ 34.80 ,
720126,POLAR ICE CAP,Varis,1.1250,0.5625, $ 7.67 , $ 12.72 , $ 16.99 , $ 34.80 ,
720127,SMALL VINTAGE PLASTER ACANTHUS,Stanley,1.8125,0.5625, $ 11.98 , $ 19.71 , $ 24.68 , $ 52.30 ,
720129,SMALL GARAGE GREY ACANTHUS,Stanley,1.8125,0.5625, $ 11.98 , $ 19.71 , $ 24.68 , $ 52.30 ,
720130,SMALL RUSTED CORTON ACANTHUS,Stanley,1.8125,0.5625, $ 17.75 , $ 29.06 , $ 34.97 , $ 75.70 ,
720131,MEDIUM VINTAGE PLASTER ACANTHUS,Stanley,2.375,1.0625, $ 19.91 , $ 32.55 , $ 38.80 , $ 84.40 ,
720133,MEDIUM GARAGE GREY ACANTHUS,Stanley,2.375,1.0625, $ 19.91 , $ 32.55 , $ 38.80 , $ 84.40 ,
720134,MEDIUM RUSTED CORTON ACANTHUS,Stanley,2.375,1.0625, $ 28.40 , $ 46.31 , $ 53.94 , $ 118.80 ,
734940,MEDIUM ANGLED GRAPHITE,Forte,1.5000,0.4375, $ 7.62 , $ 12.64 , $ 16.91 , $ 34.60 ,
734945,TALL ANGLED GRAPHITE CAP,Forte,0.7500,1.1250, $ 7.37 , $ 12.24 , $ 16.47 , $ 33.60 ,
734971,SMOKED BRONZE LEAVES,Gusto,0.7500,0.4375, $ 6.33 , $ 10.55 , $ 14.61 , $ 29.40 ,
734980,"1 1/2"" HAND PRESSED GOLD LEAF",Oaxaca,1.4375,0.7500, $ 5.93 , $ 9.90 , $ 12.65 , $ 27.80 ,
734987,"3/4"" WOVEN IMPRESSIONS  SILVER LEAF",Oaxaca,.75,.625, $ 4.76 , $ 8.02 , $ 11.82 , $ 23.00 ,
734992,GRAPHITE FLOATER,Forte,1.7500,1.625, $ 10.24 , $ 16.89 , $ 21.58 , $ 45.20 ,
734997,HAND TOOLED DOTS RUSTED BLACK TIN CAP,Oaxaca,1,.9375, $ 5.63 , $ 9.43 , $ 13.37 , $ 26.60 ,
735013,RED CURTAIN VAUDEVILLE CAP,Cabaret,0.6875,0.9375, $ 3.90 , $ 6.62 , $ 9.20 , $ 19.50 ,
740001,CHROMA GREY WHITE CUBE,Kubik,0.8125,.625, $ 6.68 , $ 11.13 , $ 15.24 , $ 30.80 ,
740002,FADED FJORD WHITE CUBE,Kubik,0.8125,.625, $ 6.68 , $ 11.13 , $ 15.24 , $ 30.80 ,
740003,LUNA WHITE CUBE,Kubik,0.8125,.625, $ 6.68 , $ 11.13 , $ 15.24 , $ 30.80 ,
740004,BARE BIRCH WHITE CUBE,Kubik,0.8125,.625, $ 6.68 , $ 11.13 , $ 15.24 , $ 30.80 ,
740005,CHROMA GREY WHITE TALL CAP,Kubik,1,1.75, $ 9.95 , $ 16.42 , $ 21.06 , $ 44.00 ,
740006,FADED FJORD WHITE TALL CAP,Kubik,1,1.75, $ 9.95 , $ 16.42 , $ 21.06 , $ 44.00 ,
740007,LUNA WHITE TALL CAP,Kubik,1,1.75, $ 9.95 , $ 16.42 , $ 21.06 , $ 44.00 ,
740008,BARE BIRCH WHITE TALL CAP,Kubik,1,1.75, $ 9.95 , $ 16.42 , $ 21.06 , $ 44.00 ,
740009,BLACK BOREALIS BLOCK,Aurora,1.1875,0.9375, $ 7.88 , $ 13.06 , $ 17.37 , $ 35.70 ,
740010,GREY GALAXY BLOCK,Aurora,1.1875,0.9375, $ 7.88 , $ 13.06 , $ 17.37 , $ 35.70 ,
740011,SOLAR SILVER BLOCK,Aurora,1.1875,0.9375, $ 7.88 , $ 13.06 , $ 17.37 , $ 35.70 ,
740012,MAUVELOUS MERCURY BLOCK,Aurora,1.1875,0.9375, $ 7.88 , $ 13.06 , $ 17.37 , $ 35.70 ,
740013,SUN FLARE GOLD BLOCK,Aurora,1.1875,0.9375, $ 7.88 , $ 13.06 , $ 17.37 , $ 35.70 ,
740014,GREY GALAXY CAP,Aurora,0.75,1.1250, $ 7.64 , $ 12.68 , $ 16.94 , $ 34.70 ,
740015,SOLAR SILVER CAP,Aurora,0.75,1.1250, $ 7.64 , $ 12.68 , $ 16.94 , $ 34.70 ,
740016,MAUVELOUS MERCURY CAP,Aurora,0.75,1.1250, $ 7.64 , $ 12.68 , $ 16.94 , $ 34.70 ,
740017,SUN FLARE GOLD CAP,Aurora,0.75,1.1250, $ 7.64 , $ 12.68 , $ 16.94 , $ 34.70 ,
740019,OLD WORLD SILVER AND BLACK ROUNDED,Mondano,1.5625,0.5625, $ 9.80 , $ 16.18 , $ 20.79 , $ 43.40 ,
740020,OLD WORLD GOLD ROUNDED,Mondano,1.5625,0.5625, $ 9.80 , $ 16.18 , $ 20.79 , $ 43.40 ,
740021,OLD WORLD PEWTER ROUNDED,Mondano,1.5625,0.5625, $ 8.99 , $ 14.87 , $ 19.35 , $ 40.20 ,
740022,MIDDLE WORLD BLACK DEEP SCOOP LIP,Mondano,0.9375,0.5000, $ 7.75 , $ 12.85 , $ 17.13 , $ 35.10 ,
740023,MIDDLE WORLD GOLD DEEP SCOOP LIP,Mondano,0.9375,0.5000, $ 7.75 , $ 12.85 , $ 17.13 , $ 35.10 ,
740024,MIDDLE WORLD SILVER DEEP SCOOP LIP,Mondano,0.9375,0.5000, $ 7.75 , $ 12.85 , $ 17.13 , $ 35.10 ,
740025,MIDDLE WORLD PEWTER DEEP SCOOP LIP,Mondano,0.9375,0.5000, $ 7.75 , $ 12.85 , $ 17.13 , $ 35.10 ,
740026,NEW WORLD BLACK DARK WALNUT ANGLE,Mondano,0.8125,0.6250, $ 7.11 , $ 11.82 , $ 16.00 , $ 32.50 ,
740027,NEW WORLD PEWTER LIGHT WALNUT ANGLE,Mondano,0.8125,0.6250, $ 7.11 , $ 11.82 , $ 16.00 , $ 32.50 ,
740028,NEW WORLD GOLD CHERRY ANGLE,Mondano,0.8125,0.6250, $ 7.11 , $ 11.82 , $ 16.00 , $ 32.50 ,
740029,NEW WORLD CHAMPAGNE LIGHT WALNUT ANGLE,Mondano,0.8125,0.6250, $ 7.11 , $ 11.82 , $ 16.00 , $ 32.50 ,
740030,NEW WORLD SILVER CHERRY ANGLE,Mondano,0.8125,0.6250, $ 7.11 , $ 11.82 , $ 16.00 , $ 32.50 ,
740031,BLACK BOREALIS CAP,Aurora,0.75,1.1250, $ 7.64 , $ 12.68 , $ 16.94 , $ 34.70 ,
740032,"1"" GROOVY VINTAGE VINYL",Hi-Fi,0.9375,0.5625, $ 6.58 , $ 10.96 , $ 15.05 , $ 30.40 ,
740033,"1"" GROOVY MARVIN GREY",Hi-Fi,0.9375,0.5625, $ 6.58 , $ 10.96 , $ 15.05 , $ 30.40 ,
740034,"1"" GROOVY SMOKEY BROWN",Hi-Fi,0.9375,0.5625, $ 6.58 , $ 10.96 , $ 15.05 , $ 30.40 ,
740035,"1"" GROOVY TINA TANNER",Hi-Fi,0.9375,0.5625, $ 6.58 , $ 10.96 , $ 15.05 , $ 30.40 ,
740036,"1"" GROOVY BARRY WHITE",Hi-Fi,0.9375,0.5625, $ 6.58 , $ 10.96 , $ 15.05 , $ 30.40 ,
740037,STONE OAK WHITE CUBE,Kubik,0.8125,0.6250, $ 6.68 , $ 11.13 , $ 15.24 , $ 30.80 ,
740038,AUTUMN WALNUT WHITE CUBE,Kubik,0.8125,0.6250, $ 6.68 , $ 11.13 , $ 15.24 , $ 30.80 ,
740039,STURDY CHERRY WHITE CUBE,Kubik,0.8125,0.6250, $ 6.68 , $ 11.13 , $ 15.24 , $ 30.80 ,
740040,WOODLAND WALNUT WHITE CUBE,Kubik,0.8125,0.6250, $ 6.68 , $ 11.13 , $ 15.24 , $ 30.80 ,
740041,STONE OAK WHITE TALL CAP,Kubik,1,1.7500, $ 9.95 , $ 16.42 , $ 21.06 , $ 44.00 ,
740042,AUTUMN WALNUT WHITE TALL CAP,Kubik,1,1.7500, $ 9.95 , $ 16.42 , $ 21.06 , $ 44.00 ,
740043,STURDY CHERRY WHITE TALL CAP,Kubik,1,1.7500, $ 9.95 , $ 16.42 , $ 21.06 , $ 44.00 ,
740044,WOODLAND WALNUT WHITETALL CAP,Kubik,1,1.7500, $ 9.95 , $ 16.42 , $ 21.06 , $ 44.00 ,
740045,CHROMA GREY WHITE BLOCK,Kubik,1.1875,0.7500, $ 8.22 , $ 13.61 , $ 17.97 , $ 37.00 ,
740046,FADED FJORD WHITE BLOCK,Kubik,1.1875,0.7500, $ 8.22 , $ 13.61 , $ 17.97 , $ 37.00 ,
740047,LUNA WHITE BLOCK,Kubik,1.1875,0.7500, $ 8.22 , $ 13.61 , $ 17.97 , $ 37.00 ,
740048,BARE BIRCH WHITE BLOCK,Kubik,1.1875,0.7500, $ 8.22 , $ 13.61 , $ 17.97 , $ 37.00 ,
740049,STONE OAK WHITE BLOCK,Kubik,1.1875,0.7500, $ 8.22 , $ 13.61 , $ 17.97 , $ 37.00 ,
740050,AUTUMN WALNUT WHITE BLOCK,Kubik,1.1875,0.7500, $ 8.22 , $ 13.61 , $ 17.97 , $ 37.00 ,
740051,STURDY CHERRY WHITE BLOCK,Kubik,1.1875,0.7500, $ 8.22 , $ 13.61 , $ 17.97 , $ 37.00 ,
740052,WOODLAND WALNUT WHITE BLOCK,Kubik,1.1875,0.7500, $ 8.22 , $ 13.61 , $ 17.97 , $ 37.00 ,
740053,OAK LIP ON BUFF BEIGE,Bungalow,0.7500,0.7500, $ 6.76 , $ 11.25 , $ 15.38 , $ 31.10 ,
740054,OAK LIP ON MINTED SAGE,Bungalow,0.7500,0.7500, $ 6.76 , $ 11.25 , $ 15.38 , $ 31.10 ,
740055,OAK LIP ON SESAME GREY,Bungalow,0.7500,0.7500, $ 6.76 , $ 11.25 , $ 15.38 , $ 31.10 ,
740056,OAK LIP ON PEONY PINK,Bungalow,0.7500,0.7500, $ 6.76 , $ 11.25 , $ 15.38 , $ 31.10 ,
740057,OAK LIP ON EGGSHELL WHITE,Bungalow,0.7500,0.7500, $ 6.76 , $ 11.25 , $ 15.38 , $ 31.10 ,
740058,OAK LIP ON GOLDEN MUSTARD,Bungalow,0.7500,0.7500, $ 6.76 , $ 11.25 , $ 15.38 , $ 31.10 ,
740059,WALNUT LIP ON BUFF BEIGE,Bungalow,0.7500,0.7500, $ 6.76 , $ 11.25 , $ 15.38 , $ 31.10 ,
740060,WALNUT LIP ON EBONY BLACK,Bungalow,0.7500,0.7500, $ 6.76 , $ 11.25 , $ 15.38 , $ 31.10 ,
740061,WALNUT LIP ON INDIGO BLUE,Bungalow,0.7500,0.7500, $ 6.76 , $ 11.25 , $ 15.38 , $ 31.10 ,
740062,WALNUT LIP ON ORANGE BURST,Bungalow,0.7500,0.7500, $ 6.76 , $ 11.25 , $ 15.38 , $ 31.10 ,
740063,INFINITE GREY DOTS IN BLACK,Kusama,0.7500,1, $ 7.02 , $ 11.67 , $ 15.84 , $ 32.20 ,
740064,KALEIDOSCOPE CRIMSON DOTS IN BLACK,Kusama,0.7500,1, $ 7.02 , $ 11.67 , $ 15.84 , $ 32.20 ,
740065,PRISMATIC PEWTER DOTS IN GREY,Kusama,0.7500,1, $ 7.02 , $ 11.67 , $ 15.84 , $ 32.20 ,
740066,COSMIC BRONZE DOTS IN TAN,Kusama,0.7500,1, $ 7.02 , $ 11.67 , $ 15.84 , $ 32.20 ,
740067,ASTRAL GOLD DOTS IN YELLOW,Kusama,0.7500,1, $ 7.02 , $ 11.67 , $ 15.84 , $ 32.20 ,
740068,CELESTIAL ORBITS IN WHITE,Kusama,0.7500,1, $ 7.02 , $ 11.67 , $ 15.84 , $ 32.20 ,
740069,ESPRESSO GANACHE CAP,Ferrero,0.7500,1, $ 8.15 , $ 13.50 , $ 17.85 , $ 36.80 ,
740070,TOFFEE CARAMELLO CAP,Ferrero,0.7500,1, $ 8.15 , $ 13.50 , $ 17.85 , $ 36.80 ,
740071,BUTTERSCOTCH TRUFFLE CAP,Ferrero,0.7500,1, $ 8.15 , $ 13.50 , $ 17.85 , $ 36.80 ,
740072,AMARO NOUGAT CAP,Ferrero,0.7500,1, $ 8.15 , $ 13.50 , $ 17.85 , $ 36.80 ,
740073,TOASTED MARZIPAN CAP,Ferrero,0.7500,1, $ 8.15 , $ 13.50 , $ 17.85 , $ 36.80 ,
740074,SALTED MARSHMALLOW CAP,Ferrero,0.7500,1, $ 8.15 , $ 13.50 , $ 17.85 , $ 36.80 ,
740075,VANILLA ZUCCHERO CAP,Ferrero,0.7500,1, $ 8.15 , $ 13.50 , $ 17.85 , $ 36.80 ,
740076,ESPRESSO GANACHE BEVEL,Ferrero,0.8750,0.5625, $ 7.29 , $ 12.11 , $ 16.33 , $ 33.30 ,
740077,TOFFEE CARAMELLO BEVEL,Ferrero,0.8750,0.5625, $ 7.29 , $ 12.11 , $ 16.33 , $ 33.30 ,
740078,BUTTERSCOTCH TRUFFLE BEVEL,Ferrero,0.8750,0.5625, $ 7.29 , $ 12.11 , $ 16.33 , $ 33.30 ,
740079,AMARO NOUGAT BEVEL,Ferrero,0.8750,0.5625, $ 7.29 , $ 12.11 , $ 16.33 , $ 33.30 ,
740080,TOASTED MARZIPAN BEVEL,Ferrero,0.8750,0.5625, $ 7.29 , $ 12.11 , $ 16.33 , $ 33.30 ,
740081,SALTED MARSHMALLOW BEVEL,Ferrero,0.8750,0.5625, $ 7.29 , $ 12.11 , $ 16.33 , $ 33.30 ,
740082,VANILLA ZUCCHERO BEVEL,Ferrero,0.8750,0.5625, $ 7.29 , $ 12.11 , $ 16.33 , $ 33.30 ,
744953,WARM SILVER COMB,Gusto,0.75,0.50, $ 8.13 , $ 13.47 , $ 17.81 , $ 36.70 ,
744954,COOL GOLD COMB,Gusto,0.75,0.50, $ 8.13 , $ 13.47 , $ 17.81 , $ 36.70 ,
744955,SMOKED BRONZE COMB,Gusto,0.75,0.50, $ 8.13 , $ 13.47 , $ 17.81 , $ 36.70 ,
744956,MILK CHOCOLATE COMB,Gusto,0.7500,0.5000, $ 7.82 , $ 12.97 , $ 17.27 , $ 35.40 ,
744959,SMOKED BRONZE GAUDI,Gaudi,0.75,0.50, $ 8.13 , $ 13.47 , $ 17.81 , $ 36.70 ,
744960,MILK CHOCOLATE GAUDI,Gaudi,0.75,0.50, $ 8.13 , $ 13.47 , $ 17.81 , $ 36.70 ,
744961,AMARILLO (YELLOW) GAUDI,Gaudi,0.75,0.50, $ 7.63 , $ 12.66 , $ 16.92 , $ 34.60 ,
744962,NARANJA (ORANGE) GAUDI,Gaudi,0.75,0.50, $ 7.63 , $ 12.66 , $ 16.92 , $ 34.60 ,
744963,VIOLETA (PURPLE) GAUDI,Gaudi,0.75,0.50, $ 7.63 , $ 12.66 , $ 16.92 , $ 34.60 ,
744964,VERDE (GREEN) GAUDI,Gaudi,0.75,0.50, $ 7.63 , $ 12.66 , $ 16.92 , $ 34.60 ,
744965,AZUL (BLUE) GAUDI,Gaudi,0.75,0.50, $ 7.63 , $ 12.66 , $ 16.92 , $ 34.60 ,
744966,ROJO (RED) GAUDI,Gaudi,0.75,0.50, $ 7.63 , $ 12.66 , $ 16.92 , $ 34.60 ,
744967,NEGRO (BLACK) GAUDI,Gaudi,0.75,0.50, $ 7.63 , $ 12.66 , $ 16.92 , $ 34.60 ,
744968,BLANCA (WHITE) GAUDI,Gaudi,0.75,0.50, $ 7.63 , $ 12.66 , $ 16.92 , $ 34.60 ,
744977,"3/4"" HAND PRESSED SILVER LEAF",Oaxaca,0.75,0.63, $ 5.35 , $ 8.97 , $ 12.87 , $ 25.40 ,
744978,"3/4"" HAND PRESSED GOLD LEAF",Oaxaca,0.75,0.6250, $ 5.35 , $ 8.97 , $ 12.87 , $ 25.40 ,
744980,"1 1/2"" HAND PRESSED GOLD LEAF",Oaxaca,1.4375,0.7500, $ 7.69 , $ 12.77 , $ 17.04 , $ 34.90 ,
744981,"3/4"" SOFT DIMPLE BLACK CLAY",Oaxaca,0.7500,0.6250, $ 5.25 , $ 8.80 , $ 12.68 , $ 25.00 ,
744982,"3/4"" WOVEN IMPRESSIONS BLACK CLAY",Oaxaca,0.7500,0.6250, $ 5.25 , $ 8.80 , $ 12.68 , $ 25.00 ,
744984,"1 1/2"" SOFT DIMPLE BLACK CLAY",Oaxaca,1.4375,0.7500, $ 7.87 , $ 13.06 , $ 17.36 , $ 35.60 ,
744985,"1 1/2"" WOVEN IMPRESSIONS BLACK CLAY",Oaxaca,1.4375,0.7500, $ 7.87 , $ 13.06 , $ 17.36 , $ 35.60 ,
744986,"1 1/2"" HAND PRESSED BLACK CLAY",Oaxaca,1.4375,0.7500, $ 7.87 , $ 13.06 , $ 17.36 , $ 35.60 ,
744988,"3/4"" SOFT DIMPLE SILVER LEAF",Oaxaca,.75,.625, $ 5.25 , $ 8.80 , $ 12.68 , $ 25.00 ,
744993,RUSTED TIN ROOF ANGLE,Oaxaca,1.0000,0.8125, $ 8.77 , $ 14.50 , $ 18.95 , $ 39.30 ,
744994,BLACK ROOF ANGLE,Oaxaca,1.0000,0.8125, $ 5.97 , $ 9.97 , $ 13.97 , $ 27.90 ,
744995,RUSTED BLACK TIN ROOF ANGLE,Oaxaca,1.0000,0.8125, $ 5.97 , $ 9.97 , $ 13.97 , $ 27.90 ,
744996,HAND TOOLED DOTS RUSTED TIN CAP,Oaxaca,1,.9375, $ 7.96 , $ 13.20 , $ 17.52 , $ 36.00 ,
770001,BLACK ICE SIDE SILVER CAP,Varis,0.8125,0.8750, $ 8.75 , $ 14.48 , $ 18.93 , $ 39.20 ,
770002,ARCTIC WHITE SIDE SILVER CAP,Varis,0.8125,0.8750, $ 8.75 , $ 14.48 , $ 18.93 , $ 39.20 ,
770003,REINDEER SIDE SILVER CAP,Varis,0.8125,0.8750, $ 8.75 , $ 14.48 , $ 18.93 , $ 39.20 ,
770004,VIKING GREY SIDE SILVER CAP,Varis,0.8125,0.8750, $ 8.75 , $ 14.48 , $ 18.93 , $ 39.20 ,
770005,WINTERGREEN SILVER CAP,Varis,0.6875,0.5625, $ 7.30 , $ 12.13 , $ 16.34 , $ 33.30 ,
770006,BALTIC BLUE SILVER CAP,Varis,0.6875,0.5625, $ 7.30 , $ 12.13 , $ 16.34 , $ 33.30 ,
770007,GOLDENROD SILVER CAP,Varis,0.6875,0.5625, $ 7.30 , $ 12.13 , $ 16.34 , $ 33.30 ,
770008,VIKING GREY SILVER CAP,Varis,0.6875,0.5625, $ 7.30 , $ 12.13 , $ 16.34 , $ 33.30 ,
770021,BLACK EARTH CAP,Tizon,0.875,1, $ 9.05 , $ 14.96 , $ 19.46 , $ 40.40 ,
770022,SANDSTONE CAP,Tizon,0.875,1, $ 9.05 , $ 14.96 , $ 19.46 , $ 40.40 ,
770024,SAGE GREY CAP,Tizon,0.875,1, $ 9.05 , $ 14.96 , $ 19.46 , $ 40.40 ,
770025,ALABASTER CAP,Tizon,0.875,1, $ 9.05 , $ 14.96 , $ 19.46 , $ 40.40 ,
770031,BLACK ICE METALLIC CUBE,Varis,.75,0.5625, $ 5.31 , $ 8.90 , $ 12.79 , $ 25.30 ,
770032,ARCTIC WHITE METALLIC CUBE,Varis,.75,0.5625, $ 5.31 , $ 8.90 , $ 12.79 , $ 25.30 ,
770033,WINTERGREEN METALLIC CUBE,Varis,.75,0.5625, $ 5.31 , $ 8.90 , $ 12.79 , $ 25.30 ,
770034,REINDEER METALLIC CUBE,Varis,.75,0.5625, $ 5.31 , $ 8.90 , $ 12.79 , $ 25.30 ,
770035,BALTIC BLUE METALLIC CUBE,Varis,.75,0.5625, $ 5.31 , $ 8.90 , $ 12.79 , $ 25.30 ,
770036,FROSTED PLUM METALLIC CUBE,Varis,.75,0.5625, $ 5.31 , $ 8.90 , $ 12.79 , $ 25.30 ,
770037,BLACK ICE METALLIC TALL SCOOP,Varis,.75,0.5625, $ 9.02 , $ 14.91 , $ 19.40 , $ 40.30 ,
770038,ARCTIC WHITE METALLIC TALL SCOOP,Varis,.75,0.5625, $ 9.02 , $ 14.91 , $ 19.40 , $ 40.30 ,
770039,WINTERGREEN METALLIC TALL SCOOP,Varis,.75,0.5625, $ 9.02 , $ 14.91 , $ 19.40 , $ 40.30 ,
770040,REINDEER METALLIC TALL SCOOP,Varis,.75,0.5625, $ 9.02 , $ 14.91 , $ 19.40 , $ 40.30 ,
770041,BALTIC BLUE METALLIC TALL SCOOP,Varis,.75,0.5625, $ 9.02 , $ 14.91 , $ 19.40 , $ 40.30 ,
770042,FROSTED PLUM METALLIC TALL SCOOP,Varis,.75,0.5625, $ 9.02 , $ 14.91 , $ 19.40 , $ 40.30 ,
770043,VESTIBULE BLACK W/ GOLD RUBBED LIP CAP,Vasari,1,0.8750, $ 7.46 , $ 12.39 , $ 16.63 , $ 34.00 ,
770044,MONUMENTAL WHITE W/ SILVER RUBBED LIP CAP,Vasari,1,0.8750, $ 7.46 , $ 12.39 , $ 16.63 , $ 34.00 ,
770045,VAULTED GREYSTONE W/ SILVER RUBBED LIP CAP,Vasari,1,0.8750, $ 7.46 , $ 12.39 , $ 16.63 , $ 34.00 ,
770046,WINGED VESTIBULE BLACK W/ GOLD RUBBED LIP,Vasari,1.5,0.5000, $ 11.01 , $ 18.13 , $ 22.94 , $ 48.30 ,
770047,WINGED MONUMENTAL WHITE W/ SILVER RUBBED LIP,Vasari,1.5,0.5000, $ 11.01 , $ 18.13 , $ 22.94 , $ 48.30 ,
770048,WINGED VAULTED GREYSTONE W/ SILVER RUBBED LIP,Vasari,1.5,0.5000, $ 11.01 , $ 18.13 , $ 22.94 , $ 48.30 ,
770049,BEDROCK BLACK W/ SILVER WASH,Trulli,.5625,0.5000, $ 5.27 , $ 8.83 , $ 12.72 , $ 25.10 ,
770050,POPPY RED W/ SILVER WASH,Trulli,.5625,0.5000, $ 5.27 , $ 8.83 , $ 12.72 , $ 25.10 ,
770051,ADRIATIC BLUE W/ SILVER WASH,Trulli,.5625,0.5000, $ 5.27 , $ 8.83 , $ 12.72 , $ 25.10 ,
770052,ROLLING GREEN W/ SILVER WASH,Trulli,.5625,0.5000, $ 5.27 , $ 8.83 , $ 12.72 , $ 25.10 ,
770053,SPRING YELLOW W/ SILVER WASH,Trulli,.5625,0.5000, $ 5.27 , $ 8.83 , $ 12.72 , $ 25.10 ,
770054,SUNSET BLUSH W/ SILVER WASH,Trulli,.5625,0.5000, $ 5.27 , $ 8.83 , $ 12.72 , $ 25.10 ,
770055,LIMESTONE WHITE W/ SILVER WASH,Trulli,.5625,0.5000, $ 5.27 , $ 8.83 , $ 12.72 , $ 25.10 ,
770056,GOLD ETCHED CANTILEVER W/ CHARCOAL SIDES,Farnsworth,.5625,1, $ 7.73 , $ 12.83 , $ 17.11 , $ 35.10 ,
770057,SILVER ETCHED CANTILEVER W/ CHARCOAL SIDES,Farnsworth,.5625,1, $ 7.73 , $ 12.83 , $ 17.11 , $ 35.10 ,
770058,GOLD ETCHED CANTILEVER W/ WALNUT SIDES,Farnsworth,.5625,1, $ 7.73 , $ 12.83 , $ 17.11 , $ 35.10 ,
770059,SILVER ETCHED CANTILEVER W/ WALNUT SIDES,Farnsworth,.5625,1, $ 7.73 , $ 12.83 , $ 17.11 , $ 35.10 ,
770060,GOLD ETCHED CANTILEVER W/ NATURAL SIDES,Farnsworth,.5625,1, $ 7.73 , $ 12.83 , $ 17.11 , $ 35.10 ,
770061,SILVER ETCHED CANTILEVER W/ NATURAL SIDES,Farnsworth,.5625,1, $ 7.73 , $ 12.83 , $ 17.11 , $ 35.10 ,
780004,"7/8"" MOON GOLD W/ROUNDED TOP",Finezza,0.8750,0.3750, $ 7.72 , $ 12.81 , $ 17.10 , $ 35.00 ,
780005,"7/8"" MOON SILVER W/ROUNDED TOP",Finezza,0.8750,0.3750, $ 7.72 , $ 12.81 , $ 17.10 , $ 35.00 ,
780006,"7/8"" MOON GOLD W/ROUNDED BLK TOP",Finezza,0.8750,0.3750, $ 7.72 , $ 12.81 , $ 17.10 , $ 35.00 ,
780007,"7/8"" MOON SILV W/ROUNDED BLK TOP",Finezza,0.8750,0.3750, $ 7.72 , $ 12.81 , $ 17.10 , $ 35.00 ,
780008,"3/4"" MOON GOLD SCOOP W/BEAD",Finezza,0.7500,0.3750, $ 9.37 , $ 15.48 , $ 20.03 , $ 41.70 ,
780009,"3/4"" MOON SILVER SCOOP W/BEAD",Finezza,0.7500,0.3750, $ 9.37 , $ 15.48 , $ 20.03 , $ 41.70 ,
780010,"3/4"" MIDNIGHT SCOOP W/GOLD BEAD",Finezza,0.7500,0.3750, $ 9.37 , $ 15.48 , $ 20.03 , $ 41.70 ,
780011,"3/4"" MIDNIGHT SCOOP W/SILVER BEAD",Finezza,0.7500,0.3750, $ 9.37 , $ 15.48 , $ 20.03 , $ 41.70 ,
780053,"3 1/2"" VOLCANIC BLACK SCOOP",Vesuvio,3.5000,.4375, $ 14.65 , $ 24.04 , $ 29.44 , $ 63.10 ,
780054,"3 1/2"" EXCAVATION SILVER SCOOP",Vesuvio,3.5000,.4375, $ 19.40 , $ 31.73 , $ 37.91 , $ 82.30 ,
780055,"2 "" EXCAVATION GOLD SCOOP",Vesuvio,2,.5625, $ 13.32 , $ 21.88 , $ 27.06 , $ 57.70 ,
780056,"2"" WHITE ASH SCOOP",Vesuvio,2,.5625, $ 10.42 , $ 17.18 , $ 21.90 , $ 45.90 ,
780057,"2"" VOLCANIC BLACK SCOOP",Vesuvio,2,.5625, $ 10.42 , $ 17.18 , $ 21.90 , $ 45.90 ,
780058,"2"" EXCAVATION SILVER SCOOP",Vesuvio,2,.5625, $ 13.32 , $ 21.88 , $ 27.06 , $ 57.70 ,
780068,3' CHAUCER BRASS KNIGHT,Chaucer,3,0.9375, $ 17.43 , $ 28.53 , $ 34.38 , $ 74.30 ,
780069,3' CHIVALRY CREAM KNIGHT,Chaucer,3,0.9375, $ 19.50 , $ 31.89 , $ 38.07 , $ 82.70 ,
780070,3' CHAUCER STEEL KNIGHT,Chaucer,3,0.9375, $ 17.43 , $ 28.53 , $ 34.38 , $ 74.30 ,
780071,CHAUCER BRASS KNIGHT,Chaucer,1.5,0.5625, $ 10.68 , $ 17.60 , $ 22.36 , $ 47.00 ,
780072,CHIVALRY CREAM KNIGHT,Chaucer,1.5,0.5625, $ 11.68 , $ 19.23 , $ 24.15 , $ 51.10 ,
780073,CHAUCER STEEL KNIGHT,Chaucer,1.5,0.5625, $ 10.68 , $ 17.60 , $ 22.36 , $ 47.00 ,
780074,CONSTANCE BLACK FLOWERS,Chaucer,0.5625,0.3750, $ 5.26 , $ 8.81 , $ 12.70 , $ 25.00 ,
780075,SERENITY WHITE FLOWERS,Chaucer,0.5625,0.3750, $ 5.26 , $ 8.81 , $ 12.70 , $ 25.00 ,
780076,VICTORY RED FLOWERS,Chaucer,0.5625,0.3750, $ 5.26 , $ 8.81 , $ 12.70 , $ 25.00 ,
780077,NOBILITY BLUE FLOWERS,Chaucer,0.5625,0.3750, $ 5.26 , $ 8.81 , $ 12.70 , $ 25.00 ,
780078,AMBITION ORANGE FLOWERS,Chaucer,0.5625,0.3750, $ 5.26 , $ 8.81 , $ 12.70 , $ 25.00 ,
780079,LOYALTY GREEN FLOWERS,Chaucer,0.5625,0.3750, $ 5.26 , $ 8.81 , $ 12.70 , $ 25.00 ,
780085,"1 5/8"" GOLD STEAMER TRUNK",Porter,1.625,1.0625, $ 13.29 , $ 21.82 , $ 27.01 , $ 57.60 ,
780086,"1 5/8"" SILVER STEAMER TRUNK",Porter,1.625,1.0625, $ 13.29 , $ 21.82 , $ 27.01 , $ 57.60 ,
780087,"2 1/2"" GOLD STEAMER TRUNK",Porter,2.5,1.0625, $ 17.73 , $ 29.02 , $ 34.92 , $ 75.50 ,
780088,"2 1/2"" SILVER STEAMER TRUNK",Porter,2.5,1.0625, $ 17.73 , $ 29.02 , $ 34.92 , $ 75.50 ,
780089,OBSIDIAN BLACK GLOSS CUBE,Terrazzo,0.75,0.5625, $ 4.69 , $ 7.89 , $ 11.68 , $ 22.70 ,
780090,SANDY BEIGE GLOSS CUBE,Terrazzo,0.75,0.5625, $ 4.69 , $ 7.89 , $ 11.68 , $ 22.70 ,
780091,SHALE GREY GLOSS CUBE,Terrazzo,0.75,0.5625, $ 4.69 , $ 7.89 , $ 11.68 , $ 22.70 ,
780092,DOLOMITE WHITE GLOSS CUBE,Terrazzo,0.75,0.5625, $ 4.69 , $ 7.89 , $ 11.68 , $ 22.70 ,
780093,SLATED GREEN GLOSS CUBE,Terrazzo,0.75,0.5625, $ 4.69 , $ 7.89 , $ 11.68 , $ 22.70 ,
780094,TERRACOTTA GLOSS CUBE,Terrazzo,0.75,0.5625, $ 4.69 , $ 7.89 , $ 11.68 , $ 22.70 ,
780095,OBSIDIAN BLACK GLOSS CAP,Terrazzo,1.375,2, $ 10.34 , $ 17.05 , $ 21.75 , $ 45.60 ,
780096,SANDY BEIGE GLOSS CAP,Terrazzo,1.375,2, $ 10.34 , $ 17.05 , $ 21.75 , $ 45.60 ,
780097,SHALE GREY GLOSS CAP,Terrazzo,1.375,2, $ 10.34 , $ 17.05 , $ 21.75 , $ 45.60 ,
780098,DOLOMITE WHITE GLOSS CAP,Terrazzo,1.375,2, $ 10.34 , $ 17.05 , $ 21.75 , $ 45.60 ,
780099,SLATED GREEN GLOSS CAP,Terrazzo,1.375,2, $ 10.34 , $ 17.05 , $ 21.75 , $ 45.60 ,
780100,OBSIDIAN BLACK GLOSS FLOATER,Terrazzo,1.1875,1.7500, $ 12.91 , $ 21.22 , $ 26.34 , $ 56.10 ,
780101,SANDY BEIGE GLOSS FLOATER,Terrazzo,1.1875,1.7500, $ 12.91 , $ 21.22 , $ 26.34 , $ 56.10 ,
780102,SHALE GREY GLOSS FLOATER,Terrazzo,1.1875,1.7500, $ 12.91 , $ 21.22 , $ 26.34 , $ 56.10 ,
780103,DOLOMITE WHITE GLOSS FLOATER,Terrazzo,1.1875,1.7500, $ 12.91 , $ 21.22 , $ 26.34 , $ 56.10 ,
780104,MIDDAY GOLDEN WATER LILY SCOOP,GIVERNY,1.875,0.50, $ 12.93 , $ 21.25 , $ 26.38 , $ 56.10 ,
780105,SHADED BRASS WATER LILY SCOOP,GIVERNY,1.875,0.50, $ 12.93 , $ 21.25 , $ 26.38 , $ 56.10 ,
780106,MOONLIT SILVER WATER LILY SCOOP,GIVERNY,1.875,0.50, $ 12.93 , $ 21.25 , $ 26.38 , $ 56.10 ,
780107,LARGE MIDDAY GOLDEN WATER LILY SCOOP,GIVERNY,3.125,0.75, $ 17.86 , $ 29.24 , $ 35.16 , $ 76.10 ,
780108,LARGE SHADED BRASS WATER LILY SCOOP,GIVERNY,3.125,0.75, $ 17.86 , $ 29.24 , $ 35.16 , $ 76.10 ,
780109,LARGE MOONLIT SILVER WATER LILY SCOOP,GIVERNY,3.125,0.75, $ 17.86 , $ 29.24 , $ 35.16 , $ 76.10 ,
780110,GOLD STREAMLINER EXPRESS,PORTER,1.8125,0.50, $ 12.29 , $ 20.21 , $ 25.24 , $ 53.50 ,
780111,SILVER STREAMLINER EXPRESS,PORTER,1.8125,0.50, $ 12.29 , $ 20.21 , $ 25.24 , $ 53.50 ,
780112,LARGE GOLD STREAMLINER EXPRESS,PORTER,2.75,0.75, $ 16.59 , $ 27.18 , $ 32.90 , $ 71.00 ,
780113,LARGE SILVER STREAMLINER EXPRESS,PORTER,2.75,0.75, $ 16.59 , $ 27.18 , $ 32.90 , $ 71.00 ,
780114,GOLD STREAMLINER CLUB CAR CAP,PORTER,0.75,0.6875, $ 8.15 , $ 13.51 , $ 17.86 , $ 36.80 ,
780115,SILVER STREAMLINER CLUB CAR CAP,PORTER,0.75,0.6875, $ 8.15 , $ 13.51 , $ 17.86 , $ 36.80 ,
780116,GOLD STREAMLINER HIGH ANGLE,PORTER,0.6875,1, $ 8.89 , $ 14.71 , $ 19.18 , $ 39.80 ,
780117,SILVER STREAMLINER HIGH ANGLE,PORTER,0.6875,1, $ 8.89 , $ 14.71 , $ 19.18 , $ 39.80 ,
B5738C117,1 1/2'' SATIN BLACK CAP,Satin MonB,1.5000,2.0000, $ 6.72 , $ 11.18 , $ 15.30 , $ 31.00 ,
B5738C125,1 1/2'' SATIN WHITE CAP,Satin MonB,1.5000,2.0000, $ 6.72 , $ 11.18 , $ 15.30 , $ 31.00 ,
B5738C130,"1 1/2"" SATIN GREY CAP",Satin MonB,1.5000,2.0000, $ 5.71 , $ 9.56 , $ 13.51 , $ 26.90 ,
B3038F117,"1 1/2"" FLAT SATIN BLACK",Satin MonB,1.5000,1, $ 4.74 , $ 7.98 , $ 11.78 , $ 22.90 ,
B3038F125,"1 1/2"" FLAT SATIN WHITE",Satin MonB,1.5000,1, $ 4.74 , $ 7.98 , $ 11.78 , $ 22.90 ,
B3038F130,"1 1/2"" FLAT SATIN GREY",Satin MonB,1.5000,1, $ 4.74 , $ 7.98 , $ 11.78 , $ 22.90 ,
B3038F111,"1 1/2"" FLAT ALUMINUM GOLD",Metallic MonB,1.5000,1, $ 4.53 , $ 7.64 , $ 11.40 , $ 22.10 ,
B3038F222,"1 1/2"" FLAT ALUMINUM SILVER",Metallic MonB,1.5000,1, $ 4.53 , $ 7.64 , $ 11.40 , $ 22.10 ,
B3038F002,"1 1/2"" FLAT BEECH STAIN",Natural MonB,1.5000,1, $ 4.06 , $ 6.87 , $ 10.56 , $ 20.20 ,
B3038F003,"1 1/2"" FLAT LIGHT NATURAL STAIN",Natural MonB,1.5000,1, $ 3.45 , $ 5.89 , $ 9.48 , $ 17.70 ,
B3038F004,"1 1/2"" FLAT EBONIZED STAIN",Natural MonB,1.5000,1, $ 4.06 , $ 6.87 , $ 10.56 , $ 20.20 ,
B3038F005,"1 1/2"" FLAT GREY STAIN",Natural MonB,1.5000,1, $ 3.45 , $ 5.89 , $ 9.48 , $ 17.70 ,
B3038F006,"1 1/2"" FLAT DARK NATURAL STAIN",Natural MonB,1.5000,1, $ 4.06 , $ 6.87 , $ 10.56 , $ 20.20 ,
B2530F117,"1 1/8"" SATIN BLACK CUBE",Satin MonB,1.1250,0.8750, $ 3.81 , $ 6.47 , $ 10.11 , $ 19.20 ,
B2530F125,"1 1/8"" SATIN WHITE CUBE",Satin MonB,1.1250,0.8750, $ 3.81 , $ 6.47 , $ 10.11 , $ 19.20 ,
B3224I444,"1"" ANGLED SILVER W/ DARK GREY SIDES",Metallic MonB,0.9375,0.8125, $ 3.38 , $ 5.78 , $ 9.36 , $ 17.50 ,
B3224I555,"1"" ANGLED GOLD W/ NATURAL SIDES",Metallic MonB,0.9375,0.8125, $ 3.38 , $ 5.78 , $ 9.36 , $ 17.50 ,
B3224I666,"1"" ANGLED SILVER W/ NATURAL SIDES",Metallic MonB,0.9375,0.8125, $ 3.38 , $ 5.78 , $ 9.36 , $ 17.50 ,
B3220C125,"3/4"" SATIN WHITE CAP",Satin MonB,0.7500,1, $ 3.34 , $ 5.71 , $ 9.28 , $ 17.30 ,
B3220C117,"3/4"" SATIN BLACK CAP",Satin MonB,0.7500,1, $ 3.34 , $ 5.71 , $ 9.28 , $ 17.30 ,
B3220C333,"3/4"" GOLD W/ DARK GREY SIDES",Metallic MonB,0.7500,1, $ 3.16 , $ 5.42 , $ 8.96 , $ 16.60 ,
B3220C444,"3/4"" SILVER W/ DARK GREY SIDES",Metallic MonB,0.7500,1, $ 3.16 , $ 5.42 , $ 8.96 , $ 16.60 ,
B3220C555,"3/4"" GOLD W/ NATURAL SIDES",Metallic MonB,0.7500,1, $ 3.16 , $ 5.42 , $ 8.96 , $ 16.60 ,
B3220C666,"3/4"" SILVER W/ NATURAL SIDES",Metallic MonB,0.7500,1, $ 3.16 , $ 5.42 , $ 8.96 , $ 16.60 ,
B3220C111,"3/4"" ALUMINUM GOLD CAP",Metallic MonB,0.7500,1, $ 3.81 , $ 6.47 , $ 10.11 , $ 19.20 ,
B3220C222,"3/4"" ALUMINUM SILVER CAP",Metallic MonB,0.7500,1, $ 3.81 , $ 6.47 , $ 10.11 , $ 19.20 ,
B3220C002,"3/4"" BEECH STAIN CAP",Natural MonB,0.7500,1, $ 2.93 , $ 5.05 , $ 8.55 , $ 15.60 ,
B3220C003,"3/4"" LIGHT NATURAL  STAIN CAP",Natural MonB,0.7500,1, $ 2.49 , $ 4.34 , $ 7.77 , $ 13.80 ,
B3220C004,"3/4"" EBONIZED STAIN CAP",Natural MonB,0.7500,1, $ 2.93 , $ 5.05 , $ 8.55 , $ 15.60 ,
B3220C005,"3/4"" GREY STAIN CAP",Natural MonB,0.7500,1, $ 2.93 , $ 5.05 , $ 8.55 , $ 15.60 ,
B3220C006,"3/4"" DARK NATURAL STAIN CAP",Natural MonB,0.7500,1, $ 2.93 , $ 5.05 , $ 8.56 , $ 15.60 ,
B4419C002,"3/4"" ANGLED BEECH STAIN CAP",Natural MonB,0.7500,1.3125, $ 2.84 , $ 4.90 , $ 8.39 , $ 15.30 ,
B4419C003,"3/4"" ANGLED LIGHT NATURAL  STAIN CAP",Natural MonB,0.7500,1.3125, $ 2.42 , $ 4.21 , $ 7.64 , $ 13.50 ,
B4419C004,"3/4"" ANGLED EBONIZED STAIN CAP",Natural MonB,0.7500,1.3125, $ 2.84 , $ 4.90 , $ 8.39 , $ 15.30 ,
B4419C005,"3/4"" ANGLED GREY STAIN CAP",Natural MonB,0.7500,1.3125, $ 2.84 , $ 4.90 , $ 8.39 , $ 15.30 ,
B4419C006,"3/4"" ANGLED DARK NATURAL STAIN CAP",Natural MonB,0.7500,1.3125, $ 2.84 , $ 4.90 , $ 8.39 , $ 15.30 ,
B4419C125,"3/4"" ANGLED SATIN WHITE CAP",Satin MonB,0.7500,1.3125, $ 3.34 , $ 5.70 , $ 9.27 , $ 17.30 ,
B4419C117,"3/4"" ANGLED SATIN BLACK CAP",Satin MonB,0.7500,1.3125, $ 3.34 , $ 5.70 , $ 9.27 , $ 17.30 ,
B4419C130,"3/4"" ANGLED SATIN GREY CAP",Satin MonB,0.7500,1.3125, $ 3.34 , $ 5.70 , $ 9.27 , $ 17.30 ,
B2030F117,"1 1/4"" FLAT SATIN BLACK",Satin MonB,1.2500,0.5000, $ 3.24 , $ 5.54 , $ 9.10 , $ 16.90 ,
B2030F125,"1 1/4"" FLAT SATIN WHITE",Satin MonB,1.2500,0.5000, $ 3.24 , $ 5.54 , $ 9.10 , $ 16.90 ,
B2030F002,"1 1/4"" FLAT BEECH STAIN",Natural MonB,1.2500,0.5000, $ 3.16 , $ 5.41 , $ 8.95 , $ 16.50 ,
B2030F003,"1 1/4"" FLAT LIGHT NATURAL STAIN",Natural MonB,1.2500,0.5000, $ 2.68 , $ 4.65 , $ 8.11 , $ 14.60 ,
B2030F004,"1 1/4"" FLAT EBONIZED STAIN",Natural MonB,1.2500,0.5000, $ 3.16 , $ 5.41 , $ 8.95 , $ 16.50 ,
B2030F006,"1 1/4"" FLAT DARK NATURAL STAIN",Natural MonB,1.2500,0.5000, $ 3.16 , $ 5.41 , $ 8.95 , $ 16.50 ,
B2541I002,"1 1/2"" WIDE ANGLE BEECH STAIN ",Natural MonB,1.5625,0.5000, $ 3.07 , $ 5.27 , $ 8.79 , $ 16.20 ,
B2541I003,"1 1/2"" WIDE ANGLE LIGHT NATURAL  STAIN ",Natural MonB,1.5625,0.5000, $ 2.61 , $ 4.52 , $ 7.98 , $ 14.30 ,
B2541I004,"1 1/2"" WIDE ANGLE EBONIZED STAIN ",Natural MonB,1.5625,0.5000, $ 3.07 , $ 5.27 , $ 8.79 , $ 16.20 ,
B2541I005,"1 1/2"" WIDE ANGLE GREY STAIN ",Natural MonB,1.5625,0.5000, $ 2.61 , $ 4.52 , $ 7.98 , $ 14.30 ,
B2541I006,"1 1/2"" WIDE ANGLE DARK NATURAL  STAIN",Natural MonB,1.5625,0.5000, $ 3.07 , $ 5.27 , $ 8.79 , $ 16.20 ,
B2541I125,"1 1/2"" WIDE ANGLE SATIN WHITE",Satin MonB,1.5625,0.5000, $ 3.57 , $ 6.08 , $ 9.69 , $ 18.20 ,
B2541I117,"1 1/2"" WIDE ANGLE SATIN BLACK ",Satin MonB,1.5625,0.5000, $ 3.57 , $ 6.08 , $ 9.69 , $ 18.20 ,
B2541I130,"1 1/2"" WIDE ANGLE SATIN GREY ",Satin MonB,1.5625,0.5000, $ 3.57 , $ 6.08 , $ 9.69 , $ 18.20 ,
B1414F117,"1/2"" ROUNDED SATIN BLACK",Satin MonB,0.5625,0.3750, $ 2.37 , $ 4.13 , $ 7.55 , $ 13.30 ,
B1414F125,"1/2"" ROUNDED SATIN WHITE",Satin MonB,0.5625,0.3750, $ 2.37 , $ 4.13 , $ 7.55 , $ 13.30 ,
B1319F117,"3/4"" SATIN BLACK",Satin MonB,0.7500,0.3750, $ 2.54 , $ 4.42 , $ 7.86 , $ 14.00 ,
B1319F125,"3/4"" SATIN WHITE",Satin MonB,0.7500,0.3750, $ 2.54 , $ 4.42 , $ 7.86 , $ 14.00 ,
B3039S117,"1 1/2"" SATIN BLACK SCOOP",Satin MonB,1.5000,0.4375, $ 4.73 , $ 7.97 , $ 11.77 , $ 22.90 ,
B3039S125,"1 1/2"" SATIN WHITE SCOOP",Satin MonB,1.5000,0.4375, $ 4.73 , $ 7.97 , $ 11.77 , $ 22.90 ,
B5119C333,"3/4"" TALL GOLD W/ DARK GREY SIDES",Metallic MonB,0.7500,1.7500, $ 3.52 , $ 6.00 , $ 9.60 , $ 18.00 ,
B5119C444,"3/4"" TALL SILVER W/ DARK GREY SIDES",Metallic MonB,0.7500,1.7500, $ 3.52 , $ 6.00 , $ 9.60 , $ 18.00 ,
B5119C555,"3/4"" TALL GOLD W/ NATURAL  SIDES",Metallic MonB,0.7500,1.7500, $ 3.52 , $ 6.00 , $ 9.60 , $ 18.00 ,
B5119C666,"3/4"" TALL SILVER W/ NATURAL SIDES",Metallic MonB,0.7500,1.7500, $ 3.52 , $ 6.00 , $ 9.60 , $ 18.00 ,
B5119C117,"3/4"" TALL SATIN BLACK CAP",Satin MonB,0.7500,1.7500, $ 3.87 , $ 6.58 , $ 10.23 , $ 19.40 ,
B5119C125,"3/4"" TALL SATIN WHITE CAP",Satin MonB,0.7500,1.7500, $ 3.87 , $ 6.58 , $ 10.23 , $ 19.40 ,
B5119C130,"3/4"" TALL SATIN GREY CAP",Satin MonB,0.7500,1.7500, $ 3.87 , $ 6.58 , $ 10.23 , $ 19.40 ,
B2221P03,7/8'' OAK CUBE,MonB Nouvelle Woods,0.8750,0.5625, $ 2.33 , $ 4.07 , $ 7.48 , $ 13.20 ,
B2221P05,7/8'' MODERN WALNUT CUBE,MonB Nouvelle Woods,0.8750,0.5625, $ 2.33 , $ 4.07 , $ 7.48 , $ 13.20 ,
B2221P06,7/8'' LIGHT GREY WALNUT CUBE,MonB Nouvelle Woods,0.8750,0.5625, $ 2.33 , $ 4.07 , $ 7.48 , $ 13.20 ,
B2221P11,7/8'' BLACK GRAIN CUBE,MonB Nouvelle Woods,0.8750,0.5625, $ 2.33 , $ 4.07 , $ 7.48 , $ 13.20 ,
B3038P03,1 1/2'' FLAT OAK,MonB Nouvelle Woods,1.5000,1.0000, $ 4.43 , $ 7.48 , $ 11.23 , $ 21.70 ,
B3038P05,1 1/2'' FLAT MODERN WALNUT,MonB Nouvelle Woods,1.5000,1.0000, $ 4.43 , $ 7.48 , $ 11.23 , $ 21.70 ,
B3038P06,1 1/2'' FLAT LIGHT GREY WALNUT,MonB Nouvelle Woods,1.5000,1.0000, $ 4.43 , $ 7.48 , $ 11.23 , $ 21.70 ,
B3038P11,1 1/2'' FLAT BLACK GRAIN,MonB Nouvelle Woods,1.5000,1.0000, $ 4.43 , $ 7.48 , $ 11.23 , $ 21.70 ,
B3220P03,3/4'' OAK CAP,MonB Nouvelle Woods,0.7500,1, $ 2.78 , $ 4.81 , $ 8.29 , $ 15.00 ,
B3220P05,3/4'' MODERN WALNUT CAP,MonB Nouvelle Woods,0.7500,1, $ 2.78 , $ 4.81 , $ 8.29 , $ 15.00 ,
B3220P06,3/4'' LIGHT GREY WALNUT CAP,MonB Nouvelle Woods,0.7500,1, $ 2.78 , $ 4.81 , $ 8.29 , $ 15.00 ,
B3220P11,3/4'' BLACK GRAIN CAP,MonB Nouvelle Woods,0.7500,1, $ 2.78 , $ 4.81 , $ 8.29 , $ 15.00 ,
B3540P03,SMALL OAK FLOATER,MonB Nouvelle Woods,0.3750,0.8750, $ 4.83 , $ 8.12 , $ 11.94 , $ 23.30 ,
B3540P05,SMALL MODERN WALNUT FLOATER,MonB Nouvelle Woods,0.3750,0.8750, $ 4.83 , $ 8.12 , $ 11.94 , $ 23.30 ,
B3540P06,SMALL LIGHT GREY WALNUT FLOATER,MonB Nouvelle Woods,0.3750,0.8750, $ 4.83 , $ 8.12 , $ 11.94 , $ 23.30 ,
B3540P11,SMALL BLACK GRAIN FLOATER,MonB Nouvelle Woods,0.3750,0.8750, $ 4.83 , $ 8.12 , $ 11.94 , $ 23.30 ,
B5119P03,3/4'' TALL OAK,MonB Nouvelle Woods,0.7500,1.7500, $ 3.52 , $ 6.01 , $ 9.61 , $ 18.00 ,
B5119P05,3/4'' TALL MODERN WALNUT,MonB Nouvelle Woods,0.7500,1.7500, $ 3.52 , $ 6.01 , $ 9.61 , $ 18.00 ,
B5119P06,3/4'' TALL LIGHT GREY WALNUT,MonB Nouvelle Woods,0.7500,1.7500, $ 3.52 , $ 6.01 , $ 9.61 , $ 18.00 ,
B5119P11,3/4'' TALL BLACK GRAIN,MonB Nouvelle Woods,0.7500,1.7500, $ 3.52 , $ 6.01 , $ 9.61 , $ 18.00 ,
B5134P03,TALL OAK FLOATER,MonB Nouvelle Woods,0.3750,1.5625, $ 5.68 , $ 9.51 , $ 13.46 , $ 26.80 ,
B5134P05,TALL MODERN WALNUT FLOATER,MonB Nouvelle Woods,0.3750,1.5625, $ 5.68 , $ 9.51 , $ 13.46 , $ 26.80 ,
B5134P06,TALL LIGHT GREY WALNUT FLOATER,MonB Nouvelle Woods,0.3750,1.5625, $ 5.68 , $ 9.51 , $ 13.46 , $ 26.80 ,
B5134P11,TALL BLACK GRAIN FLOATER,MonB Nouvelle Woods,0.3750,1.5625, $ 5.68 , $ 9.51 , $ 13.46 , $ 26.80 ,
