ITEM,description,fortybysixty,UPC,cost,group
A26200,ARTQ RAG WINTER WHITE 3240 2PL,32x40,720472337366,11.34,Matboard
A3501,ARTQ LINEN MOON 32X40,32x40,720472337229,59.17,Matboard
A3506,ARTQ LINEN DESERT 32X40,32x40,720472337274,59.17,Matboard
A3509,ARTQ LINEN CARBON 32X40,32x40,720472337588,59.17,Matboard
A3510,ARTQ LINEN DRIFTWOOD 32X40,32x40,731717633303,39.37,Matboard
A3511,ARTQ LINEN BLUESTONE 32X40,32x40,731717633310,39.37,Matboard
A3512,ARTQ LINEN OWL GREY 32X40,32x40,731717633327,39.37,Matboard
A3513,ARTQ LINEN PEPPER 32X40,32x40,731717633334,39.37,Matboard
A3514,ARTQ LINEN MYSTIC GREY 32X40,32x40,731717633341,39.37,Matboard
A3515,ARTQ LINEN SAILCLOTH 32X40,32x40,731717633358,39.37,Matboard
A3516,ARTQ LINEN RIVER ROCK 32X40,32x40,731717633365,39.37,Matboard
A3517,ARTQ LINEN LICORICE 32X40,32x40,731717633372,59.16,Matboard
A3518,ARTQ LINEN GREY FLANNEL 32X40,32x40,731717633389,59.16,Matboard
A3519,ARTQ LINEN FEATHER 32X40,32x40,731717633396,59.16,Matboard
A3700,ARTQ SUEDE CHILI PEPPER 32X40,32x40,720472337281,35.74,Matboard
A3701,ARTQ SUEDE SYRAH 32X40,32x40,720472337298,35.74,Matboard
A3702,ARTQ SUEDE MINK 32X40,32x40,720472337304,35.74,Matboard
A3703,ARTQ SUEDE RAINFOREST 32X40,32x40,720472337311,35.74,Matboard
A3704,ARTQ SUEDE BERMUDA 32X40,32x40,720472337328,35.74,Matboard
A3705,ARTQ SUEDE COBALT 32X40,32x40,720472337335,35.74,Matboard
A3706,ARTQ SUEDE JET BLACK 32X40,32x40,720472337342,35.74,Matboard
A3800,ARTQ SUEDE JET BLACK 40X60,40x60,720472337359,67.91,Matboard
A4101,ARTIQUE WHITE 40X60,40x60,720472330602,30,Matboard
A4102,ARTIQUE OFF WHITE 40X60,40x60,720472330619,30,Matboard
A4103,ARTIQUE IVORY 40X60,40x60,720472330626,30,Matboard
A4104,ARTIQUE DEVONSHIRE 40X60,40x60,720472330633,30,Matboard
A4105,ARTIQUE TRUE BLACK 40X60,40x60,720472330640,30,Matboard
A4107,ARTIQUE LOGANBERRY 40X60,40x60,720472330664,30,Matboard
A4108,ARTIQUE ADMIRALTY 40X60,40x60,720472330671,30,Matboard
A4109,ARTIQUE EMERALD 40X60,40x60,720472330688,30,Matboard
A4110,ARTIQUE HERITAGE BLUE 40X60,40x60,720472330695,30,Matboard
A4111,ARTIQUE MAGNOLIA 40X60,40x60,720472330701,30,Matboard
A4112,ARTIQUE LINEN 40X60,40x60,720472330718,30,Matboard
A4113,ARTIQUE SNOW WHITE 40X60,40x60,720472330725,30,Matboard
A4114,ARTIQUE SILVER GHOST 40X60,40x60,720472330732,30,Matboard
A4115,ARTIQUE PEBBLE 40X60,40x60,720472330749,30,Matboard
A4117,ARTIQUE LAVENDER 40X60,40x60,720472330763,30,Matboard
A4118,ARTIQUE CHESTNUT 40X60,40x60,720472330770,30,Matboard
A4120,ARTIQUE THATCH 40X60,40x60,720472330794,30,Matboard
A4121,ARTIQUE PINEWOOD 40X60,40x60,720472330800,30,Matboard
A4122,ARTIQUE DUSKY PINK 40X60,40x60,720472330817,30,Matboard
A4124,ARTIQUE SPRUCE 40X60,40x60,720472330824,30,Matboard
A4125,ARTIQUE PEWTER 40X60,40x60,720472330831,30,Matboard
A4127,ARTIQUE RAVEN 40X60,40x60,720472330855,30,Matboard
A4128,ARTIQUE WHITECAP 40X60,40x60,720472334600,30,Matboard
A4129,ARTIQUE INK 40X60,40x60,720472334617,30,Matboard
A4130,ARTIQUE MARINER 40X60,40x60,720472334624,30,Matboard
A4131,ARTIQUE MIRO 40X60,40x60,720472334631,30,Matboard
A4132,ARTIQUE FOREST 40X60,40x60,720472334648,30,Matboard
A4133,ARTIQUE CYPRESS 40X60,40x60,720472334655,30,Matboard
A4134,ARTIQUE SANGRIA 40X60,40x60,720472334662,30,Matboard
A4135,ARTIQUE PARCHMENT 40X60,40x60,720472335539,30,Matboard
A4136,ARTIQUE STONEHENGE 40X60,40x60,720472335546,30,Matboard
A4138,ARTIQUE CHALK 40X60,40x60,720472335560,30,Matboard
A4139,ARTIQUE COAL 40X60,40x60,720472335577,30,Matboard
A4140,ARTIQUE ONYX 40X60,40x60,720472335676,30,Matboard
A4141,ARTIQUE NIGHT 40X60,40x60,720472335683,30,Matboard
A4142,ARTIQUE EVEREST 40X60,40x60,720472335690,30,Matboard
A4143,ARTIQUE DOVER WHITE 40X60,40x60,720472335706,30,Matboard
A4144,ARTIQUE OYSTER 40X60,40x60,720472335713,30,Matboard
A4145,ARTIQUE BUFF 40X60,40x60,720472335720,30,Matboard
A4146,ARTIQUE RAINIER 40X60,40x60,720472335812,30,Matboard
A4147,ARTIQUE DIGITAL WHITE 40X60,40x60,720472335829,30,Matboard
A4148,ARTIQUE DRIZZLE 40X60,40x60,720472335836,28.57,Matboard
A4149,ARTIQUE GRAPHITE 40X60,40x60,720472335966,30,Matboard
A4150,ARTIQUE SAFFRON 40X60,40x60,720472335973,30,Matboard
A4151,ARTIQUE LAPIS 40X60,40x60,720472335980,30,Matboard
A4152,ARTIQUE BERRY RED 40X60,40x60,720472335997,30,Matboard
A4153,ARTIQUE BIRCH 40X60,40x60,720472336222,44.21,Matboard
A4154,ARTIQUE COTSWOLD GREY 40X60,40x60,720472336239,44.21,Matboard
A4155,ARTIQUE DAIRY 40X60,40x60,720472336345,44.21,Matboard
A4156,ARTIQUE SCHOLAR 40X60,40x60,720472336352,44.21,Matboard
A4157,ARTIQUE CANVAS 40X60,40x60,720472336369,44.21,Matboard
A4158,ARTIQUE IRON 40X60,40x60,720472336376,44.21,Matboard
A4700,ARTIQUE DAIRY 32X40,32x40,720472336246,23.23,Matboard
A4701,ARTIQUE SCHOLAR 32X40,32x40,720472336253,23.23,Matboard
A4702,ARTIQUE CERAMIC 32X40,32x40,720472336260,23.23,Matboard
A4703,ARTIQUE CENTURY 32X40,32x40,720472336277,23.23,Matboard
A4704,ARTIQUE LIMESTONE 32X40,32x40,720472336284,23.23,Matboard
A4705,ARTIQUE ANTIQUE 32X40,32x40,720472336291,23.23,Matboard
A4706,ARTIQUE SLATE 32X40,32x40,720472336307,23.23,Matboard
A4707,ARTIQUE PISGAH 32X40,32x40,720472336314,23.23,Matboard
A4708,ARTIQUE CANVAS 32X40,32x40,720472336321,23.23,Matboard
A4709,ARTIQUE IRON 32X40,32x40,720472336338,23.23,Matboard
A4800,ARTIQUE MACADAMIA 32X40,32x40,720472329965,12.78,Matboard
A4801,ARTIQUE PARCHMENT 32X40,32x40,720472329972,12.78,Matboard
A4802,ARTIQUE OYSTER 32X40,32x40,720472329989,12.78,Matboard
A4803,ARTIQUE WHITECAP 32X40,32x40,720472329996,12.78,Matboard
A4804,ARTIQUE EGGPLANT 32X40,32x40,720472330008,12.78,Matboard
A4805,ARTIQUE CINNABAR 32X40,32x40,720472330015,12.78,Matboard
A4806,ARTIQUE ANTIQUE BRICK 32X40,32x40,720472330022,12.78,Matboard
A4807,ARTIQUE TUDOR 32X40,32x40,720472330039,12.78,Matboard
A4809,ARTIQUE KHAKI 32X40,32x40,720472330053,12.78,Matboard
A4810,ARTIQUE CANYON 32X40,32x40,720472330060,12.78,Matboard
A4811,ARTIQUE PLATINUM 32X40,32x40,720472330077,12.78,Matboard
A4812,ARTIQUE SEASPRAY 32X40,32x40,720472330084,12.78,Matboard
A4813,ARTIQUE BLUE ASH 32X40,32x40,720472330091,12.78,Matboard
A4814,ARTIQUE JETTY 32X40,32x40,720472330107,12.78,Matboard
A4815,ARTIQUE GOBELIN 32X40,32x40,720472330114,12.78,Matboard
A4816,ARTIQUE HARBOR BLUE 32X40,32x40,720472330121,12.78,Matboard
A4817,ARTIQUE SEASIDE 32X40,32x40,720472330138,12.78,Matboard
A4818,ARTIQUE BRIDGEWATER 32X40,32x40,720472330145,12.78,Matboard
A4819,ARTIQUE TETON SKY 32X40,32x40,720472330152,12.78,Matboard
A4820,ARTIQUE BOTANICAL 32X40,32x40,720472330169,12.78,Matboard
A4821,ARTIQUE FOREST 32X40,32x40,720472330176,12.78,Matboard
A4822,ARTIQUE EVERGREEN 32X40,32x40,720472330183,12.78,Matboard
A4823,ARTIQUE ACORN 32X40,32x40,720472330190,12.78,Matboard
A4824,ARTIQUE ORCHID 32X40,32x40,720472330206,12.78,Matboard
A4825,ARTIQUE BALMORAL 32X40,32x40,720472330213,12.78,Matboard
A4826,ARTIQUE PUMICE 32X40,32x40,720472330220,12.78,Matboard
A4827,ARTIQUE IVY 32X40,32x40,720472330237,12.78,Matboard
A4828,ARTIQUE SHARROW BAY 32X40,32x40,720472330244,12.78,Matboard
A4830,ARTIQUE VANILLA BEAN 32X40,32x40,720472330268,12.78,Matboard
A4833,ARTIQUE GRAPHITE 32X40,32x40,720472330299,12.78,Matboard
A4834,ARTIQUE SANGRIA 32X40,32x40,720472330305,12.78,Matboard
A4835,ARTIQUE CYPRESS 32X40,32x40,720472330312,12.78,Matboard
A4836,ARTIQUE CLOVE 32X40,32x40,720472330329,12.78,Matboard
A4837,ARTIQUE BIRCH 32X40,32x40,720472330336,12.78,Matboard
A4838,ARTIQUE GREY FELL 32X40,32x40,720472330343,12.78,Matboard
A4840,ARTIQUE GULL 32X40,32x40,720472330367,12.78,Matboard
A4841,ARTIQUE GOLD METALLIC 32X40,32x40,720472330374,12.78,Matboard
A4842,ARTIQUE SILVER METALLIC 32X40,32x40,720472330381,12.78,Matboard
A4843,ARTIQUE INK 32X40,32x40,720472330398,12.78,Matboard
A4844,ARTIQUE MOSS 32X40,32x40,720472330404,12.78,Matboard
A4846,ARTIQUE CUSTARD 32X40,32x40,720472330428,12.78,Matboard
A4849,ARTIQUE NICKEL 32X40,32x40,720472330459,12.78,Matboard
A4851,ARTIQUE DOESKIN 32X40,32x40,720472330473,12.78,Matboard
A4852,ARTIQUE SAFFRON 32X40,32x40,720472330480,12.78,Matboard
A4853,ARTIQUE OLIVE 32X40,32x40,720472330497,12.78,Matboard
A4854,ARTIQUE MIRO 32X40,32x40,720472330503,12.78,Matboard
A4855,ARTIQUE MARINER 32X40,32x40,720472330510,12.78,Matboard
A4856,ARTIQUE NOTTINGHAM 32X40,32x40,720472330527,12.78,Matboard
A4857,ARTIQUE VINEYARD 32X40,32x40,720472330534,12.78,Matboard
A4858,ARTIQUE RAVEN 32X40,32x40,720472330541,12.78,Matboard
A4859,ARTIQUE STONEHENGE 32X40,32x40,720472330558,12.78,Matboard
A4860,ARTIQUE COTSWOLD GREY 32X40,32x40,720472330565,12.78,Matboard
A4861,ARTIQUE BUFF 32X40,32x40,720472330572,12.78,Matboard
A4862,ARTIQUE SNOWDRIFT 32X40,32x40,720472330589,12.78,Matboard
A4863,ARTIQUE SHEFFIELD 32X40,32x40,720472330596,12.78,Matboard
A4864,ARTIQUE COBBLESTONE 32X40,32x40,720472330879,12.78,Matboard
A4865,ARTIQUE DOVER WHITE 32X40,32x40,720472330886,12.78,Matboard
A4866,ARTIQUE EVEREST 32X40,32x40,720472330893,12.78,Matboard
A4868,ARTIQUE BRIDLE PATH 32X40,32x40,720472330916,12.78,Matboard
A4870,ARTIQUE IRIS 32X40,32x40,720472330930,12.78,Matboard
A4871,ARTIQUE MULBERRY 32X40,32x40,720472330947,12.78,Matboard
A4872,ARTIQUE THISTLE 32X40,32x40,720472330954,12.78,Matboard
A4873,ARTIQUE JARDIN 32X40,32x40,720472330961,12.78,Matboard
A4874,ARTIQUE CHALK 32X40,32x40,720472330978,12.78,Matboard
A4875,ARTIQUE COAL 32X40,32x40,720472330985,12.78,Matboard
A4876,ARTIQUE AGAVE 32X40,32x40,720472334679,12.78,Matboard
A4877,ARTIQUE ALOE 32X40,32x40,720472334686,12.78,Matboard
A4878,ARTIQUE LAPIS 32X40,32x40,720472334693,12.78,Matboard
A4879,ARTIQUE LAURA 32X40,32x40,720472334709,12.78,Matboard
A4880,ARTIQUE REED 32X40,32x40,720472334716,12.78,Matboard
A4881,ARTIQUE SEDONA 32X40,32x40,720472334723,12.78,Matboard
A4882,ARTIQUE TALCUM 32X40,32x40,720472334730,12.78,Matboard
A4883,ARTIQUE FRESCO 32X40,32x40,720472334747,12.78,Matboard
A4885,ARTIQUE DUNE 32X40,32x40,720472334761,12.78,Matboard
A4886,ARTIQUE BARLEY 32X40,32x40,720472334778,12.78,Matboard
A4901,ARTIQUE WHITE 32X40,32x40,720472329361,12.78,Matboard
A4902,ARTIQUE OFF WHITE 32X40,32x40,720472329378,12.78,Matboard
A4903,ARTIQUE IVORY 32X40,32x40,720472329385,12.78,Matboard
A4905,ARTIQUE SHALETONE 32X40,32x40,720472329408,12.78,Matboard
A4906,ARTIQUE DEVONSHIRE 32X40,32x40,720472329415,12.78,Matboard
A4907,ARTIQUE TRUE BLACK 32X40,32x40,720472329422,12.78,Matboard
A4908,ARTIQUE SAPPHIRE 32X40,32x40,720472329439,12.78,Matboard
A4909,ARTIQUE ROYAL BLUE 32X40,32x40,720472329446,12.78,Matboard
A4910,ARTIQUE ECRU 32X40,32x40,720472329453,12.78,Matboard
A4911,ARTIQUE LOGANBERRY 32X40,32x40,720472329460,12.78,Matboard
A4912,ARTIQUE ADMIRALTY 32X40,32x40,720472329477,12.78,Matboard
A4913,ARTIQUE EMERALD 32X40,32x40,720472329484,12.78,Matboard
A4914,ARTIQUE HERITAGE BLUE 32X40,32x40,720472329491,12.78,Matboard
A4915,ARTIQUE BERRY RED 32X40,32x40,720472329507,12.78,Matboard
A4916,ARTIQUE MAGNOLIA 32X40,32x40,720472329514,12.78,Matboard
A4917,ARTIQUE LINEN 32X40,32x40,720472329521,12.78,Matboard
A4918,ARTIQUE SNOW WHITE 32X40,32x40,720472329538,12.78,Matboard
A4920,ARTIQUE SILVER GHOST 32X40,32x40,720472329552,12.78,Matboard
A4921,ARTIQUE PEBBLE 32X40,32x40,720472329569,12.78,Matboard
A4924,ARTIQUE VERMILLION 32X40,32x40,720472329590,12.78,Matboard
A4926,ARTIQUE REGAL RED 32X40,32x40,720472329613,12.78,Matboard
A4927,ARTIQUE DIJON 32X40,32x40,720472329620,12.78,Matboard
A4928,ARTIQUE SUNSHINE 32X40,32x40,720472329637,12.78,Matboard
A4929,ARTIQUE WISTERIA 32X40,32x40,720472329644,12.78,Matboard
A4930,ARTIQUE OLIVE GREY 32X40,32x40,720472329651,12.78,Matboard
A4931,ARTIQUE LAVENDER 32X40,32x40,720472329668,12.78,Matboard
A4933,ARTIQUE AQUAMIST 32X40,32x40,720472329682,12.78,Matboard
A4934,ARTIQUE CHESTNUT 32X40,32x40,720472329699,12.78,Matboard
A4935,ARTIQUE MUSHROOM 32X40,32x40,720472329705,12.78,Matboard
A4937,ARTIQUE THATCH 32X40,32x40,720472329729,12.78,Matboard
A4938,ARTIQUE SEA 32X40,32x40,720472329736,12.78,Matboard
A4940,ARTIQUE MISTY JADE 32X40,32x40,720472329750,12.78,Matboard
A4941,ARTIQUE WEDGEWOOD 32X40,32x40,720472329767,12.78,Matboard
A4942,ARTIQUE SKY 32X40,32x40,720472329774,12.78,Matboard
A4943,ARTIQUE VICTORIA 32X40,32x40,720472329781,12.78,Matboard
A4944,ARTIQUE SEAWALL 32X40,32x40,720472329798,12.78,Matboard
A4945,ARTIQUE FERN 32X40,32x40,720472329804,12.78,Matboard
A4946,ARTIQUE PINEWOOD 32X40,32x40,720472329811,12.78,Matboard
A4947,ARTIQUE LILAC 32X40,32x40,720472329828,12.78,Matboard
A4950,ARTIQUE AMBER 32X40,32x40,720472329859,12.78,Matboard
A4952,ARTIQUE WALNUT 32X40,32x40,720472329873,12.78,Matboard
A4953,ARTIQUE DUSKY PINK 32X40,32x40,720472329880,12.78,Matboard
A4954,ARTIQUE POWDER 32X40,32x40,720472329897,12.78,Matboard
A4955,ARTIQUE AUBERGINE 32X40,32x40,720472329903,12.78,Matboard
A4957,ARTIQUE EMPIRE TURK 32X40,32x40,720472329927,12.78,Matboard
A4959,ARTIQUE SPRUCE 32X40,32x40,720472329941,12.78,Matboard
A4960,ARTIQUE PEWTER 32X40,32x40,720472329958,12.78,Matboard
A4961,ARTIQUE CRYSTAL 32X40,32x40,720472335584,12.78,Matboard
A4962,ARTIQUE BAY LEAF 32X40,32x40,720472335591,12.78,Matboard
A4963,ARTIQUE COCOA 32X40,32x40,720472335607,12.22,Matboard
A4964,ARTIQUE VEIL 32X40,32x40,720472335614,12.78,Matboard
A4965,ARTIQUE LEATHER 32X40,32x40,720472335621,12.78,Matboard
A4966,ARTIQUE MUSLIN 32X40,32x40,720472335638,12.78,Matboard
A4967,ARTIQUE MIDNIGHT BLUE 32X40,32x40,720472335645,12.78,Matboard
A4968,ARTIQUE ONYX 32X40,32x40,720472335652,12.78,Matboard
A4969,ARTIQUE NIGHT 32X40,32x40,720472335669,12.78,Matboard
A4970,ARTIQUE HEMLOCK 32X40,32x40,720472335737,12.78,Matboard
A4971,ARTIQUE CATTAIL 32X40,32x40,720472335744,12.78,Matboard
A4972,ARTIQUE RAINIER 32X40,32x40,720472335751,12.78,Matboard
A4973,ARTIQUE DRIZZLE 32X40,32x40,720472335768,12.78,Matboard
A4974,ARTIQUE MIST 32X40,32x40,720472335775,12.78,Matboard
A4975,ARTIQUE LICHEN 32X40,32x40,720472335782,12.78,Matboard
A4976,ARTIQUE COAST 32X40,32x40,720472335799,12.78,Matboard
A4977,ARTIQUE DIGITAL WHITE 32X40,32x40,720472335805,12.78,Matboard
A4979,ARTIQUE HENNA (RIPPLE) 32X40,32x40,720472335843,14.76,Matboard
A4980,ARTIQUE LENTIL (RIPPLE) 32X40,32x40,720472335850,14.76,Matboard
A4981,ARTIQUE CAMEL (RIPPLE) 32X40,32x40,720472335867,14.76,Matboard
A4982,ARTIQUE FOG (RIPPLE) 32X40,32x40,720472335874,14.76,Matboard
A4983,ARTIQUE CUMIN (RIPPLE) 32X40,32x40,720472335881,14.76,Matboard
A4984,ARTIQUE BERBER (RIPPLE) 32X40,32x40,720472335898,14.76,Matboard
A4985,ARTIQUE MINT TEA 32X40,32x40,720472335904,12.78,Matboard
A4986,ARTIQUE INDIGO 32X40,32x40,720472335911,12.78,Matboard
A4988,ARTIQUE KILIM RED 32X40,32x40,720472335935,12.78,Matboard
A4989,ARTIQUE DATE 32X40,32x40,720472335942,12.78,Matboard
A4990,ARTIQUE SAGE 32X40,32x40,720472335959,12.78,Matboard
A6100,ARTQ RAG WINTER WHITE 4060 4PL,32x40,720472337496,41.61,Matboard
A6200,ARTQ RAG WINTER WHITE 3240 4PL,32x40,720472337380,22.71,Matboard
A6201,ARTQ RAG DOWN 3240 4PLY,32x40,720472337397,22.71,Matboard
A6202,ARTQ RAG WHITEWASH 3240 4PLY,32x40,720472337489,22.71,Matboard
A6203,ARTQ RAG SWEET CREAM 3240 4PLY,32x40,720472337465,24.01,Matboard
A6204,ARTQ RAG NIGHTFALL 3240 4 PLY,32x40,720472337373,22.69,Matboard
A6205,ARTQ RAG OATMEAL 3240 4PLY,32x40,720472337441,24.02,Matboard
A6206,ARTQ RAG BAVARIAN CRM 3240 4PL,32x40,720472337403,24.02,Matboard
A6207,ARTQ RAG BUTTER PECAN 3240 4PL,32x40,720472337472,22.69,Matboard
A6208,ARTQ RAG SEASHELL 3240 4PLY,32x40,720472337434,24.03,Matboard
A6209,ARTQ RAG BISQUE 3240 4PLY,32x40,720472337410,24.02,Matboard
A6210,ARTQ RAG FRAPPE 3240 4PLY,32x40,720472337458,24.02,Matboard
A6211,ARTQ RAG MARBLE 3240 4PLY,32x40,720472337427,24.02,Matboard
A6400,ARTQ RAG WINTER WHITE 4872 4PL,32x40,720472337533,74.1,Matboard
A6500,ARTQ RAG WINTER WHITE 4896 4PL,32x40,720472337557,120.13,Matboard
A84101,WHITE 40X60 8PLY,40x60,720472336123,65.72,Matboard
A84118,CHESTNUT 40X60 8PLY,40x60,720472336208,75.5,Matboard
A84120,THATCH 40X60 8PLY,40x60,720472336154,65.72,Matboard
A84127,RAVEN 40X60 8PLY,40x60,720472336215,75.5,Matboard
A84141,NIGHT 40X60 8PLY,40x60,720472336185,75.5,Matboard
A84143,DOVER WHITE 40X60 8PLY,40x60,720472336130,65.72,Matboard
A84144,OYSTER 40X60 8PLY,40x60,720472336147,65.72,Matboard
A84147,DIGITAL WHITE 40X60 8PLY,40x60,720472336116,65.72,Matboard
A84149,GRAPHITE 40X60 8PLY,40x60,720472336192,75.5,Matboard
A84153,BIRCH 40X60 8PLY,40x60,720472336161,65.72,Matboard
A84154,COTSWOLD GREY 40X60 8PLY,40x60,720472336178,65.72,Matboard
A84802,OYSTER 32X40 8PLY,32x40,720472336031,32.13,Matboard
A84833,GRAPHITE 32X40 8PLY,32x40,720472336086,40.71,Matboard
A84837,BIRCH 32X40 8PLY,32x40,720472336055,32.13,Matboard
A84858,RAVEN 32X40 8PLY,32x40,720472336109,40.71,Matboard
A84860,COTSWOLD GREY 32X40 8PLY,32x40,720472336062,32.13,Matboard
A84865,DOVER WHITE 32X40 8PLY,32x40,720472336024,32.13,Matboard
A84901,WHITE 32X40 8PLY,32x40,720472336017,32.13,Matboard
A84934,CHESTNUT 32X40 8PLY,32x40,720472336093,40.71,Matboard
A84937,THATCH 32X40 8PLY,32x40,720472336048,32.13,Matboard
A84969,NIGHT 32X40 8PLY,32x40,720472336079,40.71,Matboard
A84977,DIGITAL WHITE 32X40 8PLY,32x40,720472336000,32.13,Matboard
A86100,ARTQ RAG WINTER WHITE 4060 8PL,32x40,720472337540,99.85,Matboard
A86200,ARTQ RAG WINTER WHITE 3240 8PL,32x40,720472337502,51.1,Matboard
A86201,ARTQ RAG DOWN 3240 8PLY,32x40,720472337519,51.12,Matboard
AQ2200,ARQ PROD EBONY 32X40 (PK=25),32x40,,128.52,Matboard
AQ2201,ARQ PROD DOVE 32X40 (PK=25),32x40,,127.99,Matboard
AQ2202,ARQ PROD MILK 32X40 (PK=25),32x40,,128.41,Matboard
AQ2203,ARQ PROD PEARL 32X40 (PK=25),32x40,,128.49,Matboard
AQ2204,ARQ PROD BONE 32X40 (PK=25),32x40,,128.27,Matboard
AQ2207,ARQ PROD LATTE 32X40 (PK=25),32x40,,128.35,Matboard
AQ2209,ARQ PROD GARDENIA 32X40 PK=25,32x40,,147.93,Matboard
AQ2210,ARQ PROD HAZELNUT 32X40 PK=25,32x40,,148.05,Matboard
AQ2212,ARQ PROD QUARRY 32X40 (PK=25),32x40,,128.56,Matboard
AQ2213,ARQ PROD STEM 32X40 (PK=25),32x40,,98.36,Matboard
AQ2214,ARQ PROD WAVE 32X40 (PK=25),32x40,,131.53,Matboard
AQ2216,ARQ PROD DAFFODIL 32X40 PK=25,32x40,,98.51,Matboard
AQ2217,ARQ PROD CLEMENTINE 32X40 PK25,32x40,,147.73,Matboard
AQ2219,ARQ PROD ESPRESSO 32X40 PK=25,32x40,,148.19,Matboard
AQ29200,ARQ PROD EBONY 40X60 (PK=20),40x60,,273.19,Matboard
AQ29201,ARQ PROD DOVE 40X60 (PK=20),40x60,,284.43,Matboard
AQ29203,ARQ PROD PEARL 40X60 (PK=20),40x60,,278.55,Matboard
AQ5001,ARQ WC 5pk BLIZZARD 32X40,32x40,,38.73,Matboard
AQ5007,ARQ WC 5pk MOCHA 32X40,32x40,,38.73,Matboard
AQ5011,ARQ WC 5pk BLACK 32X40,32x40,,38.73,Matboard
AQ5065,ARQ WC 5PK HAYSEED 32X40,32x40,,38.73,Matboard
AQ5145,ARQ WC 5pk ALABASTER 32X40,32x40,,38.73,Matboard
AQ5151,ARQ WC 5pk BEAUJOLAIS 32X40,32x40,,38.73,Matboard
AQ5173,ARQ WC 5pk KENDAL GREEN 32X40,32x40,,38.73,Matboard
AQ5213,ARQ WC 5pk CREAM 32X40,32x40,,38.73,Matboard
AQ5246,ARQ WC 5pk GOLD 32X40,32x40,,38.73,Matboard
AQ5627,ARQ WC 5pk MINUET 32X40,32x40,,38.73,Matboard
AQ5632,ARQ WC 5pk PALE GREY 32X40,32x40,,38.73,Matboard
AQ5640,ARQ WC 5pk IMPERIAL BLUE 32X40,32x40,,38.73,Matboard
AQ5661,ARQ WC 5pk AVILLON WHT 32X40,32x40,,38.73,Matboard
AQ5686,ARQ WC 5pk OCEAN BLUE 32X40,32x40,,38.73,Matboard
AQ5698,ARQ WC 5pk GLACIER 32X40,32x40,,38.73,Matboard
AQ5699,ARQ WC 5pk FOOTBALL RED 32X40,32x40,,38.73,Matboard
AQ5701,ARQ WC 5pk PICKET FENCE 32X40,32x40,,38.73,Matboard
AQ5751,ARQ WC 5pk BLANC 32X40,32x40,,38.73,Matboard
AQ59627,ARQ WC 5pk MINUET 40X60,40x60,,85.98,Matboard
AQ5968,ARQ WC 5pk VINYL 32X40,32x40,,38.73,Matboard
AQ5977,ARQ WC 5pk WINTER WHITE 32X40,32x40,,38.73,Matboard
AQW2101,ARQ PROD DOVE WC 32X40 (PK=25),32x40,,156.79,Matboard
AQW2200,ARQ PROD EBONY WC 32X40 PK=25,32x40,,151.47,Matboard